tree
version=v4
num_class=1
num_tree_per_iteration=1
label_index=0
max_feature_idx=13
objective=binary sigmoid:1
feature_names=Column_0 Column_1 Column_2 Column_3 Column_4 Column_5 Column_6 Column_7 Column_8 Column_9 Column_10 Column_11 Column_12 Column_13
feature_infos=[0.0070781766508057698:4.3071494641652475] [0.00043251361043256125:0.38518451518992586] [0.29672925089386742:50] [0.00030476521117973903:7.323415161786091] [0.01:2] [0.012967748942038716:0.99643383208001879] [1.5:24.518282447194128] [0.40000000000000002:3.5] [0.40000000000000002:4] [0.0024241445223614094:0.59999999999999998] [20:90] [0:1] [0:1] [0:4]
tree_sizes=1668 1724 1710 1736 1724 1735 1728 1721 1722 1726 1718 1722 1731 1717 1735 1725 1724 1716 1718 1732 1732 1736 1742 1732 1727 1728 1731 1730 1736 1735 1723 1733 1729 1724 1729 1734 1736 1729 1720 1727 1722 1727 1728 1727 1732 1730 1728 1716 1711 1716 1729 1725 1732 1715 1721 1716 1735 1724 1739 1717 1737 1729 1723 1741 1731 1736 1734 1732 1725 1723 1729 1729 1725 1732 1734 1737 1722 1718 1714 1720 1741 1718 1724 1733 1737 1733 1723 1732 1738 1744 1722 1724 1724 1729 1724 1738 1717 1727 1715 1735 1729 1731 1724 1729 1719 1723 1728 1729 1725 1728 1735 1739 1720 1725 1727 1736 1729 1733 1740 1721 1733 1733 1711 1735 1734 1732 1736 1727 1741 1727 1723 1720 1723 1728 1735 1729 1722 1722 1726 1743 1736 1725 1727 1728 1730 1722 1730 1734 1727 1730 1729 1729 1726 1730 1735 1715 1737 1727 1731 1732 1734 1731 1730 1730 1725 1724 1726 1730 1737 1737 1736 1739 1726 1735 1728 1725 1716 1713 1752 1726 1736 1734 1730 1737 1720 1743 1734 1730 1728 1736 1727 1720 1726 1736 1728 1723 1724 1737 1745 1722 1729 1734 1726 1726 1729 1720 1739 1725 1723 1730 1733 1733 1726 1735 1742 1731 1734 1733 1729 1725 1739 1743 1741 1731 1725 1723 1728 1734 1723 1733 1722 1730 1729 1710 1732 1733 1738 1742 1736 1731 1738 1736 1731 1727 1738 1735 1728 1721 1733 1717

Tree=0
num_leaves=15
num_cat=0
split_feature=13 2 2 10 8 9 7 8 13 11 10 5 9 1
split_gain=52.2098 33.1867 23.3047 22.8692 18.752 15.1653 20.2613 11.8205 11.1439 12.9652 12.3808 8.759 8.22474 8.45026
threshold=1.0000000180025095e-35 3.6588126424365832 3.4910547386785336 68.053717528748962 3.5596529960341701 0.27961558394732816 1.357999808187049 2.7737568187593751 3.0000000000000004 1.0000000180025095e-35 46.205316274632814 0.52114146100322689 0.25859818824559561 0.11107636680737733
decision_type=2 2 2 2 2 2 2 2 2 2 2 2 2 2
left_child=2 4 -1 5 8 -3 -7 -4 9 -2 -10 -5 -12 -14
right_child=1 3 7 11 -6 6 -8 -9 10 -11 12 -13 13 -15
leaf_value=-1.6793481638673415 -1.6727827371848403 -1.6447047498942178 -1.6522526148291239 -1.6012036103155818 -1.5817854432292391 -1.6347892339409269 -1.5352529978067599 -1.586150372514197 -1.6780255403110751 -1.6411805379451936 -1.6423551459081531 -1.5210745383751119 -1.5845955197577481 -1.6456383966883161
leaf_weight=175.65208581089973 81.620208844542503 39.123736470937729 60.844155684113503 9.4436605274677294 9.0389322191476804 12.681486994028093 8.0945661664009076 6.6105623692274085 13.895671918988226 52.614680081605911 37.774642109870911 7.4200189858674994 15.919313460588457 8.9040227830409986
leaf_count=1302 605 290 451 70 67 94 60 49 103 390 280 55 118 66
internal_value=-1.65266 -1.6386 -1.6698 -1.61052 -1.64855 -1.62587 -1.5924 -1.6449 -1.65174 -1.6604 -1.63662 -1.56055 -1.62718 -1.60537
internal_weight=539.638 296.531 243.107 76.7635 219.767 59.8998 20.7761 67.4547 210.729 134.235 76.4937 16.8637 62.598 24.8233
internal_count=4000 2198 1802 569 1629 444 154 500 1562 995 567 125 464 184
is_linear=0
shrinkage=1


Tree=1
num_leaves=15
num_cat=0
split_feature=13 2 3 10 7 9 7 1 11 13 9 6 4 9
split_gain=47.4084 29.0816 22.7904 18.9014 16.9271 13.0304 16.3819 12.9375 10.3109 11.0415 9.80917 9.51955 11.3051 7.95551
threshold=1.0000000180025095e-35 3.6588126424365832 0.26210545862776863 68.053717528748962 2.7070267714473277 0.27961558394732816 1.357999808187049 0.10352288186839669 1.0000000180025095e-35 3.0000000000000004 0.29182788900923673 6.7091895603479381 0.091982135149134725 0.066898595168777289
decision_type=2 2 2 2 2 2 2 2 2 2 2 2 2 2
left_child=2 4 -1 5 8 -3 -7 -6 9 -2 -11 -4 -13 -10
right_child=1 3 11 -5 7 6 -8 -9 13 10 -12 12 -14 -15
leaf_value=-0.026305345739800992 -0.019661880824444679 0.0075250713464580015 -0.00570117993285622 0.083181962510016194 0.0059869855883926924 0.016846074643842437 0.10445352068563812 0.10871908154285639 -0.030856354515858133 -0.0057821076928486785 0.042373051359090114 0.069387811151462336 0.001144180541271411 0.019036994647809641
leaf_weight=170.26441587507725 79.769184574484825 39.335101693868637 46.512822106480598 17.86909855902195 5.9702070355415326 12.835619628429415 8.7490323185920698 5.5766414403915405 8.0117263495922071 29.812931820750237 15.221165150403975 10.310881808400156 13.167643666267393 75.953903347253799
leaf_count=1283 599 290 345 125 43 94 60 40 59 220 110 76 98 558
internal_value=2.63345e-05 0.0132928 -0.0164763 0.0391595 0.00390727 0.0251119 0.0554092 0.0603129 0.000514874 -0.00857607 0.0110609 0.00746807 0.0327245 0.0139692
internal_weight=539.36 299.105 240.256 78.7889 220.316 60.9198 21.5847 11.5468 208.769 124.803 45.0341 69.9913 23.4785 83.9656
internal_count=4000 2198 1802 569 1629 444 154 83 1546 929 330 519 174 617
is_linear=0
shrinkage=0.05


Tree=2
num_leaves=15
num_cat=0
split_feature=0 8 8 1 3 9 10 5 0 6 5 5 0 1
split_gain=47.2767 18.0211 16.7635 15.2044 9.20324 8.63576 8.89844 8.37037 10.3173 8.49529 7.48762 5.70057 6.69932 7.23393
threshold=0.29467142722099288 3.5596529960341701 2.7124515976455625 0.08233859199859199 0.25972064368768172 0.24107704759443147 66.289626812347592 0.2934304306059457 0.16717015464385343 5.2917507922165958 0.52363007044677856 0.59636771154414581 0.70846057585785249 0.025005484364163267
decision_type=2 2 2 2 2 2 2 2 2 2 2 2 2 2
left_child=2 4 5 -3 11 6 -1 -7 9 -9 -4 -2 13 -13
right_child=1 3 10 -5 -6 7 -8 8 -10 -11 -12 12 -14 -15
leaf_value=-0.0044885687609224909 -0.018040100058150026 -0.015580446034221877 0.03254314032633137 0.074759741634944962 0.006480732454492791 -0.0037010561216013435 0.042033998219393465 0.11309079179029453 0.024761677015984952 0.030204851894775134 0.11427277929737992 0.031492859622217588 0.0056195579139989866 -0.024457854677840368
leaf_weight=39.941468492150307 215.68986578285694 7.1626387238502529 6.1058977693319303 10.91408848762512 71.677071005105972 9.8026186078786832 12.767564624547957 7.7006249874830228 22.080537065863609 6.3046154975891113 6.765216127038002 5.7067371010780326 69.907137930393219 46.509781613945961
leaf_count=294 1623 53 43 77 528 70 90 54 158 45 46 43 526 350
internal_value=4.2163e-05 -0.0075295 0.028894 0.0400235 -0.00972108 0.0213968 0.00735327 0.0370268 0.0478919 0.0802783 0.0806425 -0.0131678 -0.00448578 -0.0178661
internal_weight=539.036 427.567 111.469 18.0767 409.491 98.5974 52.709 45.8884 36.0858 14.0052 12.8711 337.814 122.124 52.2165
internal_count=4000 3200 800 130 3070 711 384 327 257 99 89 2542 919 393
is_linear=0
shrinkage=0.05


Tree=3
num_leaves=15
num_cat=0
split_feature=13 0 3 8 1 5 9 8 13 6 4 9 7 9
split_gain=42.9536 26.5676 19.619 15.2515 16.8196 12.1142 11.3921 9.74166 9.22783 8.40149 9.36956 8.36838 7.08938 6.67777
threshold=1.0000000180025095e-35 0.29467142722099288 0.26210545862776863 2.6050051431333521 0.076690019812156243 0.72344397443952024 0.24107704759443147 1.0871034161698543 3.0000000000000004 6.7091895603479381 0.091982135149134725 0.20312378911605469 1.8608295261396242 0.061603066026959745
decision_type=2 2 2 2 2 2 2 2 2 2 2 2 2 2
left_child=2 5 12 6 -5 7 11 -2 -8 -4 -11 13 -1 -3
right_child=1 3 9 4 -6 -7 8 -9 -10 10 -12 -13 -14 -15
leaf_value=-0.030035448630754854 -0.0010950379812238783 -0.035619378763998844 -0.0062965241245936153 -0.0092173669985423975 0.061628548916482367 0.083412708587231044 0.00025048195510449722 0.044240399766076563 0.032199969328701596 0.061473844490507502 0.00045211058018094125 -0.042594517550212881 -0.0032447998711647077 0.0008038914011692024
leaf_weight=135.69042824208736 17.758596032857895 14.16081780195236 46.921536758542061 13.084777802228926 21.192187815904617 12.561777979135512 62.791050121188164 34.32720872759819 34.322661936283112 10.962991744279863 13.298158496618269 17.360828056931496 30.455599159002304 73.790592730045319
leaf_count=1050 126 107 345 97 149 85 470 237 246 76 98 130 233 551
internal_value=6.54701e-05 0.0125775 -0.015808 0.00475067 0.0350894 0.0407261 -0.00053385 0.0290539 0.0117554 0.00609753 0.0293682 -0.0118704 -0.0251734 -0.00539503
internal_weight=538.679 301.35 237.329 236.703 34.277 64.6476 202.426 52.0858 97.1137 71.1827 24.2612 105.312 166.146 87.9514
internal_count=4000 2198 1802 1750 246 448 1504 363 716 519 174 788 1283 658
is_linear=0
shrinkage=0.05


Tree=4
num_leaves=15
num_cat=0
split_feature=13 0 2 7 10 1 9 9 7 8 10 8 9 5
split_gain=38.9074 23.2406 17.5936 13.6514 12.7849 12.5829 11.0862 10.4642 10.4422 8.99913 7.89531 7.43305 9.12055 7.33024
threshold=1.0000000180025095e-35 0.29467142722099288 3.4910547386785336 2.5758138003895956 71.958298396521442 0.10420940294931054 0.27961558394732816 0.24107704759443147 1.4080518857162128 2.7737568187593751 70.913533311371637 1.6466536546607469 0.19598064516584426 0.72344397443952024
decision_type=2 2 2 2 2 2 2 2 2 2 2 2 2 2
left_child=2 4 -1 7 6 -5 13 10 -8 11 -3 12 -4 -2
right_child=1 3 9 5 -6 -7 8 -9 -10 -11 -12 -13 -14 -15
leaf_value=-0.023979238791121796 -0.0021254944996871639 -0.014745503334676523 -0.014692735263022175 0.0047709779846547735 0.085286703262931557 0.092619649128355186 0.023469437895003917 0.012479095997838892 0.096050965317067916 0.054921392157414262 0.020681796287180379 -0.02300340606920559 0.032868027784777605 0.054918468516162937
leaf_weight=165.76265117526054 28.426847562193871 97.776227556169033 16.984615609049797 8.3926634490489942 10.934249654412268 7.1421615183353415 12.750876635313036 106.31304042041302 8.1739947795867902 7.2799074202775946 17.798375308513641 22.377246305346489 22.283045589923859 6.0023637413978568
leaf_count=1302 202 736 125 60 69 45 87 777 49 49 132 164 162 41
internal_value=6.17311e-05 0.0118608 -0.0151931 0.00448945 0.0378036 0.0483184 0.0270772 0.00121787 0.0549101 0.00597803 -0.00915912 -0.000586348 0.0124424 0.0090889
internal_weight=538.398 303.711 234.687 237.422 66.2883 15.5348 55.3541 221.888 20.9249 68.9248 115.575 61.6449 39.2677 34.4292
internal_count=4000 2198 1802 1750 448 105 379 1645 136 500 868 451 287 243
is_linear=0
shrinkage=0.05


Tree=5
num_leaves=15
num_cat=0
split_feature=13 0 3 8 1 5 5 9 8 9 6 4 7 5
split_gain=35.3721 20.5449 17.2659 12.5565 13.5368 9.47948 9.02352 8.20605 8.00309 7.76772 7.42515 7.84526 6.72413 8.78761
threshold=1.0000000180025095e-35 0.29467142722099288 0.26210545862776863 2.6050051431333521 0.076690019812156243 0.87555491610862479 0.72344397443952024 0.24107704759443147 1.0871034161698543 0.20632923327099792 6.7091895603479381 0.091982135149134725 2.0499837113149182 0.62153169682309306
decision_type=2 2 2 2 2 2 2 2 2 2 2 2 2 2
left_child=2 6 12 5 -5 7 8 9 -2 -3 -4 -12 -1 -14
right_child=1 3 10 4 -6 -7 -8 -9 -10 -11 11 -13 13 -15
leaf_value=-0.027813800554559388 -0.0019895677552480163 -0.0069813121903907318 -0.0059615233152145418 -0.0089573116077612466 0.05400215974235565 0.045608827194868223 0.070563371661138366 0.0075244747935875617 0.038574756821311361 -0.045536311679439168 0.055894638878149397 0.00059780468033672658 -0.019690600937334209 0.042936406549838241
leaf_weight=137.53217726945877 17.971652761101723 85.153860025107861 46.669936746358871 13.027464643120764 22.454272702336311 9.5334180593490583 13.701787933707235 93.282081291079521 35.995169252157211 14.555664554238318 11.457935363054277 13.266922578215597 15.824734866619112 7.3975217789411536
leaf_count=1103 126 644 345 97 149 70 85 677 237 113 76 98 124 56
internal_value=8.26605e-05 0.0112422 -0.0145965 0.00427167 0.0312741 -0.000589483 0.0353399 -0.00309494 0.0252759 -0.0130059 0.00581085 0.0274 -0.0236398 0.0012084
internal_weight=537.825 305.675 232.149 238.007 35.4817 202.525 67.6686 192.992 53.9668 99.7095 71.3948 24.7249 160.754 23.2223
internal_count=4000 2198 1802 1750 246 1504 448 1434 363 757 519 174 1283 180
is_linear=0
shrinkage=0.05


Tree=6
num_leaves=15
num_cat=0
split_feature=13 0 3 8 1 10 9 2 9 13 9 10 5 7
split_gain=32.0624 18.0664 15.9876 11.1281 11.722 10.6166 9.38167 8.93567 8.53928 8.01828 7.57354 6.7326 7.95858 6.3957
threshold=1.0000000180025095e-35 0.29467142722099288 0.26210545862776863 2.6050051431333521 0.076690019812156243 71.958298396521442 0.27961558394732816 8.2651826795426189 0.24107704759443147 3.0000000000000004 0.20312378911605469 57.823875591107537 0.45053065457416169 1.8608295261396242
decision_type=2 2 2 2 2 2 2 2 2 2 2 2 2 2
left_child=2 5 13 8 -5 6 -2 -8 10 -10 -3 12 -11 -1
right_child=1 3 -4 4 -6 -7 7 -9 9 11 -12 -13 -14 -15
leaf_value=-0.027672516611731347 0.0068899997095540474 -0.0045162860281506879 0.0055301113281347233 -0.0085911513107267395 0.049761557272221507 0.0747049197111294 0.02039321846499649 0.085847502767867692 -0.00084475727642191489 -0.030314314025194945 -0.040809953479472631 0.049539927584828308 0.033571610411629003 -0.0019250495806379297
leaf_weight=128.21518079936504 35.338407710194588 86.800293907523155 71.61622279882431 12.948254510760306 23.214028686285019 11.717793822288511 13.573608919978144 8.450078532099722 63.749258235096931 7.6137028783559826 16.308655649423599 17.673749759793282 10.278994053602217 29.846520788967609
leaf_count=1050 243 658 519 97 149 69 85 51 470 53 130 121 72 233
internal_value=8.45947e-05 0.0106233 -0.0140174 0.00404919 0.0291989 0.032947 0.0232829 0.0481447 -0.000565135 0.00984825 -0.0105937 0.0285133 0.00622121 -0.0228533
internal_weight=537.345 307.667 229.678 238.587 36.1623 69.0799 57.3621 22.0237 202.425 99.3157 103.109 35.5664 17.8927 158.062
internal_count=4000 2198 1802 1750 246 448 379 136 1504 716 788 246 125 1283
is_linear=0
shrinkage=0.05


Tree=7
num_leaves=15
num_cat=0
split_feature=13 7 3 0 1 11 13 1 9 5 6 10 7 0
split_gain=29.123 16.3189 14.7784 13.202 11.1886 8.38332 8.76391 8.00465 7.95866 7.42923 7.18566 6.33384 6.00278 6.13575
threshold=1.0000000180025095e-35 2.5361853257452496 0.26210545862776863 0.29467142722099288 0.10420940294931054 1.0000000180025095e-35 3.0000000000000004 0.12755586274358341 0.11723908659634842 0.72344397443952024 2.0182628956115458 46.7264048940918 1.8608295261396242 0.4440033764996334
decision_type=2 2 2 2 2 2 2 2 2 2 2 2 2 2
left_child=2 3 12 9 -3 6 -5 11 -7 -2 -4 -8 -1 -14
right_child=1 4 10 5 -6 8 7 -9 -10 -11 -12 -13 13 -15
leaf_value=-0.026837352865253059 0.017099957622323501 0.011608030544799416 -0.03973334572919078 -0.01706608208720059 0.082054696674139199 -0.015900818143454742 -0.019782314232671377 -0.023180793775168376 0.020070251492022441 0.05831537632258077 0.01059048293939868 0.031508813961755637 0.041490896184961532 -0.012925309787468309
leaf_weight=125.69120428711176 52.282800152897835 10.824981562793257 6.9622835069894782 82.269526019692421 11.693379297852514 18.708016559481621 6.7957875952124587 12.841107174754141 71.525060519576073 13.395346790552138 64.91816408932209 29.057352013885975 5.5164164006710079 24.290084049105644
leaf_count=1050 342 74 51 629 67 140 51 93 516 79 468 207 41 192
internal_value=8.87609e-05 0.01006 -0.0134638 0.00675205 0.0501232 0.000869243 -0.00719197 0.00949818 0.0125198 0.0262545 0.00523785 0.0215138 -0.022087 -0.00183436
internal_weight=536.772 309.393 227.378 286.875 22.5184 221.197 130.964 48.6942 90.2331 65.6781 71.8804 35.8531 155.498 29.8065
internal_count=4000 2198 1802 2057 141 1636 980 351 656 421 519 258 1283 233
is_linear=0
shrinkage=0.05


Tree=8
num_leaves=15
num_cat=0
split_feature=13 7 3 3 9 9 5 8 8 2 6 5 7 3
split_gain=26.4328 14.4125 13.6202 12.8294 9.70896 8.40167 7.8743 10.4334 12.672 7.15409 6.65489 5.77732 5.74327 7.13856
threshold=1.0000000180025095e-35 1.7750472584791106 0.26210545862776863 0.50807413571571325 0.24107704759443147 0.20880586290818523 0.56193691709068072 1.1249023930604982 0.78958063923883448 2.6192551125114596 2.0182628956115458 0.74700280258052076 2.5361853257452496 0.098501376408254973
decision_type=2 2 2 2 2 2 2 2 2 2 2 2 2 2
left_child=2 4 -1 11 5 9 -6 8 -8 -2 -4 12 -3 -14
right_child=1 3 10 -5 6 -7 7 -9 -10 -11 -12 -13 13 -15
leaf_value=-0.021332972992701565 -0.011945766673477477 0.013864095418304937 -0.038923686313138778 0.076897175300192827 0.0025858024358754515 -0.038491314325193336 0.038340836909663917 0.052872893691794237 -0.029420402897442185 0.014082703723176909 0.0099977870441776973 -0.014721739522748549 0.0043143991424449213 0.071799284492616328
leaf_weight=153.01098185777664 61.688250221312046 35.967955872416496 6.7772832810878745 10.771301463246344 66.470342233777046 16.391147688031197 13.651256099343302 22.770867526531219 12.073757499456404 44.609278529882431 65.375527620315552 9.8090689703822118 6.0633675009012249 10.8191791921854
leaf_count=1283 473 251 51 64 467 128 92 156 84 313 468 65 42 63
internal_value=8.46491e-05 0.00951694 -0.0129314 0.0287201 0.00348805 -0.00627354 0.0138696 0.0289709 0.00662698 -0.000993101 0.00493334 0.0193605 0.0258421 0.0491587
internal_weight=536.25 311.086 225.164 73.4309 237.655 122.689 114.966 48.4959 25.725 106.298 72.1528 62.6596 52.8505 16.8825
internal_count=4000 2198 1802 485 1713 914 799 332 176 786 519 421 356 105
is_linear=0
shrinkage=0.05


Tree=9
num_leaves=15
num_cat=0
split_feature=0 7 7 5 1 1 3 10 5 2 12 10 10 1
split_gain=24.8255 12.2196 10.1764 6.98224 6.16764 9.21051 8.65303 6.03361 8.2255 6.61664 6.02898 5.81325 6.36023 5.62534
threshold=0.30886263692055654 1.7859866000801241 2.5094730767853064 0.89173233703157118 0.10803411434025316 0.061058121022803946 1.4965475861500288 68.378381537879704 0.54322250175606579 2.8700379245701115 1.0000000180025095e-35 69.726128651238511 55.888364588115778 0.13671629623139694
decision_type=2 2 2 2 2 2 2 2 2 2 2 2 2 2
left_child=2 3 4 7 5 11 -6 8 -2 -9 13 12 -1 -3
right_child=1 10 -4 -5 6 -7 -8 9 -10 -11 -12 -13 -14 -15
leaf_value=0.020283171392557049 -0.023474027072598231 -0.0016115871860376777 0.069286190353641461 0.026401159160171474 -0.010199817141730776 0.041936958176183821 0.037352307572864285 -0.0060990626454073445 -0.0047108883404873465 0.034677728987252895 0.051300489365032537 0.045699334602758379 -0.024607307014219697 0.027784217336716457
leaf_weight=13.90308651328087 140.64570046216249 62.489543713629246 8.4208896905183774 11.312222093343733 38.259732313454151 35.664480730891228 11.650731906294821 51.35896547883749 100.43898004293442 11.284494265913962 7.1084993705153456 6.4431127235293379 15.797230809926985 20.959667168557644
leaf_count=97 1115 461 49 85 258 235 75 410 787 84 50 40 110 144
internal_value=8.22637e-05 -0.00601913 0.018999 -0.0106668 0.0149837 0.0242651 0.00141605 -0.0121295 -0.0157088 0.00167586 0.0100896 0.00616778 -0.00361732 0.00601324
internal_weight=535.737 405.598 130.139 315.04 121.718 71.8079 49.9105 303.728 241.085 62.6435 90.5577 36.1434 29.7003 83.4492
internal_count=4000 3136 864 2481 815 482 333 2396 1902 494 655 247 207 605
is_linear=0
shrinkage=0.05


Tree=10
num_leaves=15
num_cat=0
split_feature=0 7 7 9 5 6 7 9 9 9 2 1 1 3
split_gain=22.3366 11.1251 8.842 8.25144 7.28621 6.96359 12.4669 5.74359 10.5919 7.51984 6.72333 5.44364 7.94727 7.73715
threshold=0.30886263692055654 1.7859866000801241 2.5094730767853064 0.22776852863229355 0.89173233703157118 10.16500965681402 0.83262305734585806 0.18898604093082702 0.25859818824559561 0.068498468410526939 2.1441700213059343 0.10803411434025316 0.061058121022803946 1.4965475861500288
decision_type=2 2 2 2 2 2 2 2 2 2 2 2 2 2
left_child=2 3 11 -2 5 -5 -7 9 -9 -3 -10 12 -1 -13
right_child=1 7 -4 4 -6 6 -8 8 10 -11 -12 13 -14 -15
leaf_value=0.0058870519083383957 -0.018699657299525295 -0.015718549571704873 0.063987201848547226 -0.0080887940109936954 0.045139990925575205 0.079638316151491098 -0.011063249645026129 -0.032373176056283058 -0.003800790798118678 0.036904187188475199 0.038014306694411713 -0.0097655005032069551 0.038892713912881696 0.03488615763188558
leaf_weight=36.245711103081703 148.71156346797943 8.2521641850471479 8.7365931868553144 143.2220721617341 6.6791741400957099 5.5486132726073256 8.49637473374605 17.013797804713249 22.314454101026058 27.836745515465736 15.675827294588087 38.014140330255032 36.586671821773052 11.91426172852516
leaf_count=247 1207 61 49 1118 48 43 65 122 165 200 107 258 235 75
internal_value=9.6108e-05 -0.00573719 0.0179148 -0.0102119 -0.00244616 -0.0047396 0.027681 0.00956543 -0.000675972 0.024772 0.0139857 0.0141454 0.0227693 0.00136537
internal_weight=535.248 403.751 131.497 312.658 163.946 157.267 14.045 91.093 55.0041 36.0889 37.9903 122.761 72.8324 49.9284
internal_count=4000 3136 864 2481 1274 1226 108 655 394 261 272 815 482 333
is_linear=0
shrinkage=0.05


Tree=11
num_leaves=15
num_cat=0
split_feature=13 2 10 7 1 9 7 2 9 6 5 0 6 8
split_gain=23.8335 11.6811 11.1994 10.2567 9.88394 10.2314 9.82128 9.03949 8.9922 8.11868 7.21245 9.7866 6.22027 5.9629
threshold=1.0000000180025095e-35 2.0982010316237298 68.224282213779205 1.7750472584791106 0.13366968793441128 0.34552141507536055 2.220646696294085 1.3746291586529436 0.24107704759443147 2.3523175425360496 0.59965767536681869 0.71829038255012234 5.7600972006530187 1.4200767108813186
decision_type=2 2 2 2 2 2 2 2 2 2 2 2 2 2
left_child=1 10 3 8 5 -5 -6 -4 -2 -3 -1 -12 -9 -10
right_child=2 9 7 4 6 -7 -8 12 13 -11 11 -13 -14 -15
leaf_value=-0.034095079168442802 -0.012403468982751019 -0.035485882792812909 -0.0059859073025787905 -0.0048300149753772179 0.01162683817999647 0.050935807889635643 0.092320530244556789 0.05177750990815902 -0.0001476918054363342 0.0034411670169621281 -0.051544199374061718 0.0075376689855915311 0.016114517323012362 0.026109125595921569
leaf_weight=67.405956923961639 95.220385365188122 14.360483050346373 15.79374824464321 31.81901316344738 7.2971580922603589 10.025408059358595 7.6055624634027481 29.182232677936554 59.644522875547409 103.7412453815341 8.1754400432109815 28.899943076074123 22.684380128979683 32.909782633185387
leaf_count=590 732 114 114 216 48 63 42 188 421 783 70 245 148 226
internal_value=0.000105122 -0.0123646 0.00900703 0.00397905 0.0224082 0.0094078 0.0560244 0.0268553 -0.00167961 -0.00155034 -0.0244581 -0.00650197 0.0367798 0.0093678
internal_weight=534.765 222.583 312.182 244.522 56.7471 41.8444 14.9027 67.6604 187.775 118.102 104.481 37.0754 51.8666 92.5543
internal_count=4000 1802 2198 1748 369 279 90 450 1379 897 905 315 336 647
is_linear=0
shrinkage=0.05


Tree=12
num_leaves=15
num_cat=0
split_feature=13 2 0 9 10 5 6 1 13 10 6 9 5 0
split_gain=21.7059 10.8738 10.3702 7.79519 7.577 7.64556 7.54687 7.46858 11.3585 8.55684 7.85592 6.85947 6.82046 9.23798
threshold=1.0000000180025095e-35 2.0982010316237298 0.29467142722099288 0.061603066026959745 71.958298396521442 0.79253384287244266 2.3523175425360496 0.16316375387327112 3.0000000000000004 41.591186513335451 6.8783855509692531 0.27961558394732816 0.59965767536681869 0.71829038255012234
decision_type=2 2 2 2 2 2 2 2 2 2 2 2 2 2
left_child=1 12 4 -4 5 11 -3 8 -5 -10 -9 -2 -1 -14
right_child=2 6 3 7 -6 -7 -8 10 9 -11 -12 -13 13 -15
leaf_value=-0.033252813325731163 -0.0048393428210059628 -0.034647413087324878 -0.02918253620169849 -0.007444171806245895 0.058088286533041371 0.059888731538200637 0.0032630123617824539 0.011969175834619766 -0.029752170966064875 0.023600462676098069 0.066153027637345888 0.031471583718577972 -0.050978860028600449 0.0071346018379177161
leaf_weight=65.726124003529549 32.681756734848022 14.005905002355574 16.034905411303043 118.65332374721766 13.075553297996519 7.8635399788618079 103.98329027742147 24.539050355553627 7.6316934600472441 64.202025443315506 8.528344623744486 20.364468812942505 7.8715959489345542 29.058310896158218
leaf_count=590 217 114 126 886 69 44 783 173 57 448 60 118 70 245
internal_value=0.000100869 -0.0118838 0.00854481 0.00345051 0.0247759 0.0168019 -0.00149051 0.00591071 0.00204331 0.0176016 0.0274753 0.00942482 -0.0236999 -0.00626972
internal_weight=534.22 220.645 313.575 239.589 73.9853 60.9098 117.989 223.554 190.487 71.8337 33.0674 53.0462 102.656 36.9299
internal_count=4000 1802 2198 1750 448 379 897 1624 1391 505 233 335 905 315
is_linear=0
shrinkage=0.05


Tree=13
num_leaves=15
num_cat=0
split_feature=13 3 7 5 10 9 8 2 8 6 1 13 2 1
split_gain=19.7592 10.2043 9.64108 10.0933 9.15413 8.63318 11.2887 11.3263 11.2445 7.37097 7.16805 6.83995 6.24626 6.0502
threshold=1.0000000180025095e-35 0.26210545862776863 2.5361853257452496 0.87555491610862479 75.815836071133276 0.27393766491923949 1.4200767108813186 2.1441700213059343 0.54008818713951634 4.5155818812412045 0.10420940294931054 3.0000000000000004 2.5909664807445565 0.11174963463445553
decision_type=2 2 2 2 2 2 2 2 2 2 2 2 2 2
left_child=1 -1 3 4 5 -2 8 -8 -7 -9 -4 -10 -13 -6
right_child=2 -3 10 -5 13 6 7 9 11 -11 -12 12 -14 -15
leaf_value=-0.019028455517346009 -0.0074430284881600341 0.0037928727726117984 0.0071795230256585423 0.043370789181949289 0.04872886500761308 0.050301953255327138 0.0021192505239642687 0.0786058376810089 -0.026351844668535698 0.02396759136573165 0.061068581917860791 0.03610189053970516 -0.02457052336192949 -0.0040614354350092894
leaf_weight=145.66790300607681 147.28950292617083 73.107657343149185 11.375525571405889 15.584593445062636 16.113672524690632 7.1313864290714255 22.322803407907486 11.6731014251709 31.816745579242706 14.580763578414915 13.310491845011709 9.891758665442465 6.0644505918025962 7.7360401079058638
leaf_count=1283 1103 519 74 100 104 47 157 70 230 90 67 66 40 50
internal_value=9.33678e-05 -0.0114198 0.00810313 0.00548388 0.00318425 0.000314555 0.0113219 0.0286231 -0.00422367 0.0502539 0.0374823 -0.0132275 0.0129531 0.0321311
internal_weight=533.666 218.776 314.891 290.205 274.62 250.771 103.481 48.5767 54.9043 26.2539 24.686 47.773 15.9562 23.8497
internal_count=4000 1802 2198 2057 1957 1803 700 317 383 160 141 336 106 154
is_linear=0
shrinkage=0.05


Tree=14
num_leaves=15
num_cat=0
split_feature=13 4 0 9 11 9 13 10 1 10 5 2 3 1
split_gain=17.9762 9.70701 8.93313 6.98213 6.86057 7.238 6.89274 8.89876 7.11049 6.33083 6.36491 5.69971 6.67681 11.7761
threshold=1.0000000180025095e-35 0.11138482515786145 0.29467142722099288 0.061603066026959745 1.0000000180025095e-35 0.077964577383676251 3.0000000000000004 41.591186513335451 0.083788213414799848 71.958298396521442 0.79253384287244266 4.7604719354184439 0.4604753839640508 0.10645885149378702
decision_type=2 2 2 2 2 2 2 2 2 2 2 2 2 2
left_child=1 -1 9 -4 5 -5 8 -8 -7 10 11 -2 -13 -14
right_child=2 -3 3 4 -6 6 7 -9 -10 -11 -12 12 13 -15
leaf_value=0.0068145674878693262 0.040293932033202966 -0.017187579608828055 -0.028280422674631846 0.047281828691460082 0.015821167330953644 -0.029036815076274106 -0.043516268258312292 0.018109782918762713 0.00066902511310665833 0.052502816661793517 0.053800194757103847 -0.030194347952377715 0.057856222875250898 -0.0073354103468774474
leaf_weight=56.358985103666782 10.213854581117628 160.56537824869156 15.667639933526514 6.094552978873252 90.544402696192265 37.740247808396816 5.791678935289382 43.030929952859879 41.874966152012348 13.562052711844442 8.2104409486055356 11.863779336214064 8.9022016227245349 22.449735820293427
leaf_count=403 63 1399 126 46 637 296 44 291 310 69 44 77 53 142
internal_value=0.000105656 -0.0109489 0.00770618 0.00297028 0.00526111 -0.00191042 -0.00459191 0.0100726 -0.013598 0.0226293 0.0153233 0.00853079 0.000282187 0.0123915
internal_weight=532.871 216.924 315.946 240.744 225.077 134.532 128.438 48.8226 79.6152 75.2021 61.64 53.4296 43.2157 31.3519
internal_count=4000 1802 2198 1750 1624 987 941 335 606 448 379 335 272 195
is_linear=0
shrinkage=0.05


Tree=15
num_leaves=15
num_cat=0
split_feature=13 2 7 5 2 6 5 0 10 1 13 10 5 2
split_gain=16.3117 9.31764 8.52101 8.53012 7.6756 7.2061 6.64294 8.99262 6.44144 6.16086 5.26151 8.31188 8.19954 13.9462
threshold=1.0000000180025095e-35 2.0982010316237298 2.5361853257452496 0.87555491610862479 12.912859444773847 7.2802261505247978 0.59965767536681869 0.71829038255012234 75.815836071133276 0.10420940294931054 3.0000000000000004 46.7264048940918 0.37401178409149777 1.3203731816568327
decision_type=2 2 2 2 2 2 2 2 2 2 2 2 2 2
left_child=1 6 3 4 8 -3 -1 -8 10 -4 -2 -12 13 -13
right_child=2 5 9 -5 -6 -7 7 -9 -10 -11 11 12 -14 -15
leaf_value=-0.031497360821576462 -0.0074078759886884232 -0.0086524228645015189 0.0065361343258373387 0.039077656333714877 0.0394739714423228 0.018660568981214248 -0.050045813922228323 0.0087016713974045513 0.025662648750707881 0.056089325471674834 -0.02047297774215006 -0.02344903549429319 0.0035940344996867853 0.06095614395128475
leaf_weight=62.382260359823704 149.03868751972914 84.265797384083271 11.447585582733156 16.133707538247108 12.500020235776899 32.6934719607234 7.37311927974224 28.449950397014618 22.741897754371166 13.716418519616125 19.530632339417934 6.0485906898975399 48.462424531579018 17.459065593779087
leaf_count=590 1102 657 74 100 73 240 70 245 145 67 145 43 331 118
internal_value=0.000105469 -0.0104928 0.00730764 0.00483968 0.00270274 -0.000924187 -0.0217645 -0.00442048 0.000814168 0.034658 -0.00163166 0.00775515 0.0155911 0.0391678
internal_weight=532.244 215.165 317.079 291.915 275.781 116.959 98.2053 35.8231 263.281 25.164 240.539 91.5007 71.9701 23.5077
internal_count=4000 1802 2198 2057 1957 897 905 315 1884 141 1739 637 492 161
is_linear=0
shrinkage=0.05


Tree=16
num_leaves=15
num_cat=0
split_feature=13 2 2 8 6 5 2 5 0 3 4 7 8 7
split_gain=14.8444 8.6631 7.94671 9.8183 6.94617 6.80541 6.42413 6.25306 8.47595 6.18467 5.12769 4.81377 4.59921 6.73434
threshold=1.0000000180025095e-35 2.0982010316237298 1.9291343504001228 2.7124515976455625 2.3523175425360496 0.89173233703157118 1.736884094434296 0.59965767536681869 0.71829038255012234 1.639441524005752 0.31297766277307409 1.834199506098215 2.2333137499840876 0.57536027466022255
decision_type=2 2 2 2 2 2 2 2 2 2 2 2 2 2
left_child=1 7 6 5 -3 9 -2 -1 -9 10 -4 -10 13 -6
right_child=2 4 3 -5 12 -7 -8 8 11 -11 -12 -13 -14 -15
leaf_value=-0.030682332807191171 0.001846803840551901 -0.033347361590833034 0.0021542026832024603 0.041755911901676275 0.024754083993746623 0.055140996219960429 -0.030766820246731164 -0.04952164903689743 -0.0020551581456386479 0.051072465108095766 0.047089120542928284 0.047400081884446048 0.023532282939301881 -0.0094213950355094209
leaf_weight=60.902028150856495 117.55005756020546 13.460861101746557 139.88782082498074 25.680670075118542 17.513520263135433 6.5854434221982947 16.309727050364017 7.0962119698524466 23.427675850689415 6.417170286178588 5.6579958945512763 5.2035545110702506 21.716584734618664 64.169674851000309
leaf_count=590 863 114 954 143 135 38 120 70 204 37 43 41 156 492
internal_value=0.000102893 -0.0100692 0.00694023 0.0136489 -0.000876989 0.00886315 -0.00232558 -0.0210632 -0.00427722 0.00651029 0.00421042 0.00822937 0.00362902 -0.00188314
internal_weight=531.579 213.49 318.089 184.229 116.861 158.548 133.86 96.6295 35.7274 151.963 145.546 28.6312 103.4 81.6832
internal_count=4000 1802 2198 1215 897 1072 983 905 315 1034 997 245 783 627
is_linear=0
shrinkage=0.05


Tree=17
num_leaves=15
num_cat=0
split_feature=3 13 8 8 10 7 6 7 9 9 6 10 6 6
split_gain=13.6377 16.5737 6.87574 8.53054 6.19664 6.00329 5.77728 7.26611 7.61946 6.31066 6.12172 6.69753 5.48542 7.38825
threshold=0.25972064368768172 3.0000000000000004 2.6852293751468537 0.47854096018158043 41.311665397692572 2.893609045349796 7.3044341645197264 1.6736519815963355 0.22906211340476709 0.14629640003464708 4.535789558713887 68.224282213779205 4.1687303847282848 3.4180109538695116
decision_type=2 2 2 2 2 2 2 2 2 2 2 2 2 2
left_child=1 5 3 -2 -3 -1 10 8 9 -8 11 12 13 -5
right_child=2 4 -4 6 -6 -7 7 -9 -10 -11 -12 -13 -14 -15
leaf_value=-0.013138806336607817 0.052823260250686989 -0.027863044034891121 0.035143961836406237 0.0076097834666892204 0.018139020480304704 0.024668713046452274 0.031922375488546206 -0.020933118070184487 0.053650450219057157 -0.031676289604188189 -0.01437564764549517 0.039203514637926012 0.039131907708968343 -0.037813850865680981
leaf_weight=258.68134187906981 8.6319860294461233 7.2053019776940337 24.919747069478035 26.145259730517864 75.451930500566959 10.044611811637877 7.6876264959573763 7.5897206887602797 16.359954513609409 6.0882879719138145 50.129849947988987 13.185615010559557 6.4630051702260962 12.417669907212256
leaf_count=2183 56 56 138 186 508 69 52 48 106 41 343 84 43 87
internal_value=0.00010358 -0.0056226 0.0112747 0.00722863 0.0138439 -0.0116394 0.00419331 0.0207707 0.0316088 0.00357332 -0.00171629 0.0092442 -0.000190384 -0.00760318
internal_weight=531.002 351.383 179.619 154.699 82.6572 268.726 146.067 37.7256 30.1359 13.7759 108.341 58.2115 45.0259 38.5629
internal_count=4000 2816 1184 1046 564 2252 990 247 199 93 743 400 316 273
is_linear=0
shrinkage=0.05


Tree=18
num_leaves=15
num_cat=0
split_feature=0 13 12 8 8 1 3 10 9 3 10 5 8 1
split_gain=13.0417 10.633 6.64874 6.64753 10.6526 9.07564 9.76646 9.9211 5.56504 7.24471 5.35732 12.291 5.12918 5.09073
threshold=0.30886263692055654 1.0000000180025095e-35 1.0000000180025095e-35 1.477307609331975 1.2668387819601545 0.20271005000998168 0.036007254400567186 72.65384353449079 0.38311290348240984 0.6195222322942292 65.808681625483516 0.60656181182034208 1.1742491185920245 0.020045394788086056
decision_type=2 2 2 2 2 2 2 2 2 2 2 2 2 2
left_child=2 -2 8 4 5 6 13 12 10 -10 -1 -12 -8 -3
right_child=1 3 -4 -5 -6 -7 7 -9 9 -11 11 -13 -14 -15
leaf_value=-0.0026209216117156937 -0.014532655421028794 0.0025316337863944658 0.045354469329402562 0.010685465323521262 -0.036901302242822322 0.051741144918775364 -0.021419488242772736 0.032185176996664587 0.0056875988151870657 0.063765730902858225 -0.0011429765243244547 0.066862646147615251 0.025610018586452423 0.064061294465940805
leaf_weight=73.799331046640873 157.52837762981653 6.3639402464032155 13.59648723900318 116.10930553078651 21.698248952627182 7.123840205371379 62.1968999132514 10.961196593940256 12.063919723033907 9.0020630434155446 18.906106121838096 9.2168977037072164 5.5443615838885298 6.334952712059021
leaf_count=489 1426 47 83 807 167 51 473 77 75 50 114 53 41 47
internal_value=0.000105693 -0.00451366 0.0133622 0.00219762 -0.00602028 0.0010831 -0.00338243 -0.0100508 0.00948819 0.032271 0.00451149 0.0226754 -0.0172537 0.035662
internal_weight=530.446 393.861 136.585 236.333 120.223 98.5252 91.4014 78.7025 122.988 21.066 101.922 28.123 67.7413 12.6989
internal_count=4000 3136 864 1710 903 736 685 591 781 125 656 167 514 94
is_linear=0
shrinkage=0.05


Tree=19
num_leaves=15
num_cat=0
split_feature=13 11 4 9 7 6 7 5 6 4 3 10 1 1
split_gain=12.0889 7.66878 7.06996 6.61816 6.42653 5.8185 5.79306 7.26397 6.72434 5.78549 5.41555 4.95735 6.02825 6.2006
threshold=1.0000000180025095e-35 1.0000000180025095e-35 0.11138482515786145 0.10398632053736033 1.7473907639389703 3.7912463759720785 2.5758138003895956 0.71153139227885143 3.5792675692841311 0.12945994725801321 0.1452827642731003 70.703827706972476 0.16411562770300728 0.10803411434025316
decision_type=2 2 2 2 2 2 2 2 2 2 2 2 2 2
left_child=2 6 -1 5 -4 -3 7 -2 -9 -10 -11 12 13 -5
right_child=1 3 4 11 -6 -7 -8 8 9 10 -12 -13 -14 -15
leaf_value=0.0057794255526270174 -0.0080303805464602279 0.025438191029444363 -0.020347385198868292 0.018156049432333114 0.0038320744120002598 -0.028475341998920468 0.028396402923038463 0.054687049061696524 0.034645135541469606 0.0080989703578817109 -0.045797821270117667 0.042449017382803399 0.041193050601992333 -0.012906226169549982
leaf_weight=56.966917261481285 138.68699124455452 6.70046488195658 117.45619352906942 50.535926416516304 35.411305651068687 13.58231148123741 15.224279932677744 7.9393125250935546 9.4209726974368113 12.315331079065801 6.2737775593996039 19.964866645634174 16.793151170015335 22.500805251300335
leaf_count=403 1005 50 1098 345 301 101 84 51 52 90 44 118 108 150
internal_value=0.000120175 0.00623021 -0.00918127 0.0155322 -0.0147578 -0.0103065 -0.00019077 -0.0028304 0.0169047 0.00467952 -0.0115004 0.0203554 0.0150318 0.00854146
internal_weight=529.773 319.938 209.834 130.078 152.867 20.2828 189.861 174.636 35.9494 28.0101 18.5891 109.795 89.8299 73.0367
internal_count=4000 2198 1802 872 1399 151 1326 1242 237 186 134 721 603 495
is_linear=0
shrinkage=0.05


Tree=20
num_leaves=15
num_cat=0
split_feature=3 6 7 13 6 5 6 2 9 1 10 11 10 7
split_gain=11.1796 8.51987 9.31843 8.44681 7.13135 7.80869 6.51681 6.26587 6.23974 5.72002 5.95351 7.52525 5.54103 5.45327
threshold=0.18112314914621266 7.2278665544670639 1.8210366955851458 3.0000000000000004 4.535789558713887 0.35823234763414796 4.3300878521033379 7.7192446515476449 0.26986047540018282 0.18518801336771865 70.703827706972476 1.0000000180025095e-35 46.468357068725275 2.0304718298707143
decision_type=2 2 2 2 2 2 2 2 2 2 2 2 2 2
left_child=3 2 4 9 6 8 7 -2 -6 10 12 -12 -1 -14
right_child=1 -3 -4 -5 5 -7 -8 -9 -10 -11 11 -13 13 -15
leaf_value=0.00011467644877906144 -0.005953725756395873 0.022840985111370248 0.022722391916774675 0.0084733104989361454 0.032335369229541881 -0.02926404896236335 0.053408353462708003 0.031055647852015603 -0.024177917870543623 0.034931710225156835 -0.01275818370472458 0.032444330731385661 -0.025632781033556557 0.0019968215000796489
leaf_weight=38.408145412802696 57.069791577756405 68.140497632324696 40.832455180585384 69.664468236267567 10.932747289538385 40.406419321894646 5.5811434984207144 13.243456251919268 7.3470761328935614 5.5217512324452391 22.102440886199474 14.347350738942621 114.62440010160208 20.957209661602974
leaf_count=329 425 454 245 473 79 290 38 82 51 48 189 116 1020 161
internal_value=0.000121729 0.00797446 0.00210271 -0.00657877 -0.00427486 -0.0172181 0.00582742 0.0013547 0.00954546 -0.0114509 -0.0128274 0.00542565 -0.0166605 -0.0213786
internal_weight=529.179 243.554 175.413 285.626 134.581 58.6862 75.8944 70.3132 18.2798 215.961 210.44 36.4498 173.99 135.582
internal_count=4000 1664 1210 2336 965 420 545 507 130 1863 1815 305 1510 1181
is_linear=0
shrinkage=0.05


Tree=21
num_leaves=15
num_cat=0
split_feature=13 11 4 9 0 5 8 4 9 4 4 13 5 8
split_gain=10.6316 6.73314 6.25096 5.86022 5.09708 9.21994 7.33724 6.19749 4.37099 7.70364 7.46677 6.02575 5.80402 5.78053
threshold=1.0000000180025095e-35 1.0000000180025095e-35 0.088719894435450822 0.09784738814324509 0.3829280688739985 0.71153139227885143 2.6050051431333521 0.25728957440104533 0.29313101971143962 0.25315744358024522 0.42974440203773062 3.0000000000000004 0.36934150220900591 1.5993106378151696
decision_type=2 2 2 2 2 2 2 2 2 2 2 2 2 2
left_child=2 4 -1 -3 5 -2 8 -8 9 -6 12 13 -11 -10
right_child=1 3 -4 -5 6 -7 7 -9 11 10 -12 -13 -14 -15
leaf_value=0.0086035932898787491 0.00050066148678604735 -0.011704440473863306 -0.012970049173441488 0.018641213282628431 -0.042005408290471405 0.043886004619978575 0.046797703980936328 -0.0044450030789164562 -0.031168269728492178 -0.024927810639732977 -0.031599877990980733 0.024904135579751772 0.027364360555179636 0.020413934891835805
leaf_weight=41.245384141802788 51.50102710723877 17.780821353197098 166.52044985443354 113.55699238926172 23.5465067923069 15.07535047829151 9.8359422907233256 12.611326612532137 15.605812065303327 6.7133079767227199 15.755654461681841 15.156990475952623 16.521730750799179 7.2433341741561881
leaf_count=281 328 133 1521 739 191 81 60 79 124 55 125 96 133 54
internal_value=0.000121683 0.00582078 -0.00866658 0.0144755 -0.000219998 0.0108288 -0.00623993 0.0190468 -0.0120174 -0.0200413 -0.00605845 0.00136082 0.0118504 -0.014646
internal_weight=528.671 320.905 207.766 131.338 189.567 66.5764 122.991 22.4473 100.543 62.5372 38.9907 38.0061 23.235 22.8491
internal_count=4000 2198 1802 872 1326 409 917 139 778 504 313 274 188 178
is_linear=0
shrinkage=0.05


Tree=22
num_leaves=15
num_cat=0
split_feature=12 13 2 3 9 10 1 7 1 11 13 9 7 9
split_gain=9.70292 11.2013 10.2781 9.37623 9.23296 8.43998 7.68279 6.42577 10.4944 5.87935 5.43264 7.17096 8.34444 6.17491
threshold=1.0000000180025095e-35 3.0000000000000004 6.314440056051513 0.22668626101447262 0.38311290348240984 45.690359097661393 0.16681855850631441 2.3784688501285864 0.12799718928228848 1.0000000180025095e-35 1.0000000180025095e-35 0.10577155374104859 1.1845808114050647 0.22906211340476709
decision_type=2 2 2 2 2 2 2 2 2 2 2 2 2 2
left_child=1 2 7 -2 -4 -3 -5 9 -9 -1 11 12 -11 -13
right_child=3 5 4 6 -6 -7 -8 8 -10 10 -12 13 -14 -15
leaf_value=-0.018124977596948567 0.00063016160577532483 -0.018054653128927033 0.0039972001115235406 0.062766702711499797 0.057415301653481313 0.017835902072788463 -0.0032413982398364809 -0.0066424598516776059 0.056065452267602914 -0.017828517039187246 0.0069434876598534522 -0.04254703149942976 0.065691245534589229 -0.0075570490869952883
leaf_weight=162.83203961700201 24.965923115611076 18.948516115546227 42.111223481595516 15.469900384545328 9.0655084326863271 93.972272902727127 5.8898921757936469 22.094092398881916 8.4522262811660749 5.586401127278803 60.901069760322571 19.886664494872093 4.7124345004558563 33.216605022549629
leaf_count=1391 202 136 267 95 50 598 40 161 50 54 425 185 41 305
internal_value=0.00011202 -0.00200614 -0.00622475 0.0217174 0.0143788 0.0117077 0.0452343 -0.00957857 0.0119362 -0.0119008 -0.00366792 -0.0138103 0.0228193 -0.0212047
internal_weight=528.105 481.779 368.858 46.3257 51.1767 112.921 21.3598 317.682 30.5463 287.135 124.303 63.4021 10.2988 53.1033
internal_count=4000 3663 2929 337 317 734 135 2612 211 2401 1010 585 95 490
is_linear=0
shrinkage=0.05


Tree=23
num_leaves=15
num_cat=0
split_feature=3 12 13 5 6 6 6 9 6 3 2 9 5 5
split_gain=9.04199 9.51397 6.50793 5.39159 5.6298 10.0079 8.98521 9.62629 8.36121 5.84605 6.10641 5.73998 5.57881 5.24982
threshold=0.18112314914621266 1.0000000180025095e-35 3.0000000000000004 0.89691224739621733 7.2802261505247978 4.6519087219945661 8.2258637427793477 0.38311290348240984 4.3300878521033379 0.21812327527386541 11.213519394031318 0.25956410559025406 0.36401049320246109 0.59636771154414581
decision_type=2 2 2 2 2 2 2 2 2 2 2 2 2 2
left_child=2 3 13 4 5 8 11 -8 9 -2 -11 -6 -7 -1
right_child=1 -3 -4 -5 6 12 7 -9 -10 10 -12 -13 -14 -15
leaf_value=-0.016365758745840061 0.032093464467134507 0.035803214677778042 0.0070820388223758303 0.043080364590171782 0.067513123674983605 0.0045113925047676091 -0.010251362511740532 0.049396304936914243 0.045091275639153459 -0.010461314220927127 0.032448587721381754 0.011166370287133196 -0.027204335402805813 -8.1227516791619237e-05
leaf_weight=133.10437559336424 12.185920044779776 24.891023263335228 70.716945983469486 7.3802359774708739 9.8205658122897166 19.465294614434242 32.832837335765362 7.4556604996323577 11.972929067909716 56.741601958870888 8.695040822029112 8.5695875734090787 45.094884820282459 78.456780724227428
leaf_count=1203 98 156 473 45 65 134 222 46 79 399 49 56 315 660
internal_value=0.000113551 0.00712406 -0.00597742 0.00373524 0.00217582 -0.00285499 0.0152187 0.00171587 0.0079329 0.00170077 -0.00435697 0.0431862 -0.0177189 -0.0103555
internal_weight=527.384 245.106 282.278 220.215 212.834 154.156 58.6787 40.2885 89.5955 77.6226 65.4366 18.3902 64.5602 211.561
internal_count=4000 1664 2336 1508 1463 1074 389 268 625 546 448 121 449 1863
is_linear=0
shrinkage=0.05


Tree=24
num_leaves=15
num_cat=0
split_feature=13 2 6 10 12 7 13 11 10 1 10 9 6 8
split_gain=8.62439 5.77923 6.58857 5.6744 5.85044 8.41079 5.9522 8.58347 5.4656 5.74904 5.42326 6.91153 6.47749 5.21919
threshold=1.0000000180025095e-35 2.0982010316237298 2.0182628956115458 41.311665397692572 1.0000000180025095e-35 1.3640066567436666 3.0000000000000004 1.0000000180025095e-35 46.971180105880542 0.16541892642636 68.751675621931426 0.32495766756249328 5.2312829274258634 1.6466536546607469
decision_type=2 2 2 2 2 2 2 2 2 2 2 2 2 2
left_child=1 -1 -3 -2 6 -6 7 -5 -9 -10 11 13 -12 -8
right_child=3 2 -4 4 5 -7 10 8 9 -11 12 -13 -14 -15
leaf_value=-0.017380201432246358 -0.014169937921754281 -0.038180132876275939 0.0032367979644400561 -0.010897749450428519 0.0016973599714957184 0.05814671578459274 -0.014070396987857345 0.05100889822082081 -0.00018445032943762395 0.037866663475287991 0.062920577118623353 0.029973005113612013 0.010423793281818361 0.016636962086109808
leaf_weight=89.000420898199081 32.908998169004917 9.5480973720550519 106.1068639010191 90.984298601746559 13.312396965920927 12.206414408981798 33.343749135732651 7.090427227318286 51.48352886736393 11.29491753131151 10.343499869108202 23.847447246313095 13.199095398187636 22.183718316257
leaf_count=905 236 84 813 682 92 71 234 48 347 70 60 139 79 140
internal_value=0.000126115 -0.00787857 -0.000480429 0.00521921 0.00746609 0.0298732 0.00519365 -0.000826991 0.012256 0.00714798 0.0145209 0.00805263 0.0351123 -0.00172524
internal_weight=526.854 204.655 115.655 322.198 289.289 25.5188 263.771 160.853 69.8689 62.7784 102.918 79.3749 23.5426 55.5275
internal_count=4000 1802 897 2198 1962 163 1799 1147 465 417 652 513 139 374
is_linear=0
shrinkage=0.05


Tree=25
num_leaves=15
num_cat=0
split_feature=0 9 13 6 7 7 2 0 9 2 5 9 5 3
split_gain=8.25253 7.36828 6.19699 4.76439 5.89902 4.61356 6.37161 9.49751 6.50311 6.4759 6.91946 5.78856 6.75398 4.97121
threshold=0.30886263692055654 0.061603066026959745 1.0000000180025095e-35 9.7977139020563389 0.73348702038922586 1.1204383236442574 1.9171866204103492 0.58693884465232404 0.31734530957772261 1.6656634879348347 0.69297382152620235 0.18062754085207136 0.56769148084736964 0.036007254400567186
decision_type=2 2 2 2 2 2 2 2 2 2 2 2 2 2
left_child=-1 -2 -3 5 -5 13 9 8 11 10 -7 12 -8 -4
right_child=1 2 3 4 -6 6 7 -9 -10 -11 -12 -13 -14 -15
leaf_value=0.01050127973215665 -0.0298304210766847 -0.010039410193730211 0.021706310733473587 0.063308700526969408 0.0083128926689676318 -0.0049278412398708485 -0.015016057200043077 0.068576566482923429 0.038826083400632351 -0.035623413615578761 0.040442461473943779 -0.022602502300193176 0.05650458755263689 -0.011759091578185561
leaf_weight=139.72269193083048 24.110619939863682 139.56438054889441 11.892313353717325 5.9263369441032436 17.779175199568272 37.435089074075222 5.7881428003311175 7.7412605583667746 12.62623745203018 11.242430023849009 9.7756277173757535 15.652730278670786 5.7779513001441956 81.186884813010693
leaf_count=864 213 1336 86 42 125 266 42 49 77 80 64 108 38 610
internal_value=0.000130811 -0.00363563 -0.00181553 0.00335729 0.0240678 0.00078371 0.00787965 0.0212644 0.0106185 -0.00319119 0.00511071 -0.00337857 0.0223661 -0.00729809
internal_weight=526.222 386.499 362.389 222.824 23.7055 199.119 106.039 47.5863 39.8451 58.4531 47.2107 27.2188 11.5661 93.0792
internal_count=4000 3136 2923 1587 167 1420 724 314 265 410 330 188 80 696
is_linear=0
shrinkage=0.05


Tree=26
num_leaves=15
num_cat=0
split_feature=7 9 2 5 10 6 8 7 9 7 0 10 7 8
split_gain=8.04336 7.48139 7.34532 7.48045 6.15085 6.39693 10.3941 7.81183 6.46725 10.3323 5.82127 7.08126 8.11985 7.58896
threshold=2.5361853257452496 0.061603066026959745 1.9291343504001228 0.59636771154414581 68.224282213779205 7.2802261505247978 2.7124515976455625 0.71589650673349781 0.31238548108305603 1.1268343255860922 0.71829038255012234 53.85666334228948 0.72107056845394402 1.2580572840700657
decision_type=2 2 2 2 2 2 2 2 2 2 2 2 2 2
left_child=1 -1 3 -3 5 6 8 -7 -4 -10 -5 -12 -13 -14
right_child=-2 2 4 10 -6 7 -8 -9 9 -11 11 12 13 -15
leaf_value=-0.025243184460840468 0.021574656264799565 -0.015550667324935536 -0.015431841193692354 -0.025914506077507588 0.019444634803332021 0.04440773167742601 0.037196364402294201 0.0038234912320469238 -0.014984052937370672 0.031158514532908466 0.033008574322885127 -0.039306244335139628 0.05290718746656288 -0.0046474564053993941
leaf_weight=30.414495959877968 39.397181153297424 114.07058004289865 95.785074345767498 11.542720183730124 58.298420898616314 15.544115856289862 12.937686711549757 42.631721891462803 24.564158223569393 22.173787325620651 22.411255739629269 9.6238822937011701 7.0786154121160534 19.203074842691422
leaf_count=256 236 1012 737 101 380 105 83 297 185 143 180 79 55 151
internal_value=0.000135217 -0.00164247 -1.60611e-05 -0.00770968 0.00519689 0.0012364 -0.00406578 0.0152345 -0.00804446 0.0071014 0.0051323 0.0116107 -0.00227773 0.0122252
internal_weight=525.677 486.28 455.865 183.93 271.935 213.637 155.461 58.1758 142.523 46.7379 69.8595 58.3168 35.9056 26.2817
internal_count=4000 3764 3508 1578 1930 1550 1148 402 1065 328 566 465 285 206
is_linear=0
shrinkage=0.05


Tree=27
num_leaves=15
num_cat=0
split_feature=13 10 5 9 3 6 1 9 9 9 5 3 6 5
split_gain=7.31225 5.16729 5.24044 5.41218 6.78209 8.75766 9.57582 4.98297 14.666 5.83114 6.33503 5.02122 4.92661 4.72397
threshold=1.0000000180025095e-35 41.311665397692572 0.87555491610862479 0.30564523113220177 0.10392078779925515 4.7735711683626221 0.10472578587728026 0.17917731741246998 0.14986956664151721 0.24107704759443147 0.43977345714459332 0.60280869046578822 9.7430744508220481 0.45467367511987805
decision_type=2 2 2 2 2 2 2 2 2 2 2 2 2 2
left_child=-1 -2 3 7 -5 6 -6 8 11 10 -9 -3 -7 -10
right_child=1 2 -4 4 5 12 -8 9 13 -11 -12 -13 -14 -15
leaf_value=-0.007300939032969269 -0.013796365008133027 -0.0073398046301652769 0.033513999188898129 -0.0035068914170899115 0.083129566286779075 -0.0027229556514634609 0.019559415881703235 -0.00052485814754060463 0.010064478851982035 0.0042803527632699684 -0.039034088236455627 0.031814834383193484 0.039031670204272367 0.060107460524005729
leaf_weight=202.33533699065447 32.612448237836361 66.408903725445271 16.458880931138992 31.961261846125126 9.8207104429602641 26.459014087915421 14.968137733638285 19.596981734037399 7.6192388385534313 43.692951574921608 22.542997747659683 8.3259062767028791 8.5813744962215406 13.743747264146803
leaf_count=1802 236 490 94 220 58 162 91 140 56 290 169 48 50 94
internal_value=0.000130606 0.00479707 0.00692693 0.00521207 0.0150389 0.0248409 0.0469912 0.000198999 0.00798052 -0.0085047 -0.0215529 -0.00261526 0.008302 0.0435075
internal_weight=525.128 322.793 290.18 273.721 91.7905 59.8292 24.7888 181.931 96.0978 85.8329 42.14 74.7348 35.0404 21.363
internal_count=4000 2198 1962 1868 581 361 149 1287 688 599 309 538 212 150
is_linear=0
shrinkage=0.05


Tree=28
num_leaves=15
num_cat=0
split_feature=12 13 4 6 1 1 11 5 5 1 1 5 1 6
split_gain=7.28754 7.96003 7.05896 11.647 6.75482 9.42881 5.72983 7.28018 7.74269 9.81317 6.9856 5.3671 8.74506 7.90042
threshold=1.0000000180025095e-35 3.0000000000000004 0.05804120500322834 4.535789558713887 0.079679891801384906 0.10868500035014822 1.0000000180025095e-35 0.57727140721106396 0.70882540783429404 0.054779895998877108 0.09261718900104722 0.35823234763414796 0.14927473506585973 4.1456063982474056
decision_type=2 2 2 2 2 2 2 2 2 2 2 2 2 2
left_child=1 2 3 -1 -2 -6 -4 11 9 -9 -11 12 13 -8
right_child=4 -3 6 -5 5 -7 7 8 -10 10 -12 -13 -14 -15
leaf_value=0.048017740305600354 -0.0047238743648628477 0.0096806812288561146 -0.013431288071058043 -0.0085911259203203631 0.069762545470213738 0.010919676892882077 -0.041054601367534388 -0.013216456024286283 -0.003423133393044129 0.087670336465307419 0.024006181494953489 -0.021066427055500634 0.046704261910958396 0.010542474075594319
leaf_weight=14.731433376669882 18.661288067698479 114.88452963531017 185.6766544803977 20.92232920974493 10.193899899721147 18.563375033438206 10.75292092561722 7.7663115784525898 31.397560976445675 7.1781518310308483 11.459123797714708 44.812948659062386 8.2780763506889325 19.319314889609814
leaf_count=88 142 734 1581 129 68 127 92 64 241 55 85 370 60 164
internal_value=0.000137897 -0.00173405 -0.00537037 0.0154705 0.0186223 0.0334218 -0.00768547 -7.58535e-05 0.0134235 0.0328504 0.0517423 -0.00950635 0.00419387 -0.00863458
internal_weight=524.598 477.179 362.295 35.6538 47.4186 28.7573 326.641 140.964 57.8011 26.4036 18.6373 83.1633 38.3503 30.0722
internal_count=4000 3663 2929 217 337 195 2712 1131 445 204 140 686 316 256
is_linear=0
shrinkage=0.05


Tree=29
num_leaves=15
num_cat=0
split_feature=7 2 0 1 0 10 10 3 3 8 6 1 6 7
split_gain=7.13667 6.09968 6.93066 7.52846 8.16513 5.57875 5.49671 5.47447 5.42046 6.23649 5.61208 6.48968 5.98971 7.86194
threshold=2.5361853257452496 1.9291343504001228 0.71829038255012234 0.11174963463445553 0.74045370739920491 68.224282213779205 47.708831172544912 0.11079330311156649 0.13671873511890759 2.6852293751468537 7.6723769359671525 0.11511484683754712 8.8783165046173274 0.83262305734585806
decision_type=2 2 2 2 2 2 2 2 2 2 2 2 2 2
left_child=1 2 -1 4 -4 8 -6 -8 -3 10 11 -10 -12 -14
right_child=-2 5 3 -5 6 -7 7 -9 9 -11 12 -13 13 -15
leaf_value=-0.030679968416026604 0.020240102494883852 -0.01818095622611993 0.059783241606835152 -0.019680226261165612 0.022252150586062325 0.016084267982199724 -0.009148885619224896 0.039668368680079252 0.0056060569102490652 0.032065272583060966 0.038484787444113489 -0.016576939954497452 0.032938520977289852 -0.018235458460335235
leaf_weight=28.608081176877022 39.750723250210285 35.898535564541817 4.9952347576618186 53.167281977832317 20.8497668877244 62.957328706979752 81.077336058020592 5.1911020651459685 66.249121651053429 15.568660691380499 16.03472376614809 63.90285125374794 11.117508240044119 18.723029240965843
leaf_count=261 236 301 43 457 181 407 705 45 481 96 108 477 72 130
internal_value=0.000142816 -0.00154491 -0.00838994 -0.00437051 0.00299959 0.00303755 -0.000176852 -0.00579047 -0.000627623 0.0027386 -2.16702e-05 -0.00532884 0.0148277 0.00127995
internal_weight=524.091 484.341 193.889 165.281 112.113 290.452 107.118 86.2684 227.494 191.596 176.027 130.152 45.8753 29.8405
internal_count=4000 3764 1692 1431 974 2072 931 750 1665 1364 1268 958 310 202
is_linear=0
shrinkage=0.05


Tree=30
num_leaves=15
num_cat=0
split_feature=7 9 2 5 10 6 7 6 6 6 2 7 2 7
split_gain=6.39222 6.75333 5.71353 6.59974 5.80328 8.22753 5.57301 5.1554 7.95595 15.505 7.92913 7.6376 7.61677 7.53629
threshold=2.5361853257452496 0.061603066026959745 1.9291343504001228 0.614624645128793 54.006747157079666 7.2802261505247978 0.91294601053952251 7.2802261505247978 4.5906523252314022 4.3300878521033379 7.7192446515476449 1.0604339086281027 5.0044732016476594 0.69590688951795854
decision_type=2 2 2 2 2 2 2 2 2 2 2 2 2 2
left_child=1 -1 3 -3 -5 6 -6 8 9 10 11 -4 -13 -9
right_child=-2 2 7 4 5 -7 -8 13 -10 -11 -12 12 -14 -15
leaf_value=-0.024182181733066192 0.019065231296318607 -0.013831689857088306 -0.019842328143459972 0.024077424654246043 -0.048739550028394141 0.028632455272196568 -0.0031263248021339281 0.04118377237669181 -0.011306523092225258 0.057456402138953235 0.032195170567512026 0.021017259636235946 -0.024817455026996425 0.0057022191819732296
leaf_weight=29.641068682074547 40.141541332006454 116.8104297965765 40.338507048785686 25.493798993527889 9.9200649186968821 11.066647931933401 17.701237194240093 20.118026696145535 82.953868374228477 13.395158283412455 17.064836293458939 34.968340054154396 11.194793522357939 52.785943560302258
leaf_count=256 236 1058 319 206 85 90 139 129 600 88 98 260 74 362
internal_value=0.000143978 -0.00146318 7.06337e-05 -0.00679602 0.00602462 -0.00617838 -0.0206387 0.00463425 0.000460532 0.0088313 0.00205286 -0.00419352 0.00961158 0.0159182
internal_weight=523.594 483.453 453.812 180.992 64.1817 38.688 27.6213 272.819 199.916 116.962 103.566 86.5016 46.1631 72.904
internal_count=4000 3764 3508 1578 520 314 224 1930 1439 839 751 653 334 491
is_linear=0
shrinkage=0.05


Tree=31
num_leaves=15
num_cat=0
split_feature=12 13 10 2 9 9 6 3 11 8 8 0 4 7
split_gain=6.46064 7.21139 6.93606 6.82743 7.18263 6.52841 6.43584 6.35573 5.09231 5.23097 5.6785 8.13302 6.95289 4.88063
threshold=1.0000000180025095e-35 3.0000000000000004 45.690359097661393 6.314440056051513 0.38311290348240984 0.37817347551999353 4.4373436627557572 0.21812327527386541 1.0000000180025095e-35 0.52585424332697972 1.0670211000281264 1.2928268413610471 0.18270652306657223 2.7070267714473277
decision_type=2 2 2 2 2 2 2 2 2 2 2 2 2 2
left_child=1 3 -3 8 6 7 -5 -2 -1 -10 -11 12 -12 -14
right_child=5 2 -4 4 -6 -7 -8 -9 9 10 11 -13 13 -15
leaf_value=-0.013598687746336484 0.005457250855924238 -0.01792963444415072 0.014610555305204685 0.025726668802801757 0.048299747983698849 -0.020931472112251139 -0.013109528075658895 0.045384348093906901 0.037805410173404899 -0.019557934408263429 0.015653775967320704 0.042194203593272507 -0.019595459541732488 0.029120508388982148
leaf_weight=173.44531825184822 19.935719229280949 18.797835975885391 96.466987587511539 16.604162141680717 9.5880004093050939 8.3359638527035695 26.094809360802174 19.574815221130848 7.3105640411376944 36.306170798838139 31.922467596828938 10.877613522112368 42.898486599326134 4.9285783246159545
leaf_count=1518 164 136 598 102 50 55 165 118 60 312 226 89 375 32
internal_value=0.000137512 -0.00163896 0.0091952 -0.00512394 0.0114304 0.0174549 0.00223567 0.0258705 -0.00796502 -0.000639495 -0.00313188 0.0035902 -0.00213261 -0.0140817
internal_weight=523.087 475.241 115.265 359.976 52.287 47.8465 42.699 39.5105 307.689 134.244 126.933 90.6271 79.7495 47.8271
internal_count=4000 3663 734 2929 317 337 267 282 2612 1094 1034 722 633 407
is_linear=0
shrinkage=0.05


Tree=32
num_leaves=15
num_cat=0
split_feature=13 10 5 11 6 2 6 5 0 7 4 6 0 6
split_gain=6.01907 4.7752 4.36684 4.45767 4.51324 4.01613 6.15436 5.68743 8.48034 4.78478 4.4725 4.09122 4.17474 4.70482
threshold=1.0000000180025095e-35 41.311665397692572 0.87555491610862479 1.0000000180025095e-35 11.159476105030434 2.0982010316237298 2.0182628956115458 0.59965767536681869 0.71829038255012234 1.9056756128812424 0.36749086329948594 4.8774417214660977 1.2656790189457834 3.7912463759720785
decision_type=2 2 2 2 2 2 2 2 2 2 2 2 2 2
left_child=5 -2 3 4 -3 7 -7 11 -9 10 -10 12 13 -1
right_child=1 2 -4 -5 -6 6 -8 8 9 -11 -12 -13 -14 -15
leaf_value=-0.041375871908259886 -0.013600279080363882 -0.0029478681945819749 0.030430481793819963 0.01232777349946715 0.028860906446318158 -0.037553129534218056 0.0029721071175614379 -0.047499660815105288 0.029950340232917039 0.054333696007530997 -0.014556407126058338 -0.037114486037914958 0.022120261232879773 0.01279955405009018
leaf_weight=10.087860070168974 32.325195789337158 148.7183795273304 16.782574735581875 113.88469256460667 11.049371674656866 9.2667162641882879 106.11428314447403 6.0404202863574019 8.3070460781455093 4.8063880652189246 13.37394557893276 29.186603844165802 6.8185815513133994 5.6759287342429152
leaf_count=116 236 1054 94 739 75 84 813 70 80 37 128 330 79 65
internal_value=0.000139912 0.00435686 0.00639529 0.00481583 -0.000582171 -0.00666413 -0.000577347 -0.014891 0.00150863 0.0140064 0.00306495 -0.0250286 -0.00849668 -0.0222695
internal_weight=522.438 322.76 290.435 273.652 159.768 199.678 115.381 84.2968 32.5278 26.4874 21.681 51.769 22.5824 15.7638
internal_count=4000 2198 1962 1868 1129 1802 897 905 315 245 208 590 260 181
is_linear=0
shrinkage=0.05


Tree=33
num_leaves=15
num_cat=0
split_feature=9 12 9 13 10 3 3 10 3 5 5 6 1 0
split_gain=5.83732 6.97019 7.04377 6.99932 6.17265 5.88936 5.69955 5.37467 5.99175 5.55114 6.75448 5.99395 5.21332 4.06213
threshold=0.061603066026959745 1.0000000180025095e-35 0.37817347551999353 3.0000000000000004 45.690359097661393 0.23972019864388042 1.4965475861500288 46.7264048940918 0.45148542968578947 0.59636771154414581 0.60904701857000221 7.2802261505247978 0.148224938646523 0.33733119369522924
decision_type=2 2 2 2 2 2 2 2 2 2 2 2 2 2
left_child=13 3 5 6 -5 -3 7 8 -2 -9 -11 -12 -7 -1
right_child=1 2 -4 4 -6 12 -8 9 -10 10 11 -13 -14 -15
leaf_value=0.0051796215596704928 0.00078441331041148631 0.010176496443059201 -0.020170404058617655 -0.015726708218833266 0.015765183083640458 0.07152340878095971 0.02945514827214768 -0.014050769233147846 0.041502206459186411 0.046198420646092482 -0.011206799781850116 0.015572439506817038 0.013414999231435125 -0.032400434078725636
leaf_weight=10.256482660770418 50.883057489991188 20.468738205730915 8.2233358770608884 17.879039034247398 91.204951249063015 10.027295067906381 11.280294477939604 162.47821483016014 9.9962456747889501 6.6001442223787299 65.166723184287548 29.563169434666634 6.7889075204730025 21.263480834662914
leaf_count=69 433 162 55 130 549 54 62 1386 64 51 522 217 43 203
internal_value=0.000127412 0.00148443 0.0199026 -0.000439292 0.0105076 0.0290369 -0.00401424 -0.0052639 0.00803283 -0.00835115 0.000835928 -0.0027742 0.050134 -0.0203888
internal_weight=522.08 490.56 45.5083 445.052 109.084 37.2849 335.968 324.688 60.8793 263.808 101.33 94.7299 16.8162 31.52
internal_count=4000 3728 314 3414 679 259 2735 2673 497 2176 790 739 97 272
is_linear=0
shrinkage=0.05


Tree=34
num_leaves=15
num_cat=0
split_feature=7 1 9 6 6 6 0 1 10 10 5 9 10 7
split_gain=5.58761 7.85251 5.62044 6.12161 12.6827 14.6503 9.46261 7.64197 6.24708 6.0273 5.82745 5.51045 6.21383 6.80429
threshold=2.243036766070762 0.13005299462881717 0.061603066026959745 7.2802261505247978 4.535789558713887 4.3300878521033379 0.91276996423765577 0.21891471353036304 57.686421916706543 68.053717528748962 0.58147815256776947 0.36141224535549871 54.690322847222404 1.0604339086281027
decision_type=2 2 2 2 2 2 2 2 2 2 2 2 2 2
left_child=2 -2 -1 4 5 9 7 10 -7 11 -5 12 -4 -14
right_child=1 -3 3 6 -6 8 -8 -9 -10 -11 -12 -13 13 -15
leaf_value=-0.023713223325089475 0.002554115542418777 0.040064256196326413 0.0014244321018212153 0.0012424089188592124 -0.015815553123430533 0.010382295228383933 -0.014714554770358077 0.068258921996807262 0.078912250953142971 0.017376769899948283 0.027985117136294507 0.012942435398569924 -0.044465425110724495 -0.0059920853562331596
leaf_weight=26.642716564238071 48.019686050713062 18.755117684602737 49.078559800982475 46.417328707873821 132.07943368703127 5.8706290051341039 29.943423949182034 5.8882379233837119 7.8683337494730949 38.375690795481205 35.439514942467213 31.201414726674557 20.789269246160984 25.09013856202364
leaf_count=241 318 100 404 348 1046 44 263 36 54 285 244 237 179 201
internal_value=0.000130659 0.0135253 -0.00186184 -0.000449639 -0.00413181 0.00456435 0.00921354 0.0174529 0.0523207 0.000284635 0.0130185 -0.00501029 -0.0109826 -0.0240021
internal_weight=521.459 66.7748 454.685 428.042 310.353 178.274 117.689 87.7451 13.739 164.535 81.8568 126.159 94.958 45.8794
internal_count=4000 418 3582 3341 2450 1404 891 628 98 1306 592 1021 784 380
is_linear=0
shrinkage=0.05


Tree=35
num_leaves=15
num_cat=0
split_feature=13 10 9 9 0 9 9 7 1 1 1 10 9 6
split_gain=5.27367 4.34945 4.19918 9.56682 5.42918 4.16247 10.5821 4.69978 4.2884 3.82878 4.52974 5.51264 4.14803 4.43222
threshold=1.0000000180025095e-35 41.311665397692572 0.24107704759443147 0.20632923327099792 0.12227959434598737 0.14986956664151721 0.17917731741246998 0.82489495591642736 0.099695301283478546 0.016131020999489331 0.038253358282624363 60.532161156084676 0.56966829355115245 4.5155818812412045
decision_type=2 2 2 2 2 2 2 2 2 2 2 2 2 2
left_child=-1 -2 3 5 -4 -3 8 -8 -7 -6 11 -11 13 -12
right_child=1 2 4 -5 9 6 7 -9 -10 10 12 -13 -14 -15
leaf_value=-0.0062763446063660846 -0.013160099334199791 -0.0018569301145872994 0.049847135287720168 -0.030423515983641194 -0.028522389431403519 0.057935050112601319 0.023093213199947015 -0.02177029738196469 0.013569073104302566 0.0052375868241437097 0.016807903602744933 0.06060250304535704 0.043572835286301653 -0.0035708517626853141
leaf_weight=197.92455510795116 32.017053924500942 77.225323542952538 7.9444665014743796 21.007908433675766 5.4165408983826628 13.228763334453108 7.9496516585350063 15.956659793853758 10.085530549287794 8.8690756782889384 44.590276129543781 8.5724944174289686 6.4455156028270713 63.663290843367577
leaf_count=1802 236 556 38 163 37 91 57 108 67 61 282 52 39 411
internal_value=0.000131999 0.00406642 0.00600063 -1.72596e-05 0.0119756 0.00531727 0.0168453 -0.00652346 0.0400902 0.00944439 0.0112032 0.0342599 0.00743131 0.00490029
internal_weight=520.897 322.973 290.955 145.454 145.502 124.446 47.2206 23.9063 23.3143 137.557 132.141 17.4416 114.699 108.254
internal_count=4000 2198 1962 1042 920 879 323 165 158 882 845 113 732 693
is_linear=0
shrinkage=0.05


Tree=36
num_leaves=15
num_cat=0
split_feature=8 9 12 13 10 0 6 1 1 8 10 7 0 11
split_gain=5.28067 5.10859 5.50683 6.26193 6.42902 6.01174 7.68884 5.41705 8.11177 4.29865 4.009 3.97207 5.12143 4.83465
threshold=3.5596529960341701 0.061603066026959745 1.0000000180025095e-35 3.0000000000000004 45.690359097661393 0.13981551756109675 5.0523968714146728 0.079679891801384906 0.10868500035014822 3.3280274490173092 51.315837109844082 2.3784688501285864 0.79228745967613667 1.0000000180025095e-35
decision_type=2 2 2 2 2 2 2 2 2 2 2 2 2 2
left_child=1 -1 3 5 -5 6 -3 -4 -9 11 -2 13 -13 -7
right_child=10 2 7 4 -6 9 -8 8 -10 -11 -12 12 -14 -15
leaf_value=-0.021151684896052181 -0.011587320045866496 0.045385568824527024 -0.0062852313200196797 -0.018349911553857918 0.014539311318731802 -0.013263497359612662 -0.0081841561379161799 0.06446143527049783 0.0087126935689376041 -0.046640466429927634 0.032004373153883013 -0.0061167205975777607 0.054207047065153537 9.2876192541615636e-05
leaf_weight=28.712173163890839 6.443215228617194 11.973236784338953 15.519544616341589 16.973576508462429 87.300495684146881 153.13519518077374 13.318162404000757 9.7273682504892367 17.625366769731045 5.7189420685172072 20.17371977865696 7.8160974308848363 5.144882433116436 120.86939699947834
leaf_count=260 40 65 118 127 527 1366 80 62 118 40 116 52 40 989
internal_value=0.000136667 -0.00105114 0.000232391 -0.00151595 0.0090622 -0.00500239 0.017938 0.0170939 0.0301127 -0.00703904 0.0214146 -0.0060906 0.0199965 -0.0073928
internal_weight=520.451 493.834 465.122 422.25 104.274 317.976 25.2914 42.8723 27.3527 292.685 26.6169 286.966 12.961 274.005
internal_count=4000 3844 3584 3286 654 2632 145 298 180 2487 156 2447 92 2355
is_linear=0
shrinkage=0.05


Tree=37
num_leaves=15
num_cat=0
split_feature=8 9 10 9 9 3 9 9 7 1 9 3 0 9
split_gain=4.9058 6.84747 9.16369 8.87253 6.71296 6.18522 5.93367 5.74837 7.3388 10.5313 6.69533 5.45576 7.30706 5.11772
threshold=2.6050051431333521 0.18062754085207136 55.526079525770243 0.34552141507536055 0.22906211340476709 1.4965475861500288 0.25289280523434171 0.18664407644107947 0.7980671222135155 0.13111638151348751 0.15135656958634314 0.4409645046715418 0.36726051209862792 0.13760361459378448
decision_type=2 2 2 2 2 2 2 2 2 2 2 2 2 2
left_child=4 2 -2 -3 7 6 -6 10 9 -9 13 12 -12 -1
right_child=1 3 -4 -5 5 -7 -8 8 -10 -11 11 -13 -14 -15
leaf_value=-0.0057614755426009575 -0.0047171884423678132 -0.014670015290466543 0.048484314379899668 0.028250831207389915 0.025549834360996816 0.044330875848504391 -0.0006741878510870122 -0.022566849438636519 -0.038809035567508796 0.056639364913713755 0.063812750274800045 -0.022378736038001251 0.0088526762956867844 -0.035745296950916043
leaf_weight=101.09381927549839 12.76897858083248 35.098399013280869 20.356374643743038 17.067096196115017 23.198555469512939 8.0648269504308683 198.21877482533455 12.817552104592325 29.110495299100876 5.0280114263296118 7.0121788829565039 7.8577563017606726 26.447448782622814 15.687143728137015
leaf_count=859 87 228 125 106 192 41 1508 110 251 37 50 52 228 126
internal_value=0.000133516 0.0110249 0.0284392 -0.000360263 -0.00202464 0.00384329 0.0021759 -0.00857839 -0.02375 0.00157088 -0.0039514 0.0131397 0.0218883 -0.0100585
internal_weight=519.827 85.2908 33.1254 52.1655 434.537 229.482 221.417 205.054 46.9561 17.8456 158.098 41.3174 33.4596 116.781
internal_count=4000 546 212 334 3454 1741 1700 1713 398 147 1315 330 278 985
is_linear=0
shrinkage=0.05


Tree=38
num_leaves=15
num_cat=0
split_feature=12 7 1 1 13 10 2 7 6 1 1 1 0 0
split_gain=4.64215 4.9818 5.2746 7.26258 4.91466 5.23489 5.1452 5.92707 4.99487 4.36928 6.57669 6.24693 6.92397 4.67787
threshold=1.0000000180025095e-35 2.0151127466727092 0.079679891801384906 0.116360951576907 3.0000000000000004 68.751675621931426 6.314440056051513 0.83859744236267419 5.8492851009200786 0.08233859199859199 0.068282481209087517 0.056530290474107313 0.77876107380226434 0.49131355656969861
decision_type=2 2 2 2 2 2 2 2 2 2 2 2 2 2
left_child=4 2 -2 -4 6 9 -1 -8 -7 10 11 12 13 -6
right_child=1 -3 3 -5 5 8 7 -9 -10 -11 -12 -13 -14 -15
leaf_value=-0.0068595781870433442 -0.016451158160881382 0.045042950582233843 0.051035986473909715 -0.002884361857627497 0.015212297191369007 0.047075126948773326 0.03355905024247792 -0.0017052623897485101 0.0026688431597977997 -0.0083089327910489987 0.05727205064530641 -0.032626390876402463 0.048071657704888422 -0.0334873288618018
leaf_weight=301.15273294597864 14.955586075782774 9.6351311579346639 9.9277089461684245 14.339373528957365 12.948890425264841 13.309609211981298 16.784474968910217 35.834963954985142 11.587240800261496 48.930991843342781 6.1356243565678588 7.7646969556808463 9.5291078314185125 6.6315956860780707
leaf_count=2612 119 52 66 100 79 72 102 215 67 314 39 52 64 47
internal_value=0.000133017 0.0146419 0.00623962 0.0203214 -0.00140112 0.00744959 -0.00433693 0.00995939 0.0273091 0.00183582 0.0133037 0.00466871 0.01537 -0.00210719
internal_weight=519.468 48.8578 39.2227 24.2671 470.61 116.838 353.772 52.6194 24.8969 91.9409 43.0099 36.8743 29.1096 19.5805
internal_count=4000 337 285 166 3663 734 2929 317 139 595 281 242 190 126
is_linear=0
shrinkage=0.05


Tree=39
num_leaves=15
num_cat=0
split_feature=4 4 7 10 1 3 5 10 0 9 9 0 5 0
split_gain=4.61395 7.63788 5.43483 5.96604 5.34878 5.07632 8.31651 7.01215 9.524 4.92173 6.06053 5.52078 4.87806 4.70836
threshold=0.92068019695446679 0.55069286919402216 2.5361853257452496 70.703827706972476 0.13671629623139694 0.13671873511890759 0.614624645128793 53.85666334228948 0.83167354201517008 0.077964577383676251 0.33203211437313251 0.76549860932241842 0.40664018490495296 0.53101843769543444
decision_type=2 2 2 2 2 2 2 2 2 2 2 2 2 2
left_child=1 2 3 5 12 6 9 8 -8 11 -11 -1 -4 -12
right_child=-2 -3 4 -5 -6 -7 7 -9 -10 10 13 -13 -14 -15
leaf_value=-0.02460012387983836 0.037014804407391903 -0.02173026419699919 -0.024262673153738871 0.012706177632750868 0.045722636289598932 0.001616962049871956 -0.0037475525196922392 -0.012133288720321777 0.057741786309196463 -0.033350520023980673 0.037232486688069777 0.049824075328212779 0.02023906903822368 -0.014294127171263394
leaf_weight=3.9005133137106878 7.3474271595478049 37.997459158301353 8.1517455428838748 72.301205933094025 11.788703933358191 228.48432387411594 13.597041524946691 26.757732346653938 10.550521619617937 52.659119300544262 4.7484900057315853 4.2305396795272827 17.987495996057987 18.429129332304001
leaf_count=41 60 330 56 516 57 1667 115 227 82 497 37 44 102 169
internal_value=0.000140845 -0.000459922 0.00128886 -0.000309854 0.0191887 -0.00292756 -0.0105815 0.00530682 0.0243461 -0.0201629 -0.0241193 0.0153382 0.00597819 -0.00263433
internal_weight=518.931 511.584 473.587 435.659 37.9279 363.357 134.873 50.9053 24.1476 83.9678 75.8367 8.13105 26.1392 23.1776
internal_count=4000 3940 3610 3395 215 2879 1212 424 197 788 703 85 158 206
is_linear=0
shrinkage=0.05


Tree=40
num_leaves=15
num_cat=0
split_feature=9 12 9 13 1 7 3 2 1 0 3 7 0 0
split_gain=4.61905 5.1045 6.6921 5.03905 5.07545 7.52886 4.72805 4.39596 4.27964 3.88006 3.82038 3.61992 8.32217 6.44563
threshold=0.061603066026959745 1.0000000180025095e-35 0.37817347551999353 3.0000000000000004 0.18810879444364456 0.70396782715050288 0.23972019864388042 4.0989631227530348 0.148224938646523 0.33733119369522924 0.34218188673623268 0.90735964403791669 0.90701629273730899 0.85067246953537501
decision_type=2 2 2 2 2 2 2 2 2 2 2 2 2 2
left_child=9 3 6 4 -2 -6 -3 10 -8 -1 -7 12 -5 -13
right_child=1 2 -4 11 5 7 8 -9 -10 -11 -12 13 -14 -15
leaf_value=0.0064455922549420293 -0.005625904465232901 0.0088702918286877371 -0.021771975631903726 -0.0168522391013874 0.049033400475652071 -0.001164787802471401 0.06309677742958518 -0.023225141405830589 0.011298630231651978 -0.030733811231025344 0.048538977183422025 0.024929471018270311 0.033046438374035897 -0.0082289896318160881
leaf_weight=10.062178336083891 294.57366431504488 20.736390121281147 8.3433384895324689 29.272281669080257 9.8380861282348615 10.965926289558412 10.472379207611086 11.138261757791041 6.904052034020423 20.104431413114071 4.9334263131022444 50.635717160999775 10.549302279949186 19.892379641532898
leaf_count=69 2465 162 55 191 69 92 54 73 43 203 36 296 67 125
internal_value=0.000140135 0.00132877 0.0169116 -0.000344295 -0.00342696 0.0138236 0.02572 -0.000279916 0.044251 -0.0185236 0.0162175 0.00886249 -0.00314766 0.0155929
internal_weight=518.422 488.255 46.4562 441.799 331.449 36.8757 38.1128 27.0376 17.3764 30.1666 15.8994 110.35 39.8216 70.5281
internal_count=4000 3728 314 3414 2735 270 259 201 97 272 128 679 258 421
is_linear=0
shrinkage=0.05


Tree=41
num_leaves=15
num_cat=0
split_feature=9 4 4 6 5 6 6 8 8 8 1 4 0 6
split_gain=4.25026 4.69229 6.88959 4.78168 7.94973 5.49045 18.092 6.93635 6.14655 5.482 5.46112 5.146 4.77338 4.22378
threshold=0.061603066026959745 0.92068019695446679 0.55069286919402216 7.2802261505247978 0.56769148084736964 4.5155818812412045 4.3300878521033379 2.2515463788916983 1.7226250296725918 0.75367431448854461 0.16316375387327112 0.080100701457513232 0.88003625273875874 4.9634215823764043
decision_type=2 2 2 2 2 2 2 2 2 2 2 2 2 2
left_child=-1 2 3 5 10 6 9 8 -7 11 -5 -2 -9 -4
right_child=1 -3 13 4 -6 7 -8 12 -10 -11 -12 -13 -14 -15
leaf_value=-0.017891540519713433 0.018527823333539084 0.038912708395225128 -0.0015489168068921896 -0.0073811635864387036 0.024778693091871529 -0.00858471772891513 0.057592058513735604 0.0017568500535083739 -0.038731333832874436 0.0045132388783381975 0.027841771222754531 -0.028924637268271249 0.047836653260446525 -0.035901925489339452
leaf_weight=29.742437995970249 6.6277018710970905 7.1433565616607657 16.509830787777901 56.452106297016144 54.364220447838306 83.126675218343735 13.943992204964159 31.931564599275589 20.539996556937695 136.02071113884449 12.612244181334971 24.298037461936474 5.8425932601094237 18.780827939510345
leaf_count=272 39 56 141 441 374 684 90 204 162 1038 80 213 40 166
internal_value=0.000142011 0.001275 0.00063654 0.00233713 0.010663 -0.00087416 0.00488564 -0.00822302 -0.0148708 0.000166692 -0.000643329 -0.0184933 0.009934 -0.0203163
internal_weight=517.936 488.194 481.051 445.76 123.429 322.331 180.89 141.441 103.667 166.946 69.0644 30.9257 37.7742 35.2907
internal_count=4000 3728 3672 3365 895 2470 1380 1090 846 1290 521 252 244 307
is_linear=0
shrinkage=0.05


Tree=42
num_leaves=15
num_cat=0
split_feature=13 1 6 2 5 0 2 0 5 5 6 6 5 10
split_gain=4.1782 4.04678 3.81112 4.23959 5.74703 7.56947 4.24949 4.18365 4.85555 5.13292 3.94642 3.85332 3.71689 3.63384
threshold=1.0000000180025095e-35 0.21084212790185131 2.0182628956115458 2.0982010316237298 0.59965767536681869 0.71829038255012234 2.2812384994353017 0.88626691822915193 0.6710894034572773 0.83644461336903553 2.8742296276385964 4.4886073998565683 0.48383677840549189 41.311665397692572
decision_type=2 2 2 2 2 2 2 2 2 2 2 2 2 2
left_child=2 13 -1 4 11 -6 -5 -7 -9 -10 -8 -4 -3 -2
right_child=1 12 3 6 5 7 10 8 9 -11 -12 -13 -14 -15
leaf_value=-0.028816850313239641 -0.014177226946494193 0.043934519593512168 -0.0029363107761586314 0.039726742042074097 -0.045935085480384462 0.049009075552657787 0.028713306644944311 0.043328106458440548 -0.031817902499707722 0.029159386006381134 -0.0031965627901406504 -0.033796050373567428 0.001087483065583348 0.0039808101124098969
leaf_weight=15.259725265204905 29.650547116994858 10.520761713385584 15.381038524210451 6.3092467784881583 5.0114570930600193 6.1248876005411175 9.8512852713465673 4.5124925300478962 9.2382631152868253 4.2864306867122641 89.490180514752865 29.740847177803516 9.120352126657961 273.02266133576632
leaf_count=155 224 67 185 61 61 57 79 40 89 40 673 362 54 1853
internal_value=0.000136654 0.00362946 -0.00561961 -0.00350406 -0.0125736 0.00464918 0.00293192 0.0165495 0.00353177 -0.0118151 0.000222428 -0.0235684 0.0250551 0.00216118
internal_weight=517.52 322.314 195.206 179.946 74.2954 29.1735 105.651 24.1621 18.0372 13.5247 99.3415 45.1219 19.6411 302.673
internal_count=4000 2198 1802 1647 834 287 813 226 169 129 752 547 121 2077
is_linear=0
shrinkage=0.05


Tree=43
num_leaves=15
num_cat=0
split_feature=9 12 9 5 4 0 2 5 3 0 10 10 6 9
split_gain=3.90016 4.62697 6.11019 4.64272 4.58589 5.8261 4.55545 4.30603 4.13073 3.67971 3.66162 8.00541 6.71614 4.54565
threshold=0.061603066026959745 1.0000000180025095e-35 0.37817347551999353 0.81586466286290416 0.11375591149826186 0.58693884465232404 1.1393192700630566 0.87555491610862479 0.23972019864388042 0.33733119369522924 68.224282213779205 66.627728531877963 4.9634215823764043 0.15258147912940317
decision_type=2 2 2 2 2 2 2 2 2 2 2 2 2 2
left_child=9 3 8 10 -5 -6 -7 -8 -3 -1 11 -2 13 -12
right_child=1 2 -4 4 5 6 7 -9 -10 -11 12 -13 -14 -15
leaf_value=0.0069660745250795424 -0.0029511844252947095 0.0085239651892618732 -0.021196547388210828 0.039422239477886901 -0.022281960590075877 -0.009728382018787703 0.061384168227617303 0.0056715377031244111 0.0414507912140578 -0.029487282026600021 -0.0060404034931435787 -0.041343076668516693 -0.0062161423622363937 0.030488063548666278
leaf_weight=9.9942265525460261 292.62139648944139 20.797799684107304 8.2525295168161374 12.271832466125487 11.982567347586153 7.8450125381350544 6.932060591876505 6.560727134346962 17.671544082462788 19.364636681973934 11.184131331741808 13.253369376063345 47.310735397040844 31.17516965419054
leaf_count=69 2336 162 55 67 89 57 59 47 97 203 79 109 349 222
internal_value=0.000132438 0.00121209 0.0160017 -0.00038696 0.0145446 0.00450051 0.0198648 0.036555 0.0243164 -0.0172573 -0.00214037 -0.00474398 0.00669521 0.0209266
internal_weight=517.218 487.859 46.7219 441.137 45.5922 33.3204 21.3378 13.4928 38.4693 29.3589 395.545 305.875 89.67 42.3593
internal_count=4000 3728 314 3414 319 252 163 106 259 272 3095 2445 650 301
is_linear=0
shrinkage=0.05


Tree=44
num_leaves=15
num_cat=0
split_feature=8 8 13 11 9 6 6 6 6 5 6 5 6 5
split_gain=3.88104 4.80734 4.08561 3.50431 3.8876 7.78819 4.28291 6.62726 7.26731 4.08281 3.72917 7.86429 6.61516 4.31424
threshold=3.5596529960341701 3.3909490581701234 1.0000000180025095e-35 1.0000000180025095e-35 0.41108864876560652 6.2308704895064846 7.0966774233521575 4.374861993431761 3.2143344943892984 0.35823234763414796 2.635057453494845 0.70882540783429404 3.9598318521256108 0.55202222165683812
decision_type=2 2 2 2 2 2 2 2 2 2 2 2 2 2
left_child=1 2 -1 10 6 -6 7 8 -5 -9 11 13 -12 -4
right_child=-2 -3 3 4 5 -7 -8 9 -10 -11 12 -13 -14 -15
leaf_value=-0.006150796051859495 0.018199006466777315 -0.039491477700105616 0.015333614393253567 -0.0065579888387996086 0.052842426072817021 -0.011986362088967778 0.021193409744644592 0.0071549244033865924 0.03462970685764865 -0.027896391830072031 -0.024333542012523759 0.063859367847180201 0.0011676942300329497 -0.031561630942477638
leaf_weight=182.63414473831654 27.097439900040627 6.9426640793681136 14.680119700729852 22.244543649256229 11.949411526322367 6.7226432710885993 30.989783011376858 12.042547672986982 19.191433764994144 23.526992082595825 31.567710943520069 5.4654528796672812 115.67092008888721 6.1370326727628699
leaf_count=1716 156 45 111 151 69 40 204 81 122 164 228 32 834 47
internal_value=0.000126598 -0.000908346 -0.00027307 0.00331148 0.00959975 0.0300788 0.0058155 -0.000565475 0.012885 -0.0161582 -0.00130755 0.0156897 -0.004427 0.000695623
internal_weight=516.863 489.765 482.823 300.189 126.667 18.6721 107.995 77.0055 41.436 35.5695 173.521 26.2826 147.239 20.8172
internal_count=4000 3844 3799 2083 831 109 722 518 273 245 1252 190 1062 158
is_linear=0
shrinkage=0.05


Tree=45
num_leaves=15
num_cat=0
split_feature=8 9 9 10 8 9 9 9 3 2 5 8 9 10
split_gain=3.75507 6.18209 7.62075 7.27615 5.85958 5.94027 5.43927 5.75068 5.46996 6.05794 5.90566 4.94491 6.33991 4.96717
threshold=2.6050051431333521 0.17590551599834589 0.34552141507536055 55.526079525770243 2.5205764047746695 0.22906211340476709 0.18664407644107947 0.15135656958634314 0.4409645046715418 2.744314978325725 0.70537704122187106 0.52585424332697972 0.25289280523434171 62.047979199410626
decision_type=2 2 2 2 2 2 2 2 2 2 2 2 2 2
left_child=4 3 -3 -2 5 6 7 -1 9 10 -9 13 -13 -7
right_child=1 2 -4 -5 -6 11 -8 8 -10 -11 -12 12 -14 -15
leaf_value=-0.0085388610045078941 -0.0034957819578970506 -0.013931875888168252 0.02549064320593325 0.044550457354886192 -0.042321118355088901 0.050433731608163758 -0.02231421361280711 -0.0082790750172291715 -0.022477979820396191 0.051575803076149923 0.047144188471263393 0.027547866056942923 -0.00062199515008570403 -0.0025286288764843155
leaf_weight=112.2374968752265 12.433903917670248 36.075376912951469 17.315582439303398 19.887409090995789 7.7350874319672576 10.137297801673414 45.013942509889603 17.204840920865539 7.8362615332007399 10.479600779712198 5.5563246607780448 21.370655663311481 186.02543173730373 7.195854887366294
leaf_count=968 86 235 106 119 60 75 390 159 52 74 41 173 1412 50
internal_value=0.000122304 0.00961719 -0.000912901 0.026517 -0.00178473 -0.000945523 -0.0072336 -0.00268994 0.0131146 0.0219167 0.00666522 0.0046113 0.00239896 0.0295078
internal_weight=516.505 85.7123 53.391 32.3213 430.793 423.058 198.328 153.315 41.077 33.2408 22.7612 224.729 207.396 17.3332
internal_count=4000 546 341 205 3454 3394 1684 1294 326 274 200 1710 1585 125
is_linear=0
shrinkage=0.05


Tree=46
num_leaves=15
num_cat=0
split_feature=4 4 9 7 9 1 6 9 3 4 7 7 12 1
split_gain=3.70888 6.26633 4.30816 4.23128 4.38187 4.33358 5.01781 3.83547 4.02537 4.88334 4.05615 5.85453 3.95057 4.3829
threshold=0.92068019695446679 0.55069286919402216 0.56966829355115245 2.5361853257452496 0.49403275900633642 0.13671629623139694 4.4624052301771213 0.41108864876560652 0.081253627922290059 0.080100701457513232 1.357999808187049 0.69590688951795854 1.0000000180025095e-35 0.079679891801384906
decision_type=2 2 2 2 2 2 2 2 2 2 2 2 2 2
left_child=1 2 3 4 7 6 -5 12 -9 -10 11 -11 -1 -14
right_child=-2 -3 -4 5 -6 -7 -8 8 9 10 -12 -13 13 -15
leaf_value=-0.0034378623718025348 0.032545057327508245 -0.020071149729318602 0.028977946833529607 -0.026093427491892186 -0.028613778538514212 0.040006777654753072 0.019046672139392137 0.044898681253855703 0.037637711626104464 0.0151458685699578 0.020320886502997102 -0.047340997307913274 -0.0078765349548382997 0.02715084833153172
leaf_weight=335.51997831091285 7.6727169528603545 36.612264588475227 12.495461158454416 8.2320985347032565 13.02336200326681 11.772999115288256 17.554950192570686 7.6731717959046355 7.6963096931576755 5.7098519578576115 8.0196099355816823 8.1302041560411435 13.950520671904085 22.130576975643635
leaf_count=2697 60 330 87 52 99 56 103 63 40 43 53 67 108 142
internal_value=0.000122608 -0.000429505 0.00113358 0.000314953 -0.00113162 0.0161701 0.00420027 -0.000188492 0.0148945 0.00589048 -0.00644454 -0.022278 -0.00173551 0.0137606
internal_weight=516.194 508.521 471.909 459.414 421.854 37.56 25.787 408.83 37.2291 29.556 21.8597 13.8401 371.601 36.0811
internal_count=4000 3940 3610 3523 3312 211 155 3213 266 203 163 110 2947 250
is_linear=0
shrinkage=0.05


Tree=47
num_leaves=15
num_cat=0
split_feature=4 4 10 1 7 1 3 5 10 0 1 1 6 6
split_gain=3.32105 5.75607 4.17425 5.18989 5.14569 6.01385 4.13311 7.07375 6.22472 7.86948 4.06567 5.10759 4.22511 4.97022
threshold=0.92068019695446679 0.55069286919402216 70.703827706972476 0.15779553667172871 2.5758138003895956 0.13671629623139694 0.13671873511890759 0.614624645128793 53.85666334228948 0.83167354201517008 0.084596690003514038 0.038253358282624363 5.1715242470791614 7.4818464528999753
decision_type=2 2 2 2 2 2 2 2 2 2 2 2 2 2
left_child=1 2 4 10 6 -6 7 -1 9 -9 11 -4 -12 -14
right_child=-2 -3 3 -5 5 -7 -8 8 -10 -11 12 -13 13 -15
leaf_value=-0.01865911898824521 0.030516393292549022 -0.019367859308708223 0.036508176989510727 -0.0164106749146378 0.0023852096241423985 0.050120586582403842 0.0013867851186927993 -0.00340175995492689 -0.011711255816821172 0.051951118781858999 0.049735344398966 -0.0038190968743496479 -0.016613472191965861 0.039266085612973671
leaf_weight=82.159464452415705 7.8357793614268294 36.094397619366646 9.4857074618339521 13.274572283029554 19.016563102602962 9.1915944516658765 228.90115084499121 13.486460343003275 26.487365867942572 11.060868188738821 13.971128672361376 30.64483418315649 7.4396160542964918 6.651739314198494
leaf_count=794 60 330 70 85 117 43 1671 115 227 82 92 219 51 44
internal_value=0.000125442 -0.000402504 0.0010864 0.011308 -0.00107058 0.0191232 -0.00269206 -0.00965987 0.00490797 0.0225971 0.0168629 0.00636897 0.0311342 0.0106182
internal_weight=515.701 507.865 471.771 81.4676 390.303 28.2082 362.095 133.194 51.0347 24.5473 68.193 40.1305 28.0625 14.0914
internal_count=4000 3940 3610 561 3049 160 2889 1218 424 197 476 289 187 95
is_linear=0
shrinkage=0.05


Tree=48
num_leaves=15
num_cat=0
split_feature=9 6 8 9 2 13 8 8 6 6 10 7 3 6
split_gain=3.49198 3.79399 10.129 4.56811 4.6754 6.79932 4.0435 8.91 6.41555 10.8475 7.33602 5.68847 6.97866 8.51022
threshold=0.061603066026959745 9.7977139020563389 0.77616754639443275 0.18062754085207136 1.6656634879348347 3.0000000000000004 1.0871034161698543 1.137678735572009 4.5906523252314022 3.9899631619145137 57.595685802241519 2.4600156740595276 0.23972019864388042 6.7812871708492759
decision_type=2 2 2 2 2 2 2 2 2 2 2 2 2 2
left_child=-1 6 -3 -4 -5 -6 -2 -8 9 -9 -11 12 -10 -14
right_child=1 2 3 4 5 -7 7 8 11 10 -12 -13 13 -15
leaf_value=-0.01649804622634744 -0.007091572625802043 0.053160983470287575 0.025291957900665653 -0.04080666546231107 -0.015872064126597495 0.043070691273960598 0.048928305807713381 0.001504616870223924 -0.019864041207712839 0.0091326527429574957 0.059012449905638767 0.015875096137237525 -0.014831330989537976 0.02626285448584308
leaf_weight=28.753978151828051 147.68566814437509 11.47864058613777 12.796424604952334 7.5187041163444546 14.294839136302473 6.1997475028038016 9.2143918722867948 101.55467257648706 73.28682442009449 14.514993444085123 14.942845068871973 24.236079528927803 26.043399900197983 22.626471616327763
leaf_count=272 1202 81 96 66 103 34 77 767 644 106 94 140 179 139
internal_value=0.000131223 0.00114612 0.0137372 0.00164211 -0.00966049 0.00313276 -0.00039857 0.00306519 0.00137029 0.009369 0.0355416 -0.0058128 -0.0102168 0.00441735
internal_weight=515.148 486.394 52.2884 40.8097 28.0133 20.4946 434.105 286.42 277.205 131.013 29.4578 146.193 121.957 48.6699
internal_count=4000 3728 380 299 203 137 3348 2146 2069 967 200 1102 962 318
is_linear=0
shrinkage=0.05


Tree=49
num_leaves=15
num_cat=0
split_feature=9 5 4 4 7 10 7 1 10 1 1 1 1 6
split_gain=3.24259 4.78749 3.68112 4.88858 4.50603 3.82821 3.95985 5.11683 3.77138 4.23716 4.10188 5.28485 3.89809 4.19193
threshold=0.56966829355115245 0.48383677840549189 0.92068019695446679 0.59471188492128846 1.9056756128812424 70.703827706972476 2.5758138003895956 0.13671629623139694 86.566568896570345 0.15779553667172871 0.084596690003514038 0.038253358282624363 0.11174963463445553 5.0283783769301236
decision_type=2 2 2 2 2 2 2 2 2 2 2 2 2 2
left_child=2 -2 3 5 -5 6 -1 -8 9 10 11 -7 13 -12
right_child=1 -3 -4 4 -6 8 7 -9 -10 -11 12 -13 -14 -15
leaf_value=-0.0034876908315725494 0.05197643987088986 -0.0039866311068267671 0.031712310032564014 -0.032959496153162376 0.017839757654266701 0.038383682481666591 0.00029360761651139438 0.044253377259129201 -0.022964624581048837 -0.013741778878196815 0.078358634760439597 -0.0033751970830598285 0.012512963074853448 0.0186086261806678
leaf_weight=358.04636178538203 6.3267463296651822 7.7136119678616524 7.6888303682208052 19.471591867506508 4.8573938906192771 9.2003868222236616 18.928946137428287 9.1905201971530897 7.097871169447898 11.650902494788168 6.3165541440248507 28.926935106515884 12.931967869400976 6.2654047533869743
leaf_count=2882 45 56 58 191 38 66 117 43 47 75 42 209 88 43
internal_value=0.000134812 0.0230101 -0.000551403 -0.0011179 -0.0225133 3.8604e-05 -0.00205449 0.0156877 0.009756 0.0131012 0.0181519 0.00742497 0.0332974 0.0521658
internal_weight=514.614 14.0404 500.574 492.885 24.329 468.556 386.166 28.1195 82.39 75.2922 63.6412 38.1273 25.5139 12.582
internal_count=4000 101 3899 3841 229 3612 3042 160 570 523 448 275 173 85
is_linear=0
shrinkage=0.05


Tree=50
num_leaves=15
num_cat=0
split_feature=13 1 1 3 7 5 2 13 0 4 5 5 5 5
split_gain=3.38606 3.53438 3.98226 6.63524 5.88512 4.19126 4.15907 4.73737 4.79016 6.06454 3.72792 3.45653 3.34717 3.25666
threshold=1.0000000180025095e-35 0.21084212790185131 0.10920261449071321 0.50807413571571325 1.5741390624636735 0.81586466286290416 6.4709079385446246 3.0000000000000004 0.30121894726016368 0.37873101557227412 0.21358144953701033 0.58429493598306415 0.48383677840549189 0.26254380755150769
decision_type=2 2 2 2 2 2 2 2 2 2 2 2 2 2
left_child=-1 2 3 6 5 10 7 13 -9 -10 -4 -11 -3 -2
right_child=1 12 4 -5 -6 -7 -8 8 9 11 -12 -13 -14 -15
leaf_value=-0.0050776768838300878 -0.0213779499795144 0.040833751270138087 0.010497572008724117 0.040527017576843412 0.010176584269710182 0.017192272456503281 -0.027930052765328631 0.042849116786305791 -0.0013486244412416366 0.051580126371975454 -0.023571369417227955 0.0057350713712930271 0.00034460520548753551 0.0024922306032041808
leaf_weight=192.81217664480209 16.106354765594006 10.746139697730543 8.826910771429537 12.127086222171782 37.189937099814415 8.5639747977256757 8.871262386441229 12.018203869462011 41.720156311988831 9.6465086564421672 53.45419979095459 7.1507400050759307 9.057503789663313 85.892930708825588
leaf_count=1802 130 67 65 62 214 50 49 65 274 66 398 46 54 658
internal_value=0.000145406 0.00328511 0.00190344 0.00618534 -0.00575349 -0.0141412 0.00367999 0.00545687 0.0153224 0.00904408 -0.0186533 0.0334823 0.0232221 -0.00144799
internal_weight=514.184 321.372 301.568 193.533 108.035 70.8451 181.406 172.535 70.5356 58.5174 62.2811 16.7972 19.8036 101.999
internal_count=4000 2198 2077 1350 727 513 1288 1239 451 386 463 112 121 788
is_linear=0
shrinkage=0.05


Tree=51
num_leaves=15
num_cat=0
split_feature=11 6 9 9 6 6 6 7 4 1 8 6 8 9
split_gain=3.23543 4.6311 3.49715 3.79959 3.4689 8.55179 7.68226 6.09219 4.96667 4.69634 7.01235 9.40468 4.30008 4.2709
threshold=1.0000000180025095e-35 1.9595384537052853 0.061603066026959745 0.077964577383676251 4.4044807850911019 7.2802261505247978 3.9353759096663476 2.243036766070762 0.10466302203768409 0.084596690003514038 1.477307609331975 9.5305083166596365 1.4888240090912281 0.34848475405388873
decision_type=2 2 2 2 2 2 2 2 2 2 2 2 2 2
left_child=2 -2 -1 -4 6 7 8 -6 -3 13 11 -11 -10 -7
right_child=1 4 3 -5 5 9 -8 -9 12 10 -12 -13 -14 -15
leaf_value=-0.024700132029742434 -0.020972655174453167 0.036694100117474863 0.025400197735161081 -0.0030990483144693552 -0.015471575707686827 0.010148895833015009 0.044384504978706718 0.023172799865539835 -0.017396097773266155 -0.024708460772945483 0.052468852028671201 0.043118125105219382 0.014064161961978528 -0.036665551757904889
leaf_weight=16.859530236572027 15.235929004848002 9.5016552060842496 11.230879120528696 268.30584172531962 62.189103625714779 22.297120127826933 16.674814142286777 11.24318493157625 20.807599764317274 10.123117133975031 14.934177882969378 8.4883139804005605 20.651440687477589 5.1602298244833937
leaf_count=162 119 56 91 2112 502 179 110 68 181 75 94 59 155 37
internal_value=0.000148411 0.00477056 -0.00324502 -0.00186758 0.00680529 0.00211892 0.0159535 -0.00932292 0.0059755 0.0158203 0.0280884 0.00684719 -0.00176306 0.000371497
internal_weight=513.703 217.307 296.396 279.537 202.071 134.435 67.6355 73.4323 50.9607 61.003 33.5456 18.6114 41.459 27.4573
internal_count=4000 1635 2365 2203 1516 1014 502 570 392 444 228 134 336 216
is_linear=0
shrinkage=0.05


Tree=52
num_leaves=15
num_cat=0
split_feature=13 6 6 7 9 7 4 7 8 9 9 7 5 0
split_gain=3.07017 3.47847 3.55314 8.88557 6.26931 6.80748 4.71116 6.99228 9.40901 9.62442 8.84804 5.40149 5.05719 3.50503
threshold=1.0000000180025095e-35 2.0182628956115458 3.5792675692841311 0.67984806812152643 0.39797600880059963 1.5831420873608031 0.31515053633442869 0.56865826982157974 1.1249023930604982 0.13760361459378448 0.21568224564449778 1.5391006461069721 0.56193691709068072 0.95616490653590469
decision_type=2 2 2 2 2 2 2 2 2 2 2 2 2 2
left_child=1 13 3 -3 5 -5 7 10 -9 11 -4 -10 -8 -1
right_child=-2 2 6 4 -6 -7 12 8 9 -11 -12 -13 -14 -15
leaf_value=-0.040064460494515057 0.0031326331194858788 -0.033756043261008103 -0.010686618478094156 0.031426121834441628 0.072579546757607111 -0.020093912463697936 -0.038007298553732194 -0.036432167751833042 0.0016485527377834961 -0.0090310248086443983 0.056804104051498855 0.058002822790931087 -0.0012262183115795309 0.014131337144905862
leaf_weight=11.259530600160359 321.32356529682875 7.9000071398913851 8.426573224365713 15.957598052918916 4.3447316810488692 9.4509680531918985 19.946249954402447 19.649058621376753 7.4688386097550419 48.504235334694386 9.6571956351399404 9.0605226904153806 16.998138934373856 3.3755125030875197
leaf_count=116 2198 81 72 155 36 80 255 179 68 410 77 67 167 39
internal_value=0.000146546 -0.00484121 -0.00283134 0.0106175 0.0231139 0.0122275 -0.00650561 -0.000937005 -0.00702434 0.00227802 0.0264431 0.0340857 -0.0215626 -0.0274601
internal_weight=513.323 191.999 177.364 37.6533 29.7533 25.4086 139.711 102.766 84.6827 65.0336 18.0838 16.5294 36.9444 14.635
internal_count=4000 1802 1647 352 271 235 1295 873 724 545 149 135 422 155
is_linear=0
shrinkage=0.05


Tree=53
num_leaves=15
num_cat=0
split_feature=11 6 6 6 6 7 3 3 1 8 6 6 8 8
split_gain=2.95233 4.14716 3.24248 7.67128 6.52988 5.50008 4.99317 6.16964 4.1746 6.01716 8.44425 4.15533 3.79303 3.78062
threshold=1.0000000180025095e-35 2.0182628956115458 4.4044807850911019 7.2802261505247978 3.9353759096663476 2.243036766070762 0.13144901198655182 0.050372744838701682 0.084596690003514038 1.477307609331975 9.5305083166596365 8.73339128544864 2.4696721321707855 0.74613448737789556
decision_type=2 2 2 2 2 2 2 2 2 2 2 2 2 2
left_child=-1 -2 4 5 6 -4 7 -3 13 10 -10 -11 -8 -5
right_child=1 2 3 8 -6 -7 12 -9 9 11 -12 -13 -14 -15
leaf_value=-0.0031108108347555567 -0.018617378804913237 0.022573810298895509 -0.014794606162776636 0.030677003500449648 0.041262924606875966 0.021819394555797757 0.0090570498620598343 -0.032890766657360349 -0.023850829248221635 0.075693912948239267 0.040298958793429984 0.021474131083491669 0.052440157549297532 -0.01024759319207132
leaf_weight=295.66655012220144 16.816318042576313 7.0185558460652855 61.435106050223112 6.6104843020439175 17.075524285435677 11.355978809297083 23.882203266024593 12.764371328055857 9.9432844072580355 6.7759613916277877 8.6924915909767133 8.570537403225897 5.6045683622360221 20.833529394119978
leaf_count=2365 135 59 502 49 110 68 172 113 75 41 59 53 32 167
internal_value=0.000137343 0.00454931 0.00657447 0.00206575 0.0155296 -0.00886425 0.00596766 -0.0130738 0.0149525 0.0264049 0.00659973 0.0485799 0.0187525 0.000341925
internal_weight=513.045 217.379 200.563 134.217 66.3452 72.7911 49.2697 19.7829 61.4263 33.9823 18.6358 15.3465 29.4868 27.444
internal_count=4000 1635 1500 1014 486 570 376 172 444 228 134 94 204 216
is_linear=0
shrinkage=0.05


Tree=54
num_leaves=15
num_cat=0
split_feature=9 12 9 5 10 9 7 6 1 1 2 9 13 7
split_gain=3.03073 3.63253 5.44154 3.83178 4.04797 4.28294 4.17395 3.38733 3.42975 3.5283 3.25423 3.23325 3.10062 4.85107
threshold=0.061603066026959745 1.0000000180025095e-35 0.37817347551999353 0.81586466286290416 59.744227007540452 0.34552141507536055 0.92921305903206086 6.6115988777165597 0.067848349276691394 0.116360951576907 4.0989631227530348 0.21237812679318413 3.0000000000000004 0.90735964403791669
decision_type=2 2 2 2 2 2 2 2 2 2 2 2 2 2
left_child=10 3 7 12 5 -5 -6 8 -3 -10 -1 -9 -2 -14
right_child=1 2 -4 4 6 -7 -8 11 9 -11 -12 -13 13 -15
leaf_value=-0.026734302474532443 -0.0045442984038627041 -0.017774061417822021 -0.021212049687521425 0.01189260506408797 -0.031155850577412988 0.056400929706153437 0.013376164242074258 0.016432307539142745 0.045159800861461069 1.7388454574941206e-05 0.0087184282030291632 0.063701126003015807 -0.0092582305965400249 0.013726956353659715
leaf_weight=19.140758577734236 292.69865496456623 7.2386676818132427 8.13885550200939 18.26882437616587 7.3906290866434601 7.1677056252956381 13.150331951677797 8.7423030436038953 7.2917092442512539 9.0575281083583814 8.9464052841067296 6.6138357743620864 34.589884012937546 64.14019176363945
leaf_count=210 2483 57 55 128 55 47 89 56 46 60 62 40 231 381
internal_value=0.000146834 0.0010858 0.0141305 -0.000347382 0.0131485 0.0260935 -0.00334897 0.0218629 0.00928067 0.0215933 -0.0155303 0.0394408 -0.00196208 0.00566206
internal_weight=512.576 484.489 47.0829 437.406 45.9775 25.4365 20.541 38.944 23.5879 16.3492 28.0872 15.3561 391.429 98.7301
internal_count=4000 3728 314 3414 319 175 144 259 163 106 272 96 3095 612
is_linear=0
shrinkage=0.05


Tree=55
num_leaves=15
num_cat=0
split_feature=9 8 4 4 7 10 8 7 9 7 1 9 1 4
split_gain=2.93481 3.6876 3.17134 4.52556 4.11739 3.44951 3.94512 8.80786 5.38579 4.10789 3.89098 3.83712 4.31857 3.32086
threshold=0.56966829355115245 1.5000260407446686 0.92068019695446679 0.59471188492128846 1.9056756128812424 70.703827706972476 1.251206640825214 0.92921305903206086 0.18664407644107947 0.77319653522367793 0.061058121022803946 0.1973663841656346 0.095103590412615402 0.12508873680197105
decision_type=2 2 2 2 2 2 2 2 2 2 2 2 2 2
left_child=2 -2 3 5 -5 -1 7 9 13 11 -10 -7 -13 -8
right_child=1 -3 -4 4 -6 6 8 -9 10 -11 -12 12 -14 -15
leaf_value=-0.0019350794505957969 -0.0008381319762159903 0.048544088711904188 0.029114473135770053 -0.032152212700941638 0.01633659733828503 -0.007537398242580865 0.041698495160714777 0.074295997004815623 0.013696888711166994 -0.027164849610502358 -0.026559606958489326 0.0094573912903704697 0.064673411449444967 0.0026983343709583822
leaf_weight=383.90009351819754 8.1851775422692281 5.9723964408040038 7.8741530850529662 18.885409995913509 4.9390061348676673 8.38396685943008 8.0094511732459086 5.6015990674495688 7.8550047948956516 5.1908214986324301 18.928982965648174 8.6411876380443555 5.5317998528480521 14.23175287619233
leaf_count=3042 62 39 58 191 38 65 40 38 54 42 128 61 36 106
internal_value=0.000147977 0.0218221 -0.000510726 -0.00104501 -0.0218469 6.23444e-05 0.00928274 0.0222765 0.000175131 0.0095559 -0.0146854 0.0188005 0.0338506 0.0179328
internal_weight=512.131 14.1576 497.973 490.099 23.8244 466.275 82.3746 33.3494 49.0252 27.7478 26.784 22.557 14.173 22.2412
internal_count=4000 101 3899 3841 229 3612 570 242 328 204 182 162 97 146
is_linear=0
shrinkage=0.05


Tree=56
num_leaves=15
num_cat=0
split_feature=9 0 9 3 4 4 9 5 5 10 10 8 5 1
split_gain=2.80767 3.09352 3.12852 3.80419 2.64781 5.14796 3.24105 3.55961 2.70408 6.07115 6.71233 9.02597 8.65126 8.46639
threshold=0.061603066026959745 0.33733119369522924 0.04267168901657991 0.13505573684915403 0.92068019695446679 0.69876428824431691 0.56966829355115245 0.48383677840549189 0.54322250175606579 68.224282213779205 52.576446565103623 2.6050051431333521 0.099265277648821468 0.21347427513962541
decision_type=2 2 2 2 2 2 2 2 2 2 2 2 2 2
left_child=1 -1 3 -3 5 6 8 -8 9 10 13 12 -12 -2
right_child=4 2 -4 -5 -6 -7 7 -9 -10 -11 11 -13 -14 -15
leaf_value=0.0069469657743431324 -0.0012166714195018474 0.023541480721292408 -0.046159690922593838 -0.035912688630982084 0.02803201684566474 -0.031909581970500853 0.048845065126032011 -0.00051591779834339547 0.0047127346158420775 0.011564328058184916 0.034906336377456583 0.015726526631408177 -0.026320208421965186 0.057723482982446651
leaf_weight=9.9200429394841212 73.451995003968477 4.7615508548915404 8.9965135119855386 4.0678459070622921 7.9297573864459983 10.912061631679533 6.4213425219058973 7.1510410085320473 212.91336671635509 54.136031359434128 5.3520619794726363 18.318462781608105 81.826277546584606 5.6403280198574057
leaf_count=69 617 57 104 42 56 109 44 50 1555 394 42 117 706 38
internal_value=0.000157067 -0.0150261 -0.0269735 -0.00471693 0.00105655 0.000549468 0.00137764 0.024587 0.000627392 -0.00302069 -0.00733742 -0.0155354 -0.0222081 0.00365477
internal_weight=511.799 27.746 17.8259 8.8294 484.053 476.123 465.211 13.5724 451.639 238.725 184.589 105.497 87.1783 79.0923
internal_count=4000 272 203 99 3728 3672 3563 94 3469 1914 1520 865 748 655
is_linear=0
shrinkage=0.05


Tree=57
num_leaves=15
num_cat=0
split_feature=11 9 10 7 8 1 10 2 2 7 10 5 5 2
split_gain=2.74392 3.21215 6.70243 6.39775 9.62329 7.55937 4.48253 7.84014 4.47128 4.24547 4.18633 3.77173 5.35922 3.3136
threshold=1.0000000180025095e-35 0.34148674042291749 66.627728531877963 1.3727251734425339 0.88407866436259597 0.077180656345288742 68.93260624767926 2.8973118011484957 4.641310447328574 1.9282429973692687 71.958298396521442 0.71153139227885143 0.73899170750355536 2.3185640934755734
decision_type=2 2 2 2 2 2 2 2 2 2 2 2 2 2
left_child=1 6 3 4 5 -3 11 10 -9 -5 -8 -1 -13 -4
right_child=-2 2 13 9 -6 -7 7 8 -10 -11 -12 12 -14 -15
leaf_value=-0.014012570329571625 0.0044101332435378905 0.065096285425391504 8.5212604705304056e-05 0.049740707178843824 -0.022821590797125244 -0.00210812967055782 0.018505678993647565 0.053109415826747122 0.0073840010375605201 0.0060899027684192539 -0.02263331259773722 0.042997343261798042 -0.0048053814553126835 -0.040387049801815303
leaf_weight=129.73963489755988 216.86508013680577 6.6308877281844607 10.567689239978792 14.356605488806965 19.312762819230556 9.1307120174169523 8.0002402551472205 9.4791404679417628 11.692205190658568 9.2296885102987272 19.406745813786983 6.1303501725196829 32.183537535369396 8.6916755437850934
leaf_count=1139 1635 54 86 101 161 67 71 60 62 58 170 44 236 56
internal_value=0.000153031 -0.0029856 0.00567067 0.0140455 0.000327546 0.0283616 -0.00611091 0.00715925 0.0293289 0.0336019 -0.0103959 -0.0099665 0.00374236 -0.0192717
internal_weight=511.417 294.552 77.92 58.6607 35.0744 15.7616 216.632 48.5783 21.1713 23.5863 27.407 168.054 38.3139 19.2594
internal_count=4000 2365 583 441 282 121 1782 363 122 159 241 1419 280 142
is_linear=0
shrinkage=0.05


Tree=58
num_leaves=15
num_cat=0
split_feature=13 10 10 11 10 7 1 8 8 7 9 10 13 10
split_gain=2.67206 3.327 4.10663 3.00711 3.32748 3.0645 3.61517 3.029 3.28515 4.86908 3.15044 4.32824 4.36374 4.36175
threshold=1.0000000180025095e-35 41.311665397692572 42.913717039645448 1.0000000180025095e-35 49.634157787652534 1.7859866000801241 0.077180656345288742 0.53185996292114879 0.78958063923883448 0.71589650673349781 0.077964577383676251 51.738344125395948 3.0000000000000004 60.904518304850434
decision_type=2 2 2 2 2 2 2 2 2 2 2 2 2 2
left_child=-1 -2 -3 4 5 6 -4 -6 -9 -10 -11 -12 13 -13
right_child=1 2 3 -5 7 -7 -8 8 9 10 11 12 -14 -15
leaf_value=-0.0045236477675684146 -0.01237222742707326 0.041784667521430501 -0.0036400021613642963 0.0096194825958580039 -0.025317749942154591 0.0080052589453015258 -0.052404585167256913 0.02444993660488359 -0.035484981090658473 0.028569847320433817 0.031805845620674206 -0.028111001089809393 0.010544714749018974 0.00054589785889933224
leaf_weight=190.42126910015941 31.036194704473019 6.2546982690691939 7.0334125384688395 120.12780313193798 8.450880900025366 6.9845836684107772 7.699594147503376 16.098677925765514 7.5059928670525542 10.481308028101919 9.1766638159751874 22.068618647754192 36.592125900089741 31.199533432722092
leaf_count=1802 236 43 54 763 60 45 66 114 60 78 65 178 212 224
internal_value=0.000154181 0.00293706 0.00461425 0.00364992 -0.000773501 -0.0185416 -0.0308358 0.00206309 0.00397708 0.000977389 0.00377486 0.000891384 -0.00258095 -0.0116257
internal_weight=511.131 320.71 289.674 283.419 163.291 21.7176 14.733 141.574 133.123 117.024 109.518 99.0369 89.8603 53.2682
internal_count=4000 2198 1962 1919 1156 165 120 991 931 817 757 679 614 402
is_linear=0
shrinkage=0.05


Tree=59
num_leaves=15
num_cat=0
split_feature=9 5 2 6 7 13 9 0 5 5 7 9 7 10
split_gain=2.62467 3.11737 3.37723 2.88816 6.78234 4.00468 3.14587 2.7881 5.2047 3.15108 2.57582 2.50177 4.79739 4.68851
threshold=0.061603066026959745 0.6710894034572773 5.1363862676518286 9.7977139020563389 0.63681154301865994 3.0000000000000004 0.17462202742760791 0.13981551756109675 0.38728212977776749 0.52559961175899594 2.0682504120994296 0.081455513554253886 0.78265872978102391 63.840751613069166
decision_type=2 2 2 2 2 2 2 2 2 2 2 2 2 2
left_child=1 2 10 7 -5 6 -6 8 -2 -10 -1 12 -9 -14
right_child=3 -3 -4 4 5 -7 -8 11 9 -11 -12 -13 13 -15
leaf_value=-0.027925216980831433 -0.013342655089366785 -0.043405267947236842 0.024633300253414991 0.04441625060970622 0.0139909459861086 0.025734479109516862 -0.019045582541428671 -0.020457901320345445 0.048459949995260619 0.010795887148179382 0.01634931177395146 -0.0024878729363502707 0.052267124807551739 -0.0060609665634110722
leaf_weight=11.750373978167778 11.890254728496073 6.0840920358896247 5.9445153251290312 11.374564751982687 10.216921575367452 11.721436977386473 19.560736823827028 5.7116362862288979 8.7073234766721743 14.821336083114145 3.6815058737993231 375.87320793420076 8.363885395228861 5.1502118110656729
leaf_count=142 68 60 40 76 79 65 160 49 47 80 30 2999 66 39
internal_value=0.00014238 -0.0146146 -0.00484668 0.00100913 0.0119234 0.00218178 -0.00762423 -0.000355814 0.0128843 0.0261417 -0.0170107 -0.00157226 0.0155664 0.0311523
internal_weight=510.852 27.4605 21.3764 483.392 52.8737 41.4991 29.7777 430.518 35.4189 23.5287 15.4319 395.099 19.2257 13.5141
internal_count=4000 272 212 3728 380 304 239 3348 195 127 172 3153 154 105
is_linear=0
shrinkage=0.05


Tree=60
num_leaves=15
num_cat=0
split_feature=12 4 5 10 8 13 2 2 2 0 1 1 1 10
split_gain=2.55864 3.1892 2.9666 3.56672 3.19662 2.89077 3.47307 8.57793 4.87501 5.33907 4.25711 3.29223 5.06821 6.55905
threshold=1.0000000180025095e-35 0.11138482515786145 0.81586466286290416 59.744227007540452 1.0436212374709017 1.0000000180025095e-35 2.0982010316237298 2.2658101058803854 0.96547887085063211 1.5681182680486141 0.058252434459827328 0.16541892642636 0.11174963463445553 75.815836071133276
decision_type=2 2 2 2 2 2 2 2 2 2 2 2 2 2
left_child=2 -2 5 -4 -5 6 8 -8 9 10 -1 12 13 -7
right_child=1 -3 3 4 -6 11 7 -9 -10 -11 -12 -13 -14 -15
leaf_value=-0.00048671312713263011 0.028905759623083029 0.002042924065242565 0.022638459146830041 -0.029569346629015027 0.009105999695741291 -0.00064214422257376333 0.057741042525093114 -0.0054678972022488594 -0.024762418708317611 -0.023161656213085677 0.067920801687789731 0.013308560911067172 -0.014287000287573324 0.03174322627191583
leaf_weight=4.5832256451249105 15.450919255614279 34.165713552385569 26.32586444914341 7.1421515867114094 14.640751421451567 143.40136894956231 4.7201423011720172 86.210243579000235 46.578567124903202 6.8352176919579497 3.4870460741221905 42.806694149971008 57.648076605051756 16.542680993676186
leaf_count=58 82 255 180 56 101 1051 46 695 572 80 41 277 412 94
internal_value=0.000142165 0.010814 -0.00102754 0.0105945 -0.00431611 -0.00240429 -0.00784907 -0.00159435 -0.0169258 0.00758038 0.0333007 0.000800439 -0.0017099 0.00288383
internal_weight=510.539 49.6166 460.922 48.1088 21.7829 412.813 152.414 90.9304 61.4841 14.9055 8.07027 260.399 217.592 159.944
internal_count=4000 337 3663 337 157 3326 1492 741 751 179 99 1834 1557 1145
is_linear=0
shrinkage=0.05


Tree=61
num_leaves=15
num_cat=0
split_feature=9 5 2 6 1 6 6 7 8 5 7 4 8 8
split_gain=2.40828 2.9891 3.08356 2.67306 5.65782 5.17259 11.9704 6.59714 5.46393 4.07456 5.25064 4.05457 4.04679 8.90672
threshold=0.061603066026959745 0.6710894034572773 5.1363862676518286 7.2802261505247978 0.21891471353036304 4.5155818812412045 4.3300878521033379 2.243036766070762 0.75367431448854461 0.63346278823751034 0.63681154301865994 0.080100701457513232 1.2204327101402317 1.0871034161698543
decision_type=2 2 2 2 2 2 2 2 2 2 2 2 2 2
left_child=1 2 -1 5 9 6 8 12 11 -5 -11 -2 13 -7
right_child=3 -3 -4 4 -6 7 -8 -9 -10 10 -12 -13 -14 -15
leaf_value=-0.016386468363704911 0.014935495502876423 -0.042737014572716281 0.023337620291994543 -0.0026993272709456857 0.044126042441722184 -0.011288891451499514 0.045041779243721838 0.015834265627397339 0.0043171767528142465 0.04639695031471814 0.0065166035209207806 -0.026811289746552277 -0.020996049966659859 0.04199449570271515
leaf_weight=15.185568120330577 6.7241038605570784 5.8911788687109938 6.0230669081211081 81.376400887966156 8.4965969100594503 49.094297535717487 15.253705471754072 22.878238588571548 149.83882574737072 9.7973855286836606 36.928617715835571 25.812831167131662 68.459986418485641 8.3030296601355058
leaf_count=172 39 60 40 637 51 424 97 140 1151 62 253 238 569 67
internal_value=0.000144078 -0.0140866 -0.00456231 0.00097004 0.00686646 -0.00136846 0.00392575 -0.00838227 0.000259983 0.00407251 0.0156756 -0.0179958 -0.0128745 -0.00299385
internal_weight=510.064 27.0998 21.2086 482.964 136.599 346.365 197.629 148.736 182.376 128.102 46.726 32.5369 125.857 57.3973
internal_count=4000 272 212 3728 1003 2725 1525 1200 1428 952 315 277 1060 491
is_linear=0
shrinkage=0.05


Tree=62
num_leaves=15
num_cat=0
split_feature=12 9 9 5 9 10 10 1 11 2 10 10 2 1
split_gain=2.32827 4.28245 3.80686 2.6172 2.46563 2.30558 2.92196 4.00969 3.98769 5.12688 2.62966 4.68323 2.91897 2.61398
threshold=1.0000000180025095e-35 0.37817347551999353 0.26563476979558076 0.89173233703157118 0.20493903802866872 86.566568896570345 70.703827706972476 0.15779553667172871 1.0000000180025095e-35 1.0145998620106689 78.779117119666623 75.815836071133276 2.3185640934755734 0.19024648028630256
decision_type=2 2 2 2 2 2 2 2 2 2 2 2 2 2
left_child=3 2 -2 5 -5 6 13 8 9 -8 11 12 -11 -1
right_child=1 -3 -4 4 -6 -7 7 -9 -10 10 -12 -13 -14 -15
leaf_value=-0.0045913427857174251 0.0062868875234140739 -0.021210832723145376 0.03857770823364276 -0.0062234613039763263 0.029933084456269424 -0.029872836564179731 -0.036890015476499137 -0.020014801302238209 0.027420242983645367 0.023690948695672676 -0.010310391773304332 0.053691838285100928 -0.019072532743334827 0.0089932531576966523
leaf_weight=324.75850744172931 29.012492522597313 8.0870508402585966 12.667913436889647 7.0026262551546123 11.780157692730425 6.1819347888231269 6.0023787282407275 10.081491742283104 25.512890685349703 7.3737429007887894 9.5774648003280145 6.0680434554815283 6.6462311819195747 38.797175586223602
leaf_count=2700 203 55 79 49 73 44 55 68 173 64 71 40 43 283
internal_value=0.000144004 0.0103062 0.016775 -0.000975941 0.01682 -0.00177023 -0.00130306 0.00788608 0.0127316 0.00176366 0.0105326 0.0204877 0.0034986 -0.00312096
internal_weight=509.55 49.7675 41.6804 459.783 18.7828 441 434.818 71.2622 61.1808 35.6679 29.6655 20.088 14.02 363.556
internal_count=4000 337 282 3663 122 3541 3497 514 446 273 218 147 107 2983
is_linear=0
shrinkage=0.05


Tree=63
num_leaves=15
num_cat=0
split_feature=13 6 0 6 7 7 4 7 5 7 1 12 4 10
split_gain=2.17417 3.07765 3.54282 3.31517 7.79378 5.6231 4.03154 5.84672 4.66647 4.02883 4.8379 5.07946 3.98198 3.02458
threshold=1.0000000180025095e-35 2.0182628956115458 0.97395792887142085 3.5792675692841311 0.67984806812152643 1.0810898745036737 0.31515053633442869 0.56865826982157974 0.56193691709068072 0.7494667547573598 0.11224112048388264 1.0000000180025095e-35 0.17580384914731526 41.311665397692572
decision_type=2 2 2 2 2 2 2 2 2 2 2 2 2 2
left_child=1 2 -1 4 -3 -6 7 12 -8 -9 11 -11 -5 -2
right_child=13 3 -4 6 5 -7 8 9 -10 10 -12 -13 -14 -15
leaf_value=-0.038927012268988224 -0.012021844918166069 -0.032178081421682068 0.016248816265296583 0.0050402977476137747 0.053137363646027259 0.0071198852975969786 -0.036625685393314816 -0.037016817256394163 -0.00071060732033824316 0.0014972892917567229 -0.018201693310507489 0.052397122195710535 0.051729911845468025 0.0042350922226426519
leaf_weight=10.717955149710177 30.765155896544456 7.4562059119343749 3.2438449673354617 11.629928082227709 8.9624651819467562 21.054747924208641 18.668843436986208 8.5352188311517221 16.818008121103048 41.503604557365179 28.799624610692263 4.5679060108959666 6.7910126224160186 289.79724527522922
leaf_count=117 236 81 38 85 85 186 255 80 167 384 228 32 64 1962
internal_value=0.000138048 -0.00410663 -0.0258784 -0.0022302 0.0107685 0.0221299 -0.0058298 -0.000712823 -0.0200907 -0.00639744 -0.00246498 0.00754984 0.0240301 0.00264234
internal_weight=509.312 188.749 13.9618 174.788 37.4734 30.0172 137.314 101.827 35.4869 83.4064 74.8711 46.0715 18.4209 320.562
internal_count=4000 1802 155 1647 352 271 1295 873 422 724 644 416 149 2198
is_linear=0
shrinkage=0.05


Tree=64
num_leaves=15
num_cat=0
split_feature=9 3 9 4 4 9 3 3 10 1 10 8 7 10
split_gain=2.3194 3.57681 2.85687 2.64604 3.88394 4.50844 3.77967 3.5981 3.03962 3.69107 3.33649 3.09389 4.2597 3.75783
threshold=0.56966829355115245 0.15089750037351765 0.49403275900633642 0.92068019695446679 0.55069286919402216 0.33203211437313251 0.067957191631310657 0.034853426557207488 70.703827706972476 0.15779553667172871 85.54697153277364 2.0372348814390997 1.4835698197159914 57.415152024858919
decision_type=2 2 2 2 2 2 2 2 2 2 2 2 2 2
left_child=2 -2 3 4 8 6 7 -6 11 10 -10 -1 -13 -14
right_child=1 -3 -4 -5 5 -7 -8 -9 9 -11 -12 12 13 -15
leaf_value=-0.004012908419857397 -0.00374053912751604 0.043966558964869569 -0.021124406937652405 0.027096412460520827 -0.038297087044959641 0.012444591736679127 -0.049174266090826903 0.013019347173294818 0.018408803748014662 -0.014227979964473182 -0.01632021038782806 0.043167278925639214 -0.0053975880977310178 0.013718336072953922
leaf_weight=253.48215458914638 7.9396866448223573 6.5091836750507355 15.19047776609659 7.9932861775159827 4.7863194122910553 8.7846562564372999 10.424706064164637 7.4871351979672909 58.949840530753136 12.568514905869959 7.0383865125477305 6.2276914641261092 55.221950139850378 46.476391661912203
leaf_count=2130 65 36 120 57 52 76 103 73 404 82 48 48 394 312
internal_value=0.000127886 0.0192062 -0.000467044 0.000230065 -0.000281837 -0.0169671 -0.0283948 -0.00837026 0.000947886 0.00979633 0.0145162 -0.000997162 0.00605763 0.00338695
internal_weight=509.08 14.4489 494.632 479.441 471.448 31.4828 22.6982 12.2735 439.965 78.5567 65.9882 361.408 107.926 101.698
internal_count=4000 101 3899 3779 3722 304 228 125 3418 534 452 2884 754 706
is_linear=0
shrinkage=0.05


Tree=65
num_leaves=15
num_cat=0
split_feature=11 6 4 3 1 5 5 5 1 4 12 4 2 1
split_gain=2.17476 3.58458 3.30295 2.98621 2.8874 3.40151 8.23877 4.46163 3.43102 5.5623 4.52292 4.19717 4.0861 4.28828
threshold=1.0000000180025095e-35 1.9595384537052853 0.32524466302321903 1.4965475861500288 0.11394562264574751 0.70537704122187106 0.6710894034572773 0.73899170750355536 0.073803703022312622 0.39598218307154526 1.0000000180025095e-35 0.39598218307154526 0.71250125391568886 0.051969847019491311
decision_type=2 2 2 2 2 2 2 2 2 2 2 2 2 2
left_child=3 2 -2 4 5 6 8 -7 9 -1 11 -10 -11 -14
right_child=1 -3 -4 -5 -6 7 -8 -9 10 12 -12 -13 13 -15
leaf_value=-0.013469872081996005 -0.035899158118447926 0.0056556905408872062 0.011007770596599801 0.024104711882657209 -0.010561578898809742 0.043079108448315244 -0.048022145834910823 0.0039135452624181047 0.01015430222007286 -0.018966641935415373 0.045759381399801166 -0.028425078222398256 0.055934665316374414 -0.0058896722616190375
leaf_weight=64.257436584681273 9.2928012982010824 202.42658404633403 5.3076197467744342 9.0551384389400464 97.329074416309595 8.2140767946839315 8.7841527685523015 35.674512807279825 39.249455362558365 4.326107293367385 6.3448999524116507 7.5586039572954169 6.9499984346330148 4.0623668245971203
leaf_count=554 77 1516 42 49 775 54 76 266 313 45 43 77 68 45
internal_value=0.000120197 0.00390065 -0.0192347 -0.00269519 -0.00363539 3.73719e-05 -0.00374295 0.0120401 -0.000475807 -0.0070123 0.00926125 0.00346021 0.019209 0.0345365
internal_weight=508.833 217.027 14.6004 291.806 282.751 185.422 141.533 43.8886 132.749 79.5959 53.153 46.8081 15.3385 11.0124
internal_count=4000 1635 119 2365 2316 1541 1221 320 1145 712 433 390 158 113
is_linear=0
shrinkage=0.05


Tree=66
num_leaves=15
num_cat=0
split_feature=9 5 7 0 13 12 9 1 6 8 1 13 4 9
split_gain=2.22544 2.89593 2.89534 2.85219 3.34066 2.49933 4.53581 3.12446 4.54052 4.20738 3.66422 3.64551 4.36917 3.85421
threshold=0.061603066026959745 0.6710894034572773 2.0682504120994296 0.85474613348156481 1.0000000180025095e-35 1.0000000180025095e-35 0.37817347551999353 0.18810879444364456 6.4961969933198036 1.1465854862595501 0.11511484683754712 3.0000000000000004 0.37873101557227412 0.27961558394732816
decision_type=2 2 2 2 2 2 2 2 2 2 2 2 2 2
left_child=1 2 3 4 -1 7 -7 10 -9 -10 11 -2 13 -13
right_child=5 -3 -4 -5 -6 6 -8 8 9 -11 -12 12 -14 -15
leaf_value=-0.0263544093005946 -0.0021824700409944437 -0.042221733910521718 0.027234624157014137 -0.044480951863187873 0.022411568880386142 0.018542107077185541 -0.020867906480733021 -0.00052591500400264366 0.056885815054699321 0.0084984681959616847 -0.0095714032219027367 -0.006344441798095549 0.03341872433645849 0.019606864078087968
leaf_weight=5.6476328447461217 205.32145877182484 5.7349535934627047 4.5926140397787085 4.3691465780138961 6.4456693157553673 39.768047329038382 8.0207983851432783 29.703131724148989 7.5405824445188072 10.371024679392574 107.98352202028036 34.62956365942955 15.53520120680332 22.97827635705471
leaf_count=59 1803 60 34 60 59 259 55 219 46 69 831 225 98 123
internal_value=0.000113938 -0.0136451 -0.00430002 -0.0141532 -0.000635845 0.000905591 0.0116355 -0.000299759 0.0116493 0.0307998 -0.00179828 0.00123946 0.0107451 0.00416479
internal_weight=508.642 26.79 21.0551 16.4624 12.0933 481.852 47.7888 434.063 47.6147 17.9116 386.448 278.464 73.143 57.6078
internal_count=4000 272 212 178 118 3728 314 3414 334 115 3080 2249 446 348
is_linear=0
shrinkage=0.05


Tree=67
num_leaves=15
num_cat=0
split_feature=9 3 9 10 4 4 9 3 3 10 1 4 8 10
split_gain=2.09774 3.17947 2.63335 2.3665 2.35707 3.70834 4.12456 3.5463 3.34957 2.68866 3.35814 3.08094 4.63894 5.41687
threshold=0.56966829355115245 0.15089750037351765 0.49403275900633642 55.766397539755992 0.92068019695446679 0.55069286919402216 0.33203211437313251 0.067957191631310657 0.034853426557207488 70.703827706972476 0.15779553667172871 0.39224039151137918 2.8823676393704583 78.779117119666623
decision_type=2 2 2 2 2 2 2 2 2 2 2 2 2 2
left_child=2 -2 4 -4 5 9 7 8 -7 -1 11 12 13 -11
right_child=1 -3 3 -5 -6 6 -8 -9 -10 10 -12 -13 -14 -15
leaf_value=-0.00091940053277785776 -0.0035848659779588797 0.041239492155105868 0.0036717264883034209 -0.03545054599475353 0.025381628559323965 -0.037849628970841723 0.011220715304483552 -0.048478997419397263 0.011839828470697547 0.026856196210691782 -0.013795347852646489 0.03878771041650262 -0.025626578361498453 -0.0069184645929184028
leaf_weight=360.61029305681586 7.9103306233882886 6.6321026235818863 6.0435756295919409 8.9375608302652818 8.1206477433443052 4.6792140789330059 8.9026099070906621 10.021109368652104 7.5908458195626736 31.285677958279848 12.477081783115862 9.4361530058085901 7.4521414488553992 18.233183119446039
leaf_count=2884 65 36 50 70 57 52 76 103 73 211 82 77 41 123
internal_value=0.000108504 0.0181955 -0.000459866 -0.0204259 0.000206108 -0.000281127 -0.0166622 -0.0278017 -0.00853365 0.000916733 0.00921684 0.0136811 0.00892527 0.0145294
internal_weight=508.333 14.5424 493.79 14.9811 478.809 470.688 31.1938 22.2912 12.2701 439.495 78.8842 66.4072 56.971 49.5189
internal_count=4000 101 3899 120 3779 3722 304 228 125 3418 534 452 375 334
is_linear=0
shrinkage=0.05


Tree=68
num_leaves=15
num_cat=0
split_feature=9 5 2 6 8 9 2 13 2 8 8 6 6 9
split_gain=2.07709 2.76092 2.70638 2.32667 6.97569 3.5538 4.0804 5.05059 3.18944 2.73414 7.74613 4.99794 8.28053 5.85281
threshold=0.061603066026959745 0.6710894034572773 5.1363862676518286 9.7977139020563389 0.77616754639443275 0.18062754085207136 1.6656634879348347 3.0000000000000004 1.9407475725295731 1.0871034161698543 1.137678735572009 4.5906523252314022 3.9899631619145137 0.26836206401084134
decision_type=2 2 2 2 2 2 2 2 2 2 2 2 2 2
left_child=1 2 -1 9 -5 8 -7 -8 -6 -2 -11 12 -12 -14
right_child=3 -3 -4 4 5 6 7 -9 -10 10 11 -13 13 -15
leaf_value=-0.015516424034336451 -0.0059714648557857878 -0.041588196867487222 0.021658717022008733 0.041887062284075315 0.046064678340209261 -0.039920567322512673 -0.014983551818548411 0.035211192805331033 -0.0012105887069656961 0.04457496985572551 0.00089492858674587717 -0.0055887899673069379 0.0088408362480760869 0.052726620991738249
leaf_weight=14.846853703260427 143.75830329954624 5.5670107975602141 6.1099538877606383 12.421584114432333 5.6345543749630433 7.0900213271379497 13.952631190419199 6.5410378426313391 7.610427550971508 9.5183004289865476 101.35960181429982 143.44505390524864 16.233569972217087 14.138818338513373
leaf_count=172 1202 60 40 81 48 66 103 34 48 77 767 1102 113 87
internal_value=9.86825e-05 -0.0132614 -0.00418522 0.000860271 0.0106159 0.000328055 -0.00984732 0.00193012 0.0207227 -0.000374096 0.00246333 0.000850575 0.00785178 0.0302998
internal_weight=508.228 26.5238 20.9568 481.704 53.2503 40.8287 27.5837 20.4937 13.245 428.454 284.695 275.177 131.732 30.3724
internal_count=4000 272 212 3728 380 299 203 137 96 3348 2146 2069 967 200
is_linear=0
shrinkage=0.05


Tree=69
num_leaves=15
num_cat=0
split_feature=11 6 4 1 1 10 5 6 8 2 2 10 0 6
split_gain=1.97388 3.22352 3.13376 2.77081 6.2528 4.41368 5.13759 3.93197 3.96525 4.9312 5.00427 6.53608 4.85246 5.28334
threshold=1.0000000180025095e-35 1.9595384537052853 0.32524466302321903 0.052565965574324476 0.041324106987320849 63.339624536431309 0.4482582726183667 9.9257929442751553 1.0871034161698543 0.94315529986451396 1.8647564364698042 75.815836071133276 0.58693884465232404 6.6607782725054845
decision_type=2 2 2 2 2 2 2 2 2 2 2 2 2 2
left_child=-1 2 -2 4 5 6 -3 8 -5 -10 -11 12 13 -12
right_child=1 3 -4 7 -6 -7 -8 -9 9 10 11 -13 -14 -15
leaf_value=-0.0025882775059580506 -0.034968400936792356 0.02402923956117245 0.010899346241944514 -0.0064251519808373198 -0.032987487487766996 0.027440193414291561 -0.026698771350863792 0.030114436835603338 0.048509605670012938 -0.010956515173893304 0.0040993149069809614 -0.026418112377087889 0.057090496558709097 0.04093184592636958
leaf_weight=290.69024718552828 9.0582784228026849 6.8968966491520431 5.3042092956602565 45.496965229511261 13.281783815473316 13.504851061850784 12.769376955926417 17.647004373371601 7.2316407449543467 24.56686182320118 34.007408276200294 7.3380987569689742 7.2549995593726626 12.793012849986551
leaf_count=2365 77 60 42 365 110 95 111 114 56 215 220 40 54 76
internal_value=0.00010241 0.00369966 -0.0184222 0.00534914 -0.00528889 0.00644248 -0.00860673 0.0085236 0.00558043 0.0114476 0.00780771 0.0153715 0.0214214 0.0148133
internal_weight=507.842 217.151 14.3625 202.789 46.4529 33.1711 19.6663 156.336 138.689 93.192 85.9604 61.3935 54.0554 46.8004
internal_count=4000 1635 119 1516 376 266 171 1140 1026 661 605 390 350 296
is_linear=0
shrinkage=0.05


Tree=70
num_leaves=15
num_cat=0
split_feature=9 5 9 10 11 9 10 8 8 1 9 10 2 10
split_gain=1.92534 3.49652 2.4074 2.22457 2.21669 2.64623 5.54597 5.16374 5.57761 3.8268 3.69443 3.57608 6.64795 3.88784
threshold=0.56966829355115245 0.48383677840549189 0.49403275900633642 55.766397539755992 1.0000000180025095e-35 0.34148674042291749 67.655380402256313 1.7714847110225527 0.90545065066868058 0.084596690003514038 0.39342439815338065 68.93260624767926 2.8973118011484957 71.958298396521442
decision_type=2 2 2 2 2 2 2 2 2 2 2 2 2 2
left_child=2 -2 4 -4 5 11 7 8 9 -7 -9 -1 13 -13
right_child=1 -3 3 -5 -6 6 -8 10 -10 -11 -12 12 -14 -15
leaf_value=-0.0088885717576123961 0.041061473851974874 -0.0056266095297782363 0.0035848034673364769 -0.034497075283814189 0.0041126095210913391 0.052685178741480203 -0.021350750289031321 0.056799998806075724 -0.016603365293475187 -2.7240653254078276e-05 0.010544428839634825 0.01777161504147818 0.026616875491482603 -0.021954296152346273
leaf_weight=164.24109860882163 6.8197375535964948 7.8001686297357082 6.047389928251504 8.7215381227433664 204.79357418417931 5.6729961410164851 13.111987520009277 8.5852745324373263 17.34999842196703 7.1113652624189854 8.8751781955361349 8.0281098783016223 21.467232957482338 18.989971440285444
leaf_count=1419 45 56 50 70 1544 45 98 53 146 52 59 71 122 170
internal_value=0.000103411 0.0173865 -0.00044328 -0.0196653 0.000190145 -0.00275195 0.00638415 0.014307 0.00149916 0.0254888 0.035133 -0.00537683 0.0064582 -0.00993721
internal_weight=507.616 14.6199 492.996 14.7689 478.227 273.433 60.7068 47.5948 30.1344 12.7844 17.4605 212.726 48.4853 27.0181
internal_count=4000 101 3899 120 3779 2235 453 355 243 97 112 1782 363 241
is_linear=0
shrinkage=0.05


Tree=71
num_leaves=15
num_cat=0
split_feature=9 7 9 12 9 1 6 7 1 6 9 8 6 6
split_gain=1.91006 2.6589 2.57317 2.21099 4.10457 2.81083 3.86611 4.38079 3.43154 2.80013 4.40042 2.75414 2.50301 6.77903
threshold=0.061603066026959745 2.0682504120994296 0.022835299165022811 1.0000000180025095e-35 0.37817347551999353 0.18810879444364456 6.4961969933198036 0.85816953472271962 0.17874834176175444 4.0047827441386836 0.235549946637063 1.2300360408542235 4.5155818812412045 4.3300878521033379
decision_type=2 2 2 2 2 2 2 2 2 2 2 2 2 2
left_child=1 2 -1 5 9 8 -7 -8 12 -5 11 -11 13 -2
right_child=3 -3 -4 4 -6 6 7 -9 -10 10 -12 -13 -14 -15
leaf_value=0.012657943354968559 0.0006685539108609585 0.01653756758415802 -0.029003285969867499 -0.0017580289992853875 -0.020273990615619807 -0.00032462405486056783 0.058476666376243297 0.0085870327349920391 -0.029211299049305951 0.030086203004625924 0.049499707528880055 -0.0091383409201165194 -0.0043630119681061213 0.037320670571928512
leaf_weight=4.062525771558291 143.39820869266987 5.3322690203785887 16.812752272933722 12.913263142108915 7.9006187319755545 29.573909986764193 6.4817928969860104 11.71312655135989 10.038272704929112 7.1441532149910989 10.854636646807192 9.1703478842973691 219.01276595145464 12.836843788623808
leaf_count=44 1156 40 188 88 55 219 36 79 77 50 64 57 1766 81
internal_value=0.000105226 -0.0127842 -0.0206876 0.000832523 0.0109013 -0.00030565 0.0110061 0.0284804 -0.00173297 0.0173901 0.0262304 0.00878377 -0.000922211 0.00389823
internal_weight=507.245 26.2075 20.8753 481.038 47.983 433.055 47.7688 18.1949 385.286 40.0824 27.1691 16.3145 375.248 156.235
internal_count=4000 272 232 3728 314 3414 334 115 3080 259 171 107 3003 1237
is_linear=0
shrinkage=0.05


Tree=72
num_leaves=15
num_cat=0
split_feature=5 10 3 3 6 4 4 1 3 0 4 7 0 7
split_gain=1.80222 2.45627 1.87633 2.15371 2.2593 2.64251 4.80827 4.48287 5.46284 4.78074 2.51472 5.40151 5.6689 5.56548
threshold=0.89173233703157118 58.246574369198136 1.4965475861500288 1.2314016372467986 2.0182628956115458 0.92068019695446679 0.55069286919402216 0.097633257861878167 0.031088004654994599 1.2656790189457834 0.38531621073792227 2.3784688501285864 1.5038700928575306 1.656973396109273
decision_type=2 2 2 2 2 2 2 2 2 2 2 2 2 2
left_child=2 -2 3 4 -1 6 10 8 -8 -10 -6 12 13 -12
right_child=1 -3 -4 -5 5 -7 7 -9 9 -11 11 -13 -14 -15
leaf_value=-0.012491901660970792 0.028851592642569902 -0.0043727741093641265 0.015751464935449089 -0.030497155726451265 -0.00033189227471681481 0.028304569432882717 -0.040777270534209709 -0.042030170829151919 -0.021327934042370943 0.039499956986661512 0.021935574419649807 0.050387193138248743 -0.033087839555770902 -0.025561610507998468
leaf_weight=36.498965039849281 11.390652503818275 9.6761526092886907 16.090140841901302 5.1555772051215163 341.29967785254121 7.265360824763774 5.2534065470099511 11.758319925516842 4.5022757910191995 7.2251420617103577 30.106059391051531 6.6247441172599784 7.2251034304499617 6.8020619526505461
leaf_count=317 70 65 86 30 2631 51 54 124 42 69 289 41 67 64
internal_value=0.00010913 0.0140848 -0.000524605 -0.00111442 -0.000723532 0.00030668 -0.000242682 -0.019627 -0.00263927 0.0163066 0.00122457 0.0114946 0.0046694 0.0127386
internal_weight=506.874 21.0668 485.807 469.717 464.561 428.062 420.797 28.7391 16.9808 11.7274 392.058 50.758 44.1332 36.9081
internal_count=4000 135 3865 3779 3749 3432 3381 289 165 111 3092 461 420 353
is_linear=0
shrinkage=0.05


Tree=73
num_leaves=15
num_cat=0
split_feature=13 1 1 3 7 2 13 0 4 4 5 1 13 11
split_gain=1.79306 2.37066 2.88929 5.46336 4.56037 3.9082 3.54408 4.16519 4.82073 3.4051 3.24253 3.64455 4.5914 4.69362
threshold=1.0000000180025095e-35 0.21084212790185131 0.10920261449071321 0.50807413571571325 1.5741390624636735 6.4709079385446246 3.0000000000000004 0.30121894726016368 0.37873101557227412 0.58888992658754646 0.81586466286290416 0.14021215234610804 3.0000000000000004 1.0000000180025095e-35
decision_type=2 2 2 2 2 2 2 2 2 2 2 2 2 2
left_child=-1 2 3 5 10 6 -2 -8 -9 -10 11 -4 13 -13
right_child=1 -3 4 -5 -6 -7 7 8 9 -11 -12 12 -14 -15
leaf_value=-0.0037790657255705076 -0.0017566382514721752 0.018482889705456265 -0.030883161867060433 0.035850845483615716 0.0085632333235584127 -0.028331082819104677 0.038080449857365521 -0.0024370127676400714 0.043520865719238105 -0.0015806247811998857 0.014309056391967851 -0.015085521794801826 -0.028432076505825576 0.030213589324185375
leaf_weight=187.04681054502726 101.2283928245306 20.31673826277256 25.933075342327356 12.241544753313063 37.120300129055977 8.7114832103252393 12.276276357471941 41.808084592223167 11.23324239253998 6.2574380412697783 8.7068639025092107 10.281893759965897 12.849925644695757 10.73078441247344
leaf_count=1802 788 121 203 62 214 49 65 274 73 39 50 94 93 73
internal_value=9.75614e-05 0.0023704 0.00121907 0.00483772 -0.00540218 0.0025612 0.00427261 0.0127065 0.00690903 0.0281726 -0.0129841 -0.0171283 -0.00601063 0.00836953
internal_weight=506.743 319.696 299.379 193.756 105.623 181.515 172.803 71.575 59.2988 17.4907 68.5025 59.7957 33.8626 21.0127
internal_count=4000 2198 2077 1350 727 1288 1239 451 386 112 513 463 260 167
is_linear=0
shrinkage=0.05


Tree=74
num_leaves=15
num_cat=0
split_feature=9 5 9 9 9 4 4 2 3 3 10 8 5 1
split_gain=1.76233 3.09143 2.20469 2.22437 2.15121 2.304 3.83459 3.71741 4.86736 5.55121 2.60578 2.99812 6.11469 5.45557
threshold=0.56966829355115245 0.48383677840549189 0.49403275900633642 0.52496520753867404 0.47614822308212928 0.92068019695446679 0.55069286919402216 0.96547887085063211 0.031088004654994599 0.04586160472360571 70.703827706972476 1.6386420221575813 0.87031300315050275 0.21347427513962541
decision_type=2 2 2 2 2 2 2 2 2 2 2 2 2 2
left_child=2 -2 4 -4 5 6 10 8 -8 -10 11 13 -13 -1
right_child=1 -3 3 -5 -6 -7 7 -9 9 -11 -12 12 -14 -15
leaf_value=-0.0077354815050832571 0.038543583633976003 -0.0052555119819591226 -0.038221241037561852 -0.00036382018555875889 0.026466070567347701 0.024612318115003768 -0.0400300741040715 -0.038533270167511097 0.053416702591208148 -0.01052441493301505 0.0086965063458388503 0.0012087381379231599 0.041241505073195003 0.023664116661955892
leaf_weight=184.62781539186835 6.9477008506655675 7.7449683286249638 6.6305767223238927 7.9338676147162914 6.6561492085456839 8.1370352804660779 5.121417108923203 11.705756999552248 4.3828236982226363 8.5007903873920423 77.774296630173922 146.90438048541546 9.2064536809921247 13.981999099254606
leaf_count=1608 45 56 60 60 45 56 55 120 40 84 527 1090 57 97
internal_value=9.71419e-05 0.0165921 -0.00042857 -0.0189471 0.00017532 -0.0002521 -0.000742023 -0.0178143 -0.00302543 0.0135082 0.000469172 -0.00135409 0.0038171 -0.00541749
internal_weight=506.256 14.6927 491.563 14.5644 476.999 470.343 462.206 29.7108 18.005 12.8836 432.495 354.721 156.111 198.61
internal_count=4000 101 3899 120 3779 3734 3678 299 179 124 3379 2852 1147 1705
is_linear=0
shrinkage=0.05


Tree=75
num_leaves=15
num_cat=0
split_feature=10 6 6 6 10 5 1 1 3 10 4 10 10 2
split_gain=1.75021 2.08265 4.7589 9.08597 7.40439 3.95407 3.60414 3.25449 4.56806 5.19328 4.03469 3.40541 4.54196 5.57459
threshold=86.566568896570345 7.2802261505247978 4.5155818812412045 4.3300878521033379 56.76224594811751 0.63346278823751034 0.015024916848940974 0.049885175846688772 0.065944612126790175 59.744227007540452 0.46233289761993163 41.311665397692572 44.284938845171105 1.4335117716696981
decision_type=2 2 2 2 2 2 2 2 2 2 2 2 2 2
left_child=1 2 3 6 -5 -3 -1 -8 9 -9 11 -10 -13 -14
right_child=-2 5 -4 4 -6 -7 7 8 10 -11 -12 12 13 -15
leaf_value=0.035975421257400574 -0.022827160678309394 -0.00069208842679165583 -0.0082116976049081206 -0.0049681870289402736 0.062165009885643718 0.01656919702177621 -0.014202814059611595 0.058771397523810387 -0.020276440653502231 -0.0071868633261055574 -0.027103951850101955 0.04466526907288218 0.031074131331333611 -0.0020013614816972937
leaf_weight=5.7888022400438777 7.192214783281087 91.444952677935362 152.82239746674895 6.2525641210377243 10.242518104612826 51.000144124031067 36.755566228181124 6.1911417506635171 13.616288281977175 4.7654039710760117 11.783921107649801 5.9142754524946204 13.870227601379154 88.225385248661041
leaf_count=48 52 721 1274 45 59 345 315 50 111 43 110 43 123 661
internal_value=9.66701e-05 0.000472316 -0.00157215 0.00343202 0.0378883 0.00556046 0.000205773 -0.00112871 0.00227475 0.031882 -0.000375909 0.00241359 0.00543377 0.00274994
internal_weight=505.866 498.674 356.228 203.406 16.4951 142.445 186.911 181.122 144.367 10.9565 133.41 121.626 108.01 102.096
internal_count=4000 3948 2882 1608 104 1066 1504 1456 1141 93 1048 938 827 784
is_linear=0
shrinkage=0.05


Tree=76
num_leaves=15
num_cat=0
split_feature=8 8 10 9 9 9 1 8 9 1 1 8 1 0
split_gain=1.74998 5.08618 2.55209 2.2243 5.9338 8.32598 7.50065 8.90731 6.24142 4.72686 9.2728 4.4853 5.93931 5.36136
threshold=3.5596529960341701 3.3909490581701234 51.315837109844082 0.24107704759443147 0.18200626248474686 0.15135656958634314 0.16541892642636 1.3933982954758422 0.13760361459378448 0.099695301283478546 0.073195946529233016 0.92624493504891281 0.053995227456658988 0.16119100155446367
decision_type=2 2 2 2 2 2 2 2 2 2 2 2 2 2
left_child=1 3 -2 4 5 8 -6 -8 11 10 -7 -1 -13 -14
right_child=2 -3 -4 -5 6 9 7 -9 -10 -11 -12 12 13 -15
leaf_value=-0.016970129013400292 -0.014112062315478922 -0.040630211843697535 0.020212594251196869 0.0034512910460479588 -0.023843750244076849 0.0076955383298936133 0.059788525095990308 -0.018400849002833865 -0.033120085525410667 0.0011380523326712543 0.070938173889443554 -0.017877816446398576 -0.028317816450984069 0.018110290176078635
leaf_weight=28.807386744767427 6.3627808839082745 6.8122384399175635 21.30333611369133 237.19947991520166 54.575583726167679 13.627327498048546 5.6275001130998117 7.3192922808229923 15.738447573035954 17.282017879188061 9.4581724815070611 19.408978801220655 6.0796417444944373 55.997708983719349
leaf_count=280 40 45 116 1796 493 111 42 56 136 138 69 172 38 468
internal_value=0.000101778 -0.000616668 0.0121015 4.67456e-05 -0.0034055 0.00168422 -0.0157899 0.0174353 -0.0046706 0.021158 0.0354757 -0.000349868 0.0056603 0.0131864
internal_weight=505.6 477.934 27.6661 471.122 233.922 166.4 67.5224 12.9468 126.032 40.3675 23.0855 110.294 81.4863 62.0774
internal_count=4000 3844 156 3799 2003 1412 591 98 1094 318 180 958 678 506
is_linear=0
shrinkage=0.05


Tree=77
num_leaves=15
num_cat=0
split_feature=9 5 2 9 12 9 3 1 7 4 1 6 1 7
split_gain=1.68858 2.63442 2.6051 2.24712 2.02716 3.84338 2.91608 3.52464 2.84539 2.37297 2.18713 4.42168 3.95092 3.57713
threshold=0.061603066026959745 0.6710894034572773 5.1363862676518286 0.034565296636472849 1.0000000180025095e-35 0.37817347551999353 0.23972019864388042 0.148224938646523 1.3640066567436666 0.26976110615757731 0.18648577280516979 6.7091895603479381 0.17874834176175444 1.1321207175860692
decision_type=2 2 2 2 2 2 2 2 2 2 2 2 2 2
left_child=1 2 3 -1 10 6 8 -8 9 -6 12 -12 -2 -13
right_child=4 -3 -4 -5 5 -7 7 -9 -10 -11 11 13 -14 -15
leaf_value=0.011101160097790793 -0.00081446347397907005 -0.040469835987635899 0.02207542946229038 -0.027939170608590459 -0.03135632121407074 -0.019919627453320154 0.047236852696919483 0.0029828730243807349 0.024866734890301671 0.0086408514373982597 -0.0016281465102315528 0.04880958945686302 -0.033910567819609161 0.0039117644053123799
leaf_weight=5.0021958835423055 373.48086100444198 5.2848057635128489 6.0510128512978545 9.4882242828607541 6.012137711048128 7.8211068660020819 11.150236904621126 7.3716225251555434 8.5010408759117109 7.1679075248539448 32.444711975753307 9.1920334473252314 8.2424544133245927 8.1898507252335531
leaf_count=59 3003 60 40 113 47 55 54 43 55 60 241 54 63 53
internal_value=9.00767e-05 -0.0121184 -0.00328422 -0.0146155 0.000771383 0.0104063 0.0166462 0.030679 0.00383415 -0.0105287 -0.000322398 0.0094235 -0.00161584 0.0290187
internal_weight=505.4 25.8262 20.5414 14.4904 479.574 48.0241 40.2029 18.5219 21.6811 13.18 431.55 49.8266 381.723 17.3819
internal_count=4000 272 212 172 3728 314 259 97 162 107 3414 348 3066 107
is_linear=0
shrinkage=0.05


Tree=78
num_leaves=15
num_cat=0
split_feature=13 10 2 3 5 9 2 5 2 2 3 8 9 9
split_gain=1.66387 2.64469 3.16494 5.72156 4.95312 2.90417 2.66706 4.70568 4.81665 4.03635 3.59848 2.97021 8.91218 5.51833
threshold=1.0000000180025095e-35 47.708831172544912 1.3307082024773969 0.396312104338093 0.614624645128793 0.36944595277824394 2.0982010316237298 0.8047222125128064 0.78921257118469978 2.2812384994353017 0.081253627922290059 2.6449656451708043 0.18898604093082702 0.48119320816489103
decision_type=2 2 2 2 2 2 2 2 2 2 2 2 2 2
left_child=1 2 4 5 -1 -4 7 8 -3 -8 -9 13 -13 -11
right_child=-2 6 3 -5 -6 -7 9 10 -10 11 -12 12 -14 -15
leaf_value=-0.0051723486925907506 0.002276455954573979 0.016817620583022129 -0.021623248781372992 0.030729400288412992 0.068570659601415188 0.021020274118681549 0.037057014132382965 -0.014935936712043166 -0.026851026109721371 -0.012584654656817566 0.045101479793370133 0.053038524216682183 -0.022980649328442734 0.037425666233539982
leaf_weight=4.0951759032905093 318.78628551959991 6.672300584614276 18.707476958632473 9.6693813353776914 3.7864130437374115 4.1550772152841082 5.3955846913158885 3.935785096138714 43.170694399625063 63.640990052372217 4.4001164473593235 6.867780074477194 6.7299289554357529 5.0640423297882071
leaf_count=53 2198 83 189 63 33 39 50 41 555 533 41 39 45 38
internal_value=8.47228e-05 -0.00365797 0.00753229 0.000300763 0.0339864 -0.013317 -0.00678827 -0.0149913 -0.0207895 -0.00123876 0.0181914 -0.00416405 0.0164174 -0.00841451
internal_weight=505.077 186.291 40.4135 32.5319 7.88159 22.8626 145.877 58.1789 49.843 87.6983 8.3359 82.3027 13.5977 68.705
internal_count=4000 1802 377 291 86 228 1425 720 638 705 82 655 84 571
is_linear=0
shrinkage=0.05


Tree=79
num_leaves=15
num_cat=0
split_feature=10 10 1 1 1 6 6 6 10 10 6 4 3 2
split_gain=1.62111 2.00448 3.52826 2.97315 3.32306 3.52113 2.95817 3.77736 4.2767 2.97143 2.91973 2.80928 3.45309 4.70759
threshold=86.566568896570345 70.703827706972476 0.15779553667172871 0.084596690003514038 0.11174963463445553 4.9634215823764043 3.8141566682500412 4.6519087219945661 73.426508650882141 75.815836071133276 2.659719737280994 0.92068019695446679 0.13671873511890759 1.6772609239965988
decision_type=2 2 2 2 2 2 2 2 2 2 2 2 2 2
left_child=1 11 3 6 5 -5 10 -8 -9 -10 -3 12 13 -1
right_child=-2 2 -4 4 -6 -7 7 8 9 -11 -12 -13 -14 -15
leaf_value=-0.0012618595649621421 -0.022124258578653019 0.0073007098173897894 -0.016495308766254255 0.063711915045898362 0.0062592805183008587 0.013006557563129677 0.041979170901560434 0.034601650349282267 -0.038165414973050371 0.0034335495804216545 -0.038369283120474815 0.027951158829279756 0.0021691889787456356 -0.019442094324463321
leaf_weight=108.79511678591371 7.0770726054906836 6.3205535188317281 12.16111049428582 6.8964209668338317 14.31473435461521 7.1872360929846764 6.7212646305561092 6.0941711291670826 5.5486554503440884 12.041763752698897 6.1607995554804802 7.2312700375914565 246.03601535782218 52.042444612830877
leaf_count=1034 52 44 82 43 101 49 43 45 44 84 50 49 1792 488
internal_value=9.67638e-05 0.000456574 0.00747793 0.0117393 0.023996 0.0404135 0.00326155 0.0116045 0.0016333 -0.0110354 -0.016416 -0.000972913 -0.00155424 -0.00722825
internal_weight=504.629 497.552 83.4467 71.2856 28.3984 14.0837 42.8872 30.4059 23.6846 17.5904 12.4814 414.105 406.874 160.838
internal_count=4000 3948 585 503 193 92 310 216 173 128 94 3363 3314 1522
is_linear=0
shrinkage=0.05


Tree=80
num_leaves=15
num_cat=0
split_feature=2 2 4 6 4 7 3 3 4 9 8 9 12 1
split_gain=1.60785 3.27893 4.19685 4.27188 2.70833 2.59288 2.29533 3.05889 2.46491 2.2253 2.32402 1.99324 2.06978 3.97417
threshold=0.61395057884154125 0.76280342476506224 0.51816456911689535 3.0518821949202768 0.49121074195922831 1.0181736074845824 0.028137717366172776 0.034853426557207488 0.24184403832552417 0.54538784843633659 1.5000260407446686 0.49403275900633642 1.0000000180025095e-35 0.079679891801384906
decision_type=2 2 2 2 2 2 2 2 2 2 2 2 2 2
left_child=-1 5 4 -4 6 -2 8 -8 -3 11 -11 12 -9 -14
right_child=1 2 3 -5 -6 -7 7 9 -10 10 -12 -13 13 -15
leaf_value=-0.019779364531028978 -0.0022699167284439209 0.0084854911861490488 0.014324309787657794 -0.028078169653050017 0.030188262972279618 0.039171223070556406 0.032771148047606356 -0.00081447291776007974 -0.032935504904565933 0.00070741090462496489 0.038677798251530816 -0.02177788877816093 -0.0098134984128300344 0.021918580331774438
leaf_weight=8.9756181761622411 6.0461799912154666 5.0310900062322608 7.1792606376111534 23.197439685463905 6.8058216758072367 8.6048251017928106 6.5146165490150443 356.7511219792068 9.1393655911087972 8.5445911362767202 6.6917378641664973 9.3699940256774408 14.511130668222902 26.99864249676466
leaf_count=80 54 44 64 235 59 74 55 2802 88 61 39 75 109 161
internal_value=9.56074e-05 0.000494832 -0.000237913 -0.0179196 0.000991777 0.023017 0.00047689 0.00114961 -0.0186394 0.000586288 0.0187389 -0.000136414 0.000426021 0.0108557
internal_weight=504.361 495.386 480.735 30.3767 450.358 14.651 443.552 429.382 14.1705 422.867 15.2363 407.631 398.261 41.5098
internal_count=4000 3920 3792 299 3493 128 3434 3302 132 3247 100 3147 3072 270
is_linear=0
shrinkage=0.05


Tree=81
num_leaves=15
num_cat=0
split_feature=11 6 4 6 6 6 3 3 7 10 9 0 3 5
split_gain=1.58842 2.83348 2.92725 2.56108 5.36506 4.61609 5.14445 5.1167 4.40756 3.77015 3.32288 3.47663 3.76835 3.60982
threshold=1.0000000180025095e-35 1.9595384537052853 0.32524466302321903 4.4044807850911019 7.2802261505247978 3.9353759096663476 0.13144901198655182 0.050372744838701682 2.243036766070762 56.595831365512062 0.34395929027300837 0.22071759184333678 0.22668626101447262 0.614624645128793
decision_type=2 2 2 2 2 2 2 2 2 2 2 2 2 2
left_child=-1 2 -2 5 8 6 7 -3 -5 -7 11 -6 13 -13
right_child=1 3 -4 4 10 9 -8 -9 -10 -11 -12 12 -14 -15
leaf_value=-0.002335796219153515 -0.034057654117312479 0.016946586198982452 0.010528760338094153 -0.014009619092057274 -0.012049078063452449 0.0023246839373848699 0.017390312192583714 -0.032779543102352392 0.018796515415131304 0.049946928090155718 -0.0091730069133876043 -0.0040554997097755454 0.044327815502272862 0.031690994752380457
leaf_weight=287.70674701407552 8.7454686909913999 7.5024117268621948 5.3045347146689883 59.629040263593197 7.6612038835883132 6.408730003982785 30.719052214175463 12.749198392033575 11.415644459426401 11.381097603589295 14.454357389360664 15.458889134228231 13.294167220592497 11.704395167529581
leaf_count=2365 77 62 42 502 42 44 212 118 68 66 95 144 79 84
internal_value=9.51907e-05 0.00332268 -0.0176431 0.00485781 0.000797471 0.0126235 0.00471417 -0.0144274 -0.00855051 0.0338279 0.0113786 0.0176132 0.0233853 0.0119257
internal_weight=504.135 216.428 14.05 202.378 133.618 68.7605 50.9707 20.2516 71.0447 17.7898 62.573 48.1187 40.4575 27.1633
internal_count=4000 1635 119 1516 1014 502 392 180 570 110 444 349 307 228
is_linear=0
shrinkage=0.05


Tree=82
num_leaves=15
num_cat=0
split_feature=9 5 10 13 6 6 6 7 10 8 4 7 13 1
split_gain=1.58447 2.48959 2.34128 3.39537 1.67 3.77864 7.76868 5.48095 5.41293 4.45531 4.44827 3.89544 4.223 4.58439
threshold=0.061603066026959745 0.6710894034572773 54.690322847222404 1.0000000180025095e-35 7.2802261505247978 4.5155818812412045 4.3300878521033379 2.243036766070762 56.76224594811751 0.75367431448854461 0.071547405063836708 0.5013266122847595 3.0000000000000004 0.13111638151348751
decision_type=2 2 2 2 2 2 2 2 2 2 2 2 2 2
left_child=1 2 -1 -4 5 6 9 11 -8 10 -2 -7 -13 -14
right_child=4 -3 3 -5 -6 7 8 -9 -10 -11 -12 12 13 -15
leaf_value=-0.024803412831496341 0.021555514992504195 -0.039801853291839939 -0.019289919572931649 0.028432097907759715 0.0053952524399587384 0.010310663232207482 -0.0025639920863329978 0.014811104976954923 0.056083620676524441 0.0039519664774937324 -0.025140232411313947 -0.021101241106549307 0.012835969100971298 -0.031242174135816442
leaf_weight=7.0090910829603734 5.4868891015648869 5.1171200387179843 5.4900799356400949 7.9387924671173096 137.03389233723283 16.977520599961281 5.941354256123307 22.824043937027454 10.17710806429386 149.16282430663705 25.77024669200182 76.2915811650455 21.564500868320469 6.9886216893792144
leaf_count=78 32 60 66 68 1003 146 42 140 55 1151 245 727 140 47
internal_value=9.54821e-05 -0.0117932 -0.00325112 0.00893732 0.000754075 -0.00112033 0.00338826 -0.0072276 0.0355788 0.000332138 -0.0165291 -0.0114436 -0.0150304 0.00135537
internal_weight=503.774 25.5551 20.438 13.4289 478.219 341.185 196.538 144.646 16.1185 180.42 31.2571 121.822 104.845 28.5531
internal_count=4000 272 212 134 3728 2725 1525 1200 97 1428 277 1060 914 187
is_linear=0
shrinkage=0.05


Tree=83
num_leaves=15
num_cat=0
split_feature=2 2 4 6 0 7 2 1 9 4 7 0 3 13
split_gain=1.49927 2.9525 3.85286 2.36475 4.0235 2.22056 1.97537 1.89255 3.89623 3.54552 8.8026 4.16333 4.09292 3.60876
threshold=0.61395057884154125 0.76280342476506224 0.55069286919402216 4.1256888082769105 1.3177564384543679 1.0181736074845824 0.96547887085063211 0.059534400962327282 0.54538784843633659 0.39598218307154526 1.1605355880520458 0.49852736066205383 0.074327820108295625 1.0000000180025095e-35
decision_type=2 2 2 2 2 2 2 2 2 2 2 2 2 2
left_child=-1 5 7 4 -4 -2 -5 9 -9 11 -11 -3 13 -13
right_child=1 2 3 6 -6 -7 -8 8 -10 10 -12 12 -14 -15
leaf_value=-0.019221457702706644 -0.0019260498888044692 0.00074732256277136545 0.029801244792333099 -0.0081276085831654341 -0.030185107114811795 0.036334364421966137 -0.046659049337798117 0.0017138021648949451 0.030113912903421254 0.057282057108744788 -0.022255946883113872 -0.031955193894750815 -0.04724965995558765 0.00034878774727347913
leaf_weight=8.858786363154648 6.0136634707450858 68.500813189893961 4.6859592497348803 6.0430037304759017 4.4987749829888344 8.839784834533928 8.0713887773454172 317.65457434952259 11.562764286994932 6.3240207768976671 5.8479686081409454 12.093767344951628 8.9137295037507993 25.385240402072668
leaf_count=80 54 506 43 61 41 74 91 2416 74 56 53 160 88 203
internal_value=8.59336e-05 0.000469962 -0.00023134 -0.0196319 0.000340466 0.0216996 -0.0317912 0.000800074 0.00279944 -0.00436156 0.0202799 -0.00712457 -0.0185183 -0.0106347
internal_weight=503.294 494.435 479.582 23.2991 9.18473 14.8534 14.1144 456.283 329.217 127.066 12.172 114.894 46.3927 37.479
internal_count=4000 3920 3792 236 84 128 152 3556 2490 1066 109 957 451 363
is_linear=0
shrinkage=0.05


Tree=84
num_leaves=15
num_cat=0
split_feature=10 10 10 10 9 8 7 7 2 13 7 10 8 1
split_gain=1.53284 1.78023 4.10889 4.44727 3.34139 4.56338 4.21237 4.47994 3.9167 4.97544 3.72132 3.23516 3.21853 2.91568
threshold=86.566568896570345 68.224282213779205 66.627728531877963 66.103973388276557 0.33032410794317069 0.52585424332697972 1.357999808187049 0.87178402527727317 1.3579329097296198 1.0000000180025095e-35 1.4918729695552126 61.605173025819887 2.6050051431333521 0.037624223548725667
decision_type=2 2 2 2 2 2 2 2 2 2 2 2 2 2
left_child=1 2 3 4 11 -6 7 8 -7 -10 -8 13 -13 -1
right_child=-2 -3 -4 -5 5 6 10 -9 9 -11 -12 12 -14 -15
leaf_value=-0.015973681202975175 -0.021661840163909887 0.0059611461584742446 -0.023863303826831873 0.034996785511716998 0.04212999751259041 0.034634500539051531 0.046970914532253355 -0.019773968310857374 0.022061265001495103 -0.025051578889800516 0.0081776540975224566 -0.024412446377045885 0.0097726011951763895 0.00077736044411448645
leaf_weight=29.144366350024939 6.983889825642108 111.31243602931499 18.000722296535969 7.8511110916733733 7.3477541767060748 8.5305791497230548 6.7523408457636824 26.731680776923895 9.2290144041180628 11.42687316983938 33.80271515250206 30.445732526481152 8.2188543081283552 187.36557651311159
leaf_count=275 52 795 150 60 50 73 48 223 76 82 221 278 54 1563
internal_value=7.28871e-05 0.000421778 -0.00119171 -1.73973e-05 -0.000878233 0.0066447 0.00353751 -0.00533971 0.00809764 -0.00395494 0.0156116 -0.00395302 -0.0170826 -0.00154057
internal_weight=503.144 496.16 384.847 366.847 358.995 103.821 96.4732 55.9181 29.1865 20.6559 40.5551 255.175 38.6646 216.51
internal_count=4000 3948 3153 3003 2943 773 723 454 231 158 269 2170 332 1838
is_linear=0
shrinkage=0.05


Tree=85
num_leaves=15
num_cat=0
split_feature=11 6 4 9 9 10 5 10 6 6 8 2 7 6
split_gain=1.47246 2.5996 2.73246 2.23148 3.15478 2.77734 2.65457 3.10046 2.63451 4.02632 5.03181 4.38925 4.02179 3.78774
threshold=1.0000000180025095e-35 1.9595384537052853 0.32524466302321903 0.061603066026959745 0.077964577383676251 63.716673309360409 0.56994799379540606 63.840751613069166 3.2774048259779156 4.2066794048022338 0.74613448737789556 1.5710554049626853 2.893609045349796 4.5155818812412045
decision_type=2 2 2 2 2 2 2 2 2 2 2 2 2 2
left_child=3 2 -2 6 5 -5 7 -1 -6 11 -11 -10 13 -12
right_child=1 -3 -4 4 8 -7 -8 -9 9 10 12 -13 -14 -15
leaf_value=-0.026447762846100148 -0.033195147035329158 0.0046474183832094298 0.0099978103263322748 0.043111595091128822 0.0068117491193411253 -0.0045095418261552117 -0.047624274345275407 0.024648753479336639 0.0066410695137342161 0.017077031259806592 0.017103977880805202 -0.031394992036259402 0.024659457994978901 -0.010915431358769961
leaf_weight=5.8348380513489229 8.5366738028824312 202.11145398393273 5.3368975892662993 6.34120826423168 59.431006580591202 4.9552429057657719 4.7635805383324614 4.2716885134577751 10.343222640454767 28.215860854834318 12.544506054371594 24.606325022876263 9.145403675734995 116.45089311897755
leaf_count=70 77 1516 42 53 492 38 53 39 92 225 83 195 51 974
internal_value=7.31337e-05 0.0031833 -0.0170246 -0.00227116 -0.00120338 0.0235544 -0.0204984 -0.00457619 -0.00236191 -0.00509051 -0.00180012 -0.0202667 -0.00575088 -0.00808
internal_weight=502.889 215.985 13.8736 286.904 272.034 11.2965 14.8701 10.1065 260.737 201.306 166.357 34.9495 138.141 128.995
internal_count=4000 1635 119 2365 2203 91 162 109 2112 1620 1333 287 1108 1057
is_linear=0
shrinkage=0.05


Tree=86
num_leaves=15
num_cat=0
split_feature=5 9 4 6 4 5 1 5 3 6 2 3 1 1
split_gain=1.42749 1.71484 2.28528 1.52556 2.23399 3.00818 2.89515 2.62304 2.57208 2.16359 5.77699 3.24046 2.63321 2.44747
threshold=0.89173233703157118 0.18359274331840583 0.2490954131057416 2.0182628956115458 0.068945921264018079 0.72589089994620937 0.089489382454221875 0.42329195488246169 0.056057188568363531 2.6944849954105585 3.5135376601970241 0.048461530387669094 0.13755238951364909 0.10991644421745582
decision_type=2 2 2 2 2 2 2 2 2 2 2 2 2 2
left_child=3 -2 -3 4 -1 6 8 -8 -6 10 11 -5 13 -13
right_child=1 2 -4 9 5 -7 7 -9 -10 -11 -12 12 -14 -15
leaf_value=0.01676605243745832 -0.0072799183773596737 0.039196313091968388 0.0002878870459169436 0.031909822676179769 -0.0074296312540460515 0.01404863000593237 0.017239940268694114 -0.025418798936559368 -0.053425000649424792 -0.00070057290419980574 0.040713020024659381 -0.0062276695409909334 0.019794790305458679 -0.048398366036917051
leaf_weight=5.7253640815615645 6.9290563091635731 7.4795210734009725 6.8274834305047989 4.5675402730703381 5.0434831790626076 6.3681563287973395 6.1932192593812925 6.2627676427364349 8.3584737405180913 408.86750250123441 10.826404124498366 10.453084513545038 4.397162362933158 4.4089737832546225
leaf_count=38 47 42 46 41 50 52 53 57 79 3253 68 99 35 40
internal_value=6.63466e-05 0.0124526 0.0218605 -0.000504645 -0.00999211 -0.0151076 -0.0225437 -0.00450358 -0.0378336 0.000327836 0.0121412 -0.00195823 -0.011169 -0.0210005
internal_weight=502.708 21.2361 14.307 481.472 37.9515 32.2261 25.8579 12.456 13.402 443.521 34.6532 23.8268 19.2592 14.8621
internal_count=4000 135 88 3865 329 291 239 110 129 3536 283 215 174 139
is_linear=0
shrinkage=0.05


Tree=87
num_leaves=15
num_cat=0
split_feature=13 10 10 6 6 1 10 3 3 11 9 8 7 7
split_gain=1.41405 2.5201 3.26277 2.92095 4.71471 3.18145 2.43274 2.65988 5.46235 2.76697 5.62078 2.35701 5.12807 4.96749
threshold=1.0000000180025095e-35 41.311665397692572 42.913717039645448 5.8264346697511433 8.4846579538102755 0.10224914083683496 47.708831172544912 0.396312104338093 0.22174872785500596 1.0000000180025095e-35 0.24889173714285487 1.0946418589185207 0.56865826982157974 1.0967680398145492
decision_type=2 2 2 2 2 2 2 2 2 2 2 2 2 2
left_child=6 3 -3 5 -5 -2 7 8 9 10 -1 12 -8 -13
right_child=1 2 -4 4 -6 -7 11 -9 -10 -11 -12 13 -14 -15
leaf_value=-0.0030627548494950576 -0.0049193578257741228 0.036049143609089541 0.002655910482982405 0.027167003943148939 -0.028954737260648202 -0.048421418512300224 0.0024699716648754555 0.028593927695361676 -0.032026907469333198 -0.008795864390319123 0.058886846234877437 0.022160767046660798 -0.029763091432194733 -0.0071145913832007497
leaf_weight=7.566419586539272 9.4579806290566975 6.5213508978486052 281.19590030610561 8.5405965298414213 5.1814315244555464 6.9511736482381812 22.195843074470758 9.843010872602461 8.5396066196262819 8.4880453646183014 5.9290200658142567 16.699420468881726 26.390972852706909 79.032359171658754
leaf_count=89 74 43 1919 68 37 57 219 63 72 93 60 179 291 736
internal_value=6.37962e-05 0.00208368 0.00353503 -0.0114434 0.00544814 -0.0250704 -0.003405 0.00732135 -0.000228035 0.0129804 0.0263387 -0.00643491 -0.0152853 -0.00183151
internal_weight=502.533 317.848 287.717 30.1312 13.722 16.4092 184.685 40.3661 30.5231 21.9835 13.4954 144.319 48.5868 95.7318
internal_count=4000 2198 1962 236 105 131 1802 377 314 242 149 1425 510 915
is_linear=0
shrinkage=0.05


Tree=88
num_leaves=15
num_cat=0
split_feature=2 2 4 6 4 13 7 1 1 12 9 4 5 10
split_gain=1.42641 2.56334 3.651 3.75616 2.35832 2.11048 2.02066 1.89536 7.80247 2.9394 4.10283 3.22231 2.78603 3.0192
threshold=0.61395057884154125 0.76280342476506224 0.51816456911689535 3.0518821949202768 0.49121074195922831 3.0000000000000004 1.0181736074845824 0.073195946529233016 0.077180656345288742 1.0000000180025095e-35 0.54538784843633659 0.11138482515786145 0.69867056794486859 71.210546159195857
decision_type=2 2 2 2 2 2 2 2 2 2 2 2 2 2
left_child=-1 6 4 -4 7 -5 -2 12 -9 10 -10 -11 13 -3
right_child=1 2 3 5 -6 -7 -8 8 9 11 -12 -13 -14 -15
leaf_value=-0.018848661235493249 -0.0024067963053947925 -0.011614920362257792 0.012945763428150736 -0.035140594455854351 0.027864776090889914 0.00018537549927200746 0.033784084828324512 0.042622570814060456 -0.0019863492541279042 0.038333483129231925 0.03382654288168304 0.0040875397258003593 0.0067741325368794771 0.0081392004215226649
leaf_weight=8.7822492048144323 6.0499312467873088 96.96915241330862 7.2967142127454307 16.860367881134156 6.9716456457972518 5.5255395285785189 9.0639360919594747 10.863178905099629 228.36670895293355 9.3937118723988551 7.2867075540125361 21.090020015835762 44.517297446727753 23.338400036096573
leaf_count=80 54 877 64 195 59 40 74 86 1746 47 47 133 332 166
internal_value=5.83498e-05 0.000432182 -0.000227912 -0.0169153 0.000910918 -0.026786 0.0200469 0.000423643 0.00294629 0.00117329 -0.000740711 0.015523 -0.00380805 -0.00774732
internal_weight=502.376 493.593 478.479 29.6826 448.797 22.3859 15.1139 441.825 277 266.137 235.653 30.4837 164.825 120.308
internal_count=4000 3920 3792 299 3493 235 128 3434 2059 1973 1793 180 1375 1043
is_linear=0
shrinkage=0.05


Tree=89
num_leaves=15
num_cat=0
split_feature=10 13 10 1 9 7 7 9 9 9 9 9 4 10
split_gain=1.38868 1.57273 3.19177 3.43692 2.58213 3.90926 8.15312 7.02703 8.41105 4.94916 6.04028 4.69513 4.78449 4.81423
threshold=86.566568896570345 1.0000000180025095e-35 75.815836071133276 0.11174963463445553 0.27393766491923949 0.51579490435975928 0.82489495591642736 0.14986956664151721 0.20632923327099792 0.17724236030753632 0.16838265394805188 0.12954856802044382 0.18270652306657223 52.711281001450892
decision_type=2 2 2 2 2 2 2 2 2 2 2 2 2 2
left_child=1 -1 4 -4 5 -3 7 -7 -9 10 11 12 -8 -14
right_child=-2 2 3 -5 -6 6 9 8 -10 -11 -12 -13 13 -15
leaf_value=-0.0032967115155859098 -0.020771168244462096 -0.024226045284125051 0.029234317663647532 -0.0087003623797269943 0.0064766158900221096 -0.0073942329862449535 -0.010896978939865696 0.07324517113576641 0.0028233541009737672 -0.018264391463058031 0.045877648237669232 -0.021665509342299126 -0.011650791693830813 0.034932011845745167
leaf_weight=181.49777091294527 6.8708924837410441 18.363531488925219 19.677545458078388 7.8556903265416613 120.68613430485129 10.721321299672129 20.58939078822732 9.0596258193254489 7.4731444120407096 47.842466920614243 6.1818677335977545 20.497366219758987 7.3724914379417923 17.295260891318321
leaf_count=1774 52 153 106 46 775 99 134 68 54 360 38 145 66 130
internal_value=6.62904e-05 0.000396745 0.00253793 0.0184853 0.000944073 -0.00310756 -0.000324155 0.0238575 0.0433897 -0.00597834 0.00233108 -0.00238885 0.00662136 0.0210982
internal_weight=501.985 495.114 313.616 27.5332 286.083 165.396 147.033 27.2541 16.5328 119.779 71.9364 65.7545 45.2571 24.6678
internal_count=4000 3948 2174 152 2022 1247 1094 221 122 873 513 475 330 196
is_linear=0
shrinkage=0.05


Tree=90
num_leaves=15
num_cat=0
split_feature=11 6 0 6 6 6 3 3 7 9 9 9 0 3
split_gain=1.35243 2.32213 2.55888 2.16953 4.68803 3.93505 4.56482 4.59612 3.77868 3.1984 3.15571 3.31097 3.12828 3.19812
threshold=1.0000000180025095e-35 1.9595384537052853 0.79228745967613667 4.4044807850911019 7.2802261505247978 3.9353759096663476 0.13144901198655182 0.050372744838701682 2.243036766070762 0.22404009310652326 0.34395929027300837 0.43851113113083001 0.22071759184333678 0.22668626101447262
decision_type=2 2 2 2 2 2 2 2 2 2 2 2 2 2
left_child=-1 2 -2 5 8 6 7 -3 -5 -7 12 -12 -6 -14
right_child=1 3 -4 4 10 9 -8 -9 -10 -11 11 -13 13 -15
leaf_value=-0.0021875269837782936 -0.034562207922762454 0.015327054664067658 0.0067374342012566108 -0.013304686489068462 -0.011717641940172142 0.0035386122855609447 0.016019893371328964 -0.031852874292190268 0.017026593247123245 0.046552820882289729 -0.03000124244241122 0.015203038909513647 0.011326599453176035 0.040981093167222565
leaf_weight=285.84907991811633 7.2995893694460374 7.6277592666447189 6.3390328139066696 58.701871704310179 7.6046397164463988 7.0079875439405468 31.015777923166752 12.383884474635122 11.505588762462137 11.063516162335871 7.7894240692257863 6.6584520675241947 27.241953812539577 13.605400022119282
leaf_count=2365 68 62 51 502 42 45 212 118 68 65 54 41 228 79
internal_value=6.52477e-05 0.00304499 -0.0162178 0.00441766 0.000663315 0.0115371 0.00420571 -0.0139959 -0.00816469 0.0309324 0.0104905 -0.00953282 0.0165333 0.0219472
internal_weight=501.694 215.845 13.6386 202.206 133.107 69.0989 51.0274 20.0116 70.2075 18.0715 62.8999 14.4479 48.452 40.8474
internal_count=4000 1635 119 1516 1014 502 392 180 570 110 444 95 349 307
is_linear=0
shrinkage=0.05


Tree=91
num_leaves=15
num_cat=0
split_feature=3 3 1 2 0 5 13 0 2 2 6 3 3 5
split_gain=1.34748 2.37008 3.30598 3.07799 4.73232 4.81851 2.69636 4.93437 4.411 3.66625 5.46895 4.91963 6.57743 4.44454
threshold=1.4965475861500288 0.7490523764613507 0.099268280741344486 6.314440056051513 0.17804805946024069 0.4144525612974192 3.0000000000000004 0.30121894726016368 3.0489199938516189 5.0044732016476594 6.8783855509692531 0.25972064368768172 0.27761216685388862 0.35271628432899849
decision_type=2 2 2 2 2 2 2 2 2 2 2 2 2 2
left_child=1 3 -3 6 5 -5 9 -8 -9 11 -11 -1 -13 -14
right_child=-2 2 -4 4 -6 -7 7 8 -10 10 -12 12 13 -15
leaf_value=-0.0048445839273180309 0.013515792569800187 0.01452102121876944 -0.022923618686363605 -0.025418360570362578 0.049190871256911101 0.019853295913192424 0.031459085637215743 0.0062343020182662953 -0.02302731733908138 -0.037013848156316025 0.0095047317301624381 0.046119745683445693 0.025685399463205166 -0.0055844481480292595
leaf_weight=223.7334054056555 16.952612496912479 7.0781667381525066 22.740004271268845 8.0332044735550934 6.8523664101958266 15.894622333347796 15.290616676211355 81.183954086154699 14.276731535792349 16.694265261292461 9.2943316921591741 9.9668184742331487 15.003579199314116 38.342058457434177
leaf_count=2201 90 39 141 53 42 92 82 532 92 122 55 71 106 282
internal_value=6.40779e-05 -0.000433585 -0.0138523 0.00047512 0.0154835 0.00424444 -0.000648847 0.00602289 0.00166469 -0.00302096 -0.0206416 -0.0013595 0.0108399 0.00352107
internal_weight=501.337 484.384 29.8182 454.566 30.7802 23.9278 423.786 110.751 95.4607 313.034 25.9886 287.046 63.3125 53.3456
internal_count=4000 3910 180 3730 187 145 3543 706 624 2837 177 2660 459 388
is_linear=0
shrinkage=0.05


Tree=92
num_leaves=15
num_cat=0
split_feature=9 3 9 2 9 9 9 9 1 1 8 4 4 5
split_gain=1.33428 2.35229 2.4372 4.00496 1.73719 7.88026 6.32543 6.64386 5.03744 6.47143 4.31689 4.56756 7.94751 5.24018
threshold=0.061603066026959745 0.40482426509447017 0.04267168901657991 2.4125366858973023 0.17724236030753632 0.22404009310652326 0.15135656958634314 0.13760361459378448 0.099695301283478546 0.066441766110707109 1.6466536546607469 0.34689311362594705 0.22244677883496008 0.58836374061115959
decision_type=2 2 2 2 2 2 2 2 2 2 2 2 2 2
left_child=1 2 3 -1 6 -6 7 10 9 -8 -2 12 13 -12
right_child=4 -3 -4 -5 5 -7 8 -9 -10 -11 11 -13 -14 -15
leaf_value=0.02513763954153719 -0.0054721923093215656 0.012456381625627882 -0.037004884307375738 -0.036154613014687031 -0.017770455867650702 0.0022771491596374838 0.0086473341237850877 -0.029325161062468311 0.0019820066087505284 0.064000143717693581 -0.00016807719504764211 0.044868903205636995 -0.030831379741923282 0.046506348984326845
leaf_weight=5.2683489061892086 50.796350009739399 6.9765381477773181 9.1147710178047401 3.6373165212571621 58.844158459454775 270.09747303277254 10.356012493371965 16.452660333365202 17.126883752644062 10.597834944725035 12.670769117772581 9.4139084070920926 9.1511460617184621 10.433193519711493
leaf_count=69 446 49 118 36 512 2048 84 144 131 73 82 70 72 66
internal_value=6.71375e-05 -0.0109638 -0.020209 -0.0010185 0.00066827 -0.00135214 0.00516797 -0.00101472 0.0224251 0.0382831 0.0042825 0.0160235 0.00650861 0.021964
internal_weight=500.937 24.997 18.0204 8.90567 475.94 328.942 146.999 108.918 38.0807 20.9538 92.4654 41.669 32.2551 23.104
internal_count=4000 272 223 105 3728 2560 1168 880 288 157 736 290 220 148
is_linear=0
shrinkage=0.05


Tree=93
num_leaves=15
num_cat=0
split_feature=10 10 10 5 10 5 5 10 7 10 10 8 9 3
split_gain=1.30441 1.45758 3.75269 4.42947 3.95864 2.97541 5.53288 3.82933 3.82357 9.12546 6.06581 5.24245 4.79667 4.54983
threshold=86.566568896570345 68.224282213779205 66.627728531877963 0.68003746221565653 66.103973388276557 0.54322250175606579 0.48932009090120426 49.795058075211465 0.69590688951795854 47.708831172544912 43.415732999159268 2.738683700458846 0.35268070498686799 0.36774703285894839
decision_type=2 2 2 2 2 2 2 2 2 2 2 2 2 2
left_child=1 2 4 -4 5 6 8 -8 9 10 -1 13 -11 -10
right_child=-2 -3 3 -5 -6 -7 7 -9 11 12 -12 -13 -14 -15
leaf_value=0.01050276520896226 -0.020230453266647037 0.005393498410002192 -0.037472304465236458 0.01590554091753069 0.03278239391622137 0.0040286341578238162 0.00057826131318388155 -0.037768713293988579 -0.016576695245589964 -0.020120517961594871 0.082114575002990284 0.015204331334335278 0.027270403172186278 0.0072787189932053478
leaf_weight=6.2014584429562074 6.794871535152196 111.28396564722061 12.852433662861587 4.7486064322292796 8.0008492954075319 168.34030068293214 9.6988604962825793 18.61940598115325 75.720996277406812 16.037440307438377 5.3125250712037086 23.862847063690424 6.8033907338976851 26.375007651746273
leaf_count=57 52 795 114 36 60 1303 84 168 740 162 42 159 50 178
internal_value=6.4209e-05 0.000383755 -0.00108375 -0.0229905 3.26498e-05 -0.000790901 -0.00509055 -0.0250633 -0.001429 0.0131237 0.0474657 -0.0054703 -0.00545285 -0.0104032
internal_weight=500.653 493.858 382.574 17.601 364.973 356.972 188.632 28.3183 160.314 34.3548 11.514 125.959 22.8408 102.096
internal_count=4000 3948 3153 150 3003 2943 1640 252 1388 311 99 1077 212 918
is_linear=0
shrinkage=0.05


Tree=94
num_leaves=15
num_cat=0
split_feature=2 2 4 6 0 2 7 4 11 4 4 4 6 6
split_gain=1.31889 2.29441 3.42923 2.08638 3.56688 1.95437 1.8121 1.63857 1.53707 4.18906 5.07591 4.779 4.08588 3.70464
threshold=0.61395057884154125 0.76280342476506224 0.55069286919402216 4.1256888082769105 1.3177564384543679 0.96547887085063211 1.0181736074845824 0.92068019695446679 1.0000000180025095e-35 0.33671016881634064 0.31515053633442869 0.35598746611901227 1.9595384537052853 6.3431442345614988
decision_type=2 2 2 2 2 2 2 2 2 2 2 2 2 2
left_child=7 6 8 4 -4 -5 -2 -1 -3 10 12 -11 -10 -13
right_child=1 2 3 5 -6 -7 -8 -9 9 11 -12 13 -14 -15
leaf_value=-0.036810768382839726 -0.0024498349148248805 -0.0017615109514379978 0.026986138672944034 -0.0070197165797977971 -0.029440769508304845 -0.045805657034086518 0.031713107089113748 0.0038206821523743151 -0.030628000353018315 0.060249928430534651 -0.042227899460711406 0.023505567128541252 0.0044381060020803756 -0.012547360088038938
leaf_weight=4.3358743228018266 6.0368715040385714 259.01318418979645 4.8312651030719298 5.8852253556251508 4.3887269012629986 7.6237515546381474 9.2325599528849107 4.319627657532692 7.8073535412549964 5.0727968700230113 5.6182918995618811 19.07518778368831 146.81907843798399 10.259903006255625
leaf_count=50 54 2105 43 61 41 91 74 30 75 39 55 162 1034 86
internal_value=6.34622e-05 0.000422007 -0.000208128 -0.018738 -0.000125728 -0.0305569 0.0188862 -0.0182376 0.000759403 0.0041057 0.0006624 0.0196703 0.00248213 0.0108982
internal_weight=500.32 491.664 476.395 22.729 9.21999 13.509 15.2694 8.6555 453.666 194.653 160.245 34.4079 154.626 29.3351
internal_count=4000 3920 3792 236 84 152 128 80 3556 1451 1164 287 1109 248
is_linear=0
shrinkage=0.05


Tree=95
num_leaves=15
num_cat=0
split_feature=10 10 6 6 2 3 10 4 5 5 5 10 10 2
split_gain=1.25919 3.608 3.85005 4.50364 4.70343 5.95456 3.76876 3.35977 3.80624 5.91475 5.57049 7.72074 5.97202 6.71413
threshold=41.311665397692572 47.708831172544912 4.4886073998565683 10.524283265501628 1.3307082024773969 0.40482426509447017 49.634157787652534 0.92068019695446679 0.26699113272891756 0.2101735434896983 0.35823234763414796 51.441233465510074 54.801564005114408 2.2140688044474506
decision_type=2 2 2 2 2 2 2 2 2 2 2 2 2 2
left_child=-1 2 -2 4 -4 -6 -3 8 9 -8 12 -12 -10 -14
right_child=1 6 3 -5 5 -7 7 -9 10 -11 11 -13 13 -15
leaf_value=-0.0075437375157805953 0.028080778294203919 -0.02141689158021812 0.029974686099840577 0.038844740421255956 -0.034044759998105627 0.020360840886958158 -0.00070706002995049046 0.033105300595270767 -0.020770243134393719 -0.033867508792681938 0.029092260402369632 -0.0031235081813275872 0.0023490267871416771 0.046836210268747791
leaf_weight=48.221823260188103 22.643732711672783 20.014559779316187 5.7387859337031868 5.5845832787454119 15.306069727987053 6.4853827804327002 40.220297735184431 6.6649700701236716 7.0689679570496073 19.234792567789555 19.085458230227232 250.19382310658693 15.134268496185539 18.619567200541496
leaf_count=416 170 176 49 34 140 39 332 44 66 164 146 1963 140 121
internal_value=5.15428e-05 0.000876721 0.0126673 0.00161343 -0.00703585 -0.0176701 -0.000810161 0.000339961 -0.000338707 -0.0118178 0.00189307 -0.000740991 0.0188704 0.0275309
internal_weight=500.217 451.995 55.7586 33.1148 27.5302 21.7915 396.237 376.222 369.557 59.4551 310.102 269.279 40.8228 33.7538
internal_count=4000 3584 432 262 228 179 3152 2976 2932 496 2436 2109 327 261
is_linear=0
shrinkage=0.05


Tree=96
num_leaves=15
num_cat=0
split_feature=2 2 4 6 4 2 10 2 2 8 2 0 4 10
split_gain=1.30051 1.96593 3.15319 3.33692 2.06416 3.32939 6.24454 7.00521 3.78269 5.2969 2.27101 6.2329 3.99396 3.85605
threshold=0.61395057884154125 0.76280342476506224 0.51816456911689535 3.0518821949202768 0.39224039151137918 1.2460804638689338 68.224282213779205 1.4224614767520907 0.92339212570438955 1.5348809941854469 1.9291343504001228 0.71829038255012234 0.34415262898518029 47.529567571429055
decision_type=2 2 2 2 2 2 2 2 2 2 2 2 2 2
left_child=-1 -2 4 -4 10 8 7 -7 -6 -10 11 -3 13 -13
right_child=1 2 3 -5 5 6 -8 -9 9 -11 -12 12 -14 -15
leaf_value=-0.018171359668205239 0.017372215058162731 -0.027637248241584075 0.011979639629289697 -0.025528450133957971 0.022404315193816023 0.045288025381962423 0.066507179813405412 -0.018752510959310697 0.01063591039874404 -0.046912672852969406 0.0018788458605261153 0.034566592957443562 -0.01866227685920285 0.0010909015607640997
leaf_weight=8.5998873785138112 15.510318763554094 25.417329881340265 7.3679694309830692 21.553999615833163 8.6555639952421206 6.1658159308135536 5.4118402935564509 9.6458089351654035 7.6784064322710019 6.7197979427874088 303.8052378334105 9.657299764454363 18.727139484137297 44.983669858425856
leaf_count=80 128 265 64 235 72 53 37 89 71 60 2169 87 172 418
internal_value=5.5155e-05 0.000410461 -0.000177753 -0.0158921 0.000872518 0.0109944 0.0248082 0.00742879 -0.00222532 -0.017525 -0.000265178 -0.00681167 0.000677668 0.00752234
internal_weight=499.9 491.3 475.79 28.922 446.868 44.2772 21.2235 15.8116 23.0538 14.3982 402.591 98.7854 73.3681 54.641
internal_count=4000 3920 3792 299 3493 382 179 142 203 131 3111 942 677 505
is_linear=0
shrinkage=0.05


Tree=97
num_leaves=15
num_cat=0
split_feature=9 5 0 10 9 9 9 9 7 7 1 1 1 7
split_gain=1.23274 2.35695 2.57308 3.16888 1.58787 7.15242 5.57286 6.14783 5.53732 4.84746 10.0123 4.4403 5.6417 4.23489
threshold=0.061603066026959745 0.6710894034572773 0.85474613348156481 60.904518304850434 0.17724236030753632 0.22404009310652326 0.15135656958634314 0.13760361459378448 0.89605414761918134 0.82489495591642736 0.13755238951364909 0.099695301283478546 0.08233859199859199 1.4835698197159914
decision_type=2 2 2 2 2 2 2 2 2 2 2 2 2 2
left_child=1 2 3 -1 6 9 7 8 -2 10 -6 12 -8 -13
right_child=4 -3 -4 -5 5 -7 11 -9 -10 -11 -12 13 -14 -15
leaf_value=-0.014241834525855902 -0.013974479727127188 -0.038643748381105493 -0.029977224579168488 0.029218391300745161 -0.018397907968527253 0.0021345190884741582 0.017039024953991788 -0.028491567315724636 0.012224203868506934 -0.026684755613705494 0.059264284732867704 -0.017004418926902586 0.072455961709664063 0.031265965592669497
leaf_weight=7.3213672637939506 28.283583160489798 4.8079138770699492 5.0526261571794739 7.5989689156413078 13.465195015072824 269.93293330445886 15.157944560050966 16.081037428230047 64.05300210416317 39.7283431943506 4.8249634504318228 10.748137127608063 6.2183759324252597 6.4130029156804076
leaf_count=82 260 60 69 61 127 2048 116 144 476 349 36 91 41 40
internal_value=5.41093e-05 -0.0105948 -0.00232225 0.00833754 0.000630871 -0.00130546 0.00493168 -0.000920027 0.00413555 -0.017075 0.00409965 0.0210012 0.0356774 0.00176225
internal_weight=499.687 24.7809 19.973 14.9203 474.907 327.951 146.955 108.418 92.3366 58.0185 18.2902 38.5375 21.3763 17.1611
internal_count=4000 272 212 143 3728 2560 1168 880 736 512 163 288 157 131
is_linear=0
shrinkage=0.05


Tree=98
num_leaves=15
num_cat=0
split_feature=2 2 4 9 6 7 10 4 8 10 4 2 2 8
split_gain=1.20606 1.79425 2.91337 1.9784 2.43198 1.62922 1.44259 2.87856 3.08434 2.88413 2.81667 4.41125 4.5179 3.60021
threshold=0.61395057884154125 0.76280342476506224 0.55069286919402216 0.28899590484053145 4.4886073998565683 1.0181736074845824 70.703827706972476 0.40287943551552097 2.8823676393704583 78.779117119666623 0.29891934761503597 2.3479669571243393 1.7787822829392228 0.97572121105864851
decision_type=2 2 2 2 2 2 2 2 2 2 2 2 2 2
left_child=-1 5 6 -4 -5 -2 -3 8 9 10 11 12 -8 -13
right_child=1 2 3 4 -6 -7 7 -9 -10 -11 -12 13 -14 -15
leaf_value=-0.017599327996927174 -0.0034493172717153064 -0.00062340001144162898 -0.030389868413911836 0.0241699865269695 -0.020905985079352804 0.028473107362058422 0.010520281133615054 0.031197098057083296 -0.021472622410761349 -0.00706191002067506 -0.015300652416056569 -0.020094217821728114 0.075361509679070279 0.02009687646217885
leaf_weight=8.4956239834427816 6.1264022663235655 371.07636259868741 12.002993697300555 4.4137721583247167 5.6916679181158543 9.5274703092873079 5.4420347884297353 9.465501379221676 9.9565623700618726 22.087540350854397 5.779059797525405 7.1499477252364185 5.1498557776212692 16.988489501178265
leaf_count=80 54 3003 137 38 61 74 45 77 53 152 46 45 36 99
internal_value=5.06367e-05 0.000391277 -0.000173698 -0.0174916 -0.000814476 0.0165228 0.000707976 0.00666644 0.00308548 0.00726787 0.015063 0.0204023 0.0458281 0.00786627
internal_weight=499.353 490.858 475.204 22.1084 10.1054 15.6539 453.095 82.019 72.5535 62.5969 40.5094 34.7303 10.5919 24.1384
internal_count=4000 3920 3792 236 99 128 3556 553 476 423 271 225 81 144
is_linear=0
shrinkage=0.05


Tree=99
num_leaves=15
num_cat=0
split_feature=5 10 6 6 0 10 9 10 6 5 5 9 11 5
split_gain=1.17647 2.29884 1.37164 2.11602 3.02742 3.0135 2.35189 2.20451 1.99349 1.82066 4.53375 7.1142 5.04829 3.54952
threshold=0.89173233703157118 58.246574369198136 2.0182628956115458 1.5398589556098352 0.85474613348156481 65.808681625483516 0.2467416891701196 54.451325384802523 2.1468864796869012 0.35823234763414796 0.31415008485926055 0.26706292638366691 1.0000000180025095e-35 0.55526338822211685
decision_type=2 2 2 2 2 2 2 2 2 2 2 2 2 2
left_child=2 -2 3 5 6 7 -5 -1 -4 10 -10 12 -12 -11
right_child=1 -3 8 4 -6 -7 -8 -9 9 13 11 -13 -14 -15
leaf_value=0.0056694692308731235 0.025459880670183906 -0.0064222998960920255 0.027315863850940144 -0.023858452156572469 -0.049393065356252985 0.027372274316604918 0.016332020663463301 -0.034179475075682607 -3.4214193913998596e-05 -0.008534955615296845 -0.028284954946852084 0.050500930539919144 0.027389293889452618 0.0022729635150209844
leaf_weight=7.3884309120476264 11.561635185033085 9.6856357306241971 5.7333227321505538 7.3630411587655562 5.4083906114101401 6.5514063835144034 5.5270663388073444 5.1723233424127102 95.625212021172047 126.82005636952817 7.2675457596778887 11.648027021437882 7.0239064246416092 186.49472648277879
leaf_count=66 70 65 47 67 52 49 49 46 793 1079 69 78 59 1411
internal_value=5.10373e-05 0.0112909 -0.000471081 -0.009533 -0.0212171 0.00215245 -0.0066903 -0.0120501 0.000318174 -9.96071e-05 0.00506959 0.0231875 -0.000920647 -0.00211498
internal_weight=499.271 21.2473 478.023 37.4107 18.2985 19.1122 12.8901 12.5608 440.613 434.879 121.565 25.9395 14.2915 313.315
internal_count=4000 135 3865 329 168 161 116 112 3536 3489 999 206 128 2490
is_linear=0
shrinkage=0.05


Tree=100
num_leaves=15
num_cat=0
split_feature=10 10 7 5 5 9 10 10 4 10 4 5 5 10
split_gain=1.18742 3.13617 3.60526 6.54013 4.451 6.0797 3.56253 3.42433 3.36803 3.22967 3.09795 3.45796 5.48724 4.74038
threshold=41.006913121162007 47.708831172544912 0.91294601053952251 0.59348856958301777 0.614624645128793 0.22404009310652326 45.066204261794844 49.634157787652534 0.19567764919045855 45.249130252707694 0.92068019695446679 0.26699113272891756 0.2101735434896983 55.397378034451883
decision_type=2 2 2 2 2 2 2 2 2 2 2 2 2 2
left_child=-1 2 3 6 5 -4 -2 8 -3 -6 11 12 13 -9
right_child=1 7 4 -5 9 -7 -8 10 -10 -11 -12 -13 -14 -15
leaf_value=-0.0074830897834909892 0.020318381523431909 0.00091447470536666533 -0.043072464173926878 -0.0064368459893671326 0.04261279006669428 0.0088488328042698981 0.073743552580496072 -0.032221324178280435 -0.039465282398760466 -0.0049300283471324976 0.031621557221791392 0.0017909206018406497 -0.032905199180966682 0.0082294414163022484
leaf_weight=46.379667662084103 7.5645618326962012 9.635033745318653 8.457391172647478 8.8339963033795339 7.6177287027239782 13.297642104327677 6.0199544802308083 8.2896552011370641 10.019322944805024 5.7797180488705635 6.7452097535133353 309.79950534366071 18.751835536211729 31.875038422644138
leaf_count=400 64 72 76 65 52 101 47 76 104 43 44 2436 164 256
internal_value=4.89365e-05 0.000835418 0.0116331 0.0268332 0.00146506 -0.0123417 0.0474266 -0.000763268 -0.0205843 0.0231848 0.00032623 -0.000330261 -0.0113278 -0.000699186
internal_weight=499.066 452.687 57.571 22.4185 35.1525 21.755 13.5845 395.116 19.6544 13.3974 375.461 368.716 58.9165 40.1647
internal_count=4000 3600 448 176 272 177 111 3152 176 95 2976 2932 496 332
is_linear=0
shrinkage=0.05


Tree=101
num_leaves=15
num_cat=0
split_feature=2 2 2 10 7 5 5 4 4 2 0 3 3 8
split_gain=1.16261 1.64624 6.43724 3.45932 4.89274 4.55546 2.70089 2.33892 3.57341 3.55655 5.66374 5.39271 7.2798 2.18041
threshold=0.61395057884154125 0.94315529986451396 1.0788986063274091 57.823875591107537 0.92921305903206086 0.40664018490495296 0.53639232753982979 0.52456897353008303 0.38531621073792227 1.4335117716696981 0.83733341033260678 0.11800006274265923 0.066816867631804874 0.48726397559657531
decision_type=2 2 2 2 2 2 2 2 2 2 2 2 2 2
left_child=-1 3 -3 5 -5 -2 -6 8 13 11 -11 12 -10 -4
right_child=1 2 7 4 6 -7 -8 -9 9 10 -12 -13 -14 -15
leaf_value=-0.017343380794152697 -0.0088453452875222414 -0.029282277187911789 0.016071417903138614 -0.03464412641555599 0.032578595292944212 0.038514320703678398 -0.010520507336520844 -0.021062932267880301 0.052939139749974398 0.023434746144446069 -0.037581586014193008 0.069247141023036432 -0.021264509330699777 -0.00084072011031203087
leaf_weight=8.4322570189833623 7.0813551358878639 17.643080720677972 19.090434994548559 7.5060612186789539 7.0356114096939546 14.470104936510323 5.9491877593100071 10.978186242282389 4.7497079297900253 8.3202645368874055 5.4267479181289664 5.3713072501122943 6.884527575224638 369.93087120726705
leaf_count=80 67 176 141 76 59 121 45 120 39 72 47 42 63 2852
internal_value=4.47726e-05 0.000378416 -0.000517063 0.00971911 -0.00493257 0.0232507 0.0134918 0.000726219 0.00134477 0.0174729 -0.00156705 0.0320967 0.0108217 2.82875e-05
internal_weight=498.87 490.437 448.395 42.0423 20.4909 21.5515 12.9848 430.752 419.774 30.7526 13.747 17.0055 11.6342 389.021
internal_count=4000 3920 3552 368 180 188 104 3376 3256 263 119 144 102 2993
is_linear=0
shrinkage=0.05


Tree=102
num_leaves=15
num_cat=0
split_feature=10 6 6 6 10 7 7 5 7 5 1 5 0 0
split_gain=1.15368 1.45085 3.23618 6.69309 5.19762 3.58125 3.7511 4.68946 3.4477 2.96049 3.17083 2.88197 3.85219 7.04343
threshold=86.566568896570345 7.2802261505247978 4.5155818812412045 4.3300878521033379 56.76224594811751 2.243036766070762 0.43499076118950381 0.66352084176114645 0.64054281757401621 0.70065979916314047 0.10224914083683496 0.56769148084736964 0.91276996423765577 0.65064227658485951
decision_type=2 2 2 2 2 2 2 2 2 2 2 2 2 2
left_child=1 2 3 8 -5 6 7 -4 -1 10 -7 -3 13 -13
right_child=-2 11 5 4 -6 9 -8 -9 -10 -11 -12 12 -14 -15
leaf_value=-0.014440322981297519 -0.019172026748759993 -0.0019679529212261794 0.034578213202480258 -0.0047501441880740082 0.051295646602281676 0.001608205828018873 -0.013571285428784722 -0.021070247401392406 0.0031117236221615266 -0.014965470019244281 0.04364172199713709 0.0094432393270076163 -0.0093186602833429458 0.056670673041836199
leaf_weight=33.244041129946709 6.6910608373582354 76.903143629431725 8.6296323463320714 6.1241735294461277 10.808448046445845 9.7614580951631122 109.38118523359299 5.3833191692829123 151.8965941183269 7.3906616866588584 7.4304864928126326 40.902495175600052 15.214734252542256 8.9665088877081853
leaf_count=306 52 619 78 45 59 69 1005 39 1198 42 41 261 122 64
internal_value=4.38634e-05 0.00034353 -0.00138647 0.00272393 0.0318905 -0.00698015 -0.0104469 0.0132204 -0.000100586 0.0101498 0.0211757 0.0045885 0.0122482 0.0188819
internal_weight=498.728 492.037 350.05 202.073 16.9326 147.977 123.394 14.013 185.141 24.5826 17.1919 141.987 65.0837 49.869
internal_count=4000 3948 2882 1608 104 1274 1122 117 1504 152 110 1066 447 325
is_linear=0
shrinkage=0.05


Tree=103
num_leaves=15
num_cat=0
split_feature=1 1 4 1 1 9 9 9 1 0 6 9 8 4
split_gain=1.15115 5.71107 3.53327 2.6785 4.4152 4.57114 5.54139 3.71588 3.49913 3.45384 3.87593 4.51865 6.25441 3.90927
threshold=0.11511484683754712 0.12424003429345927 0.36250428781165772 0.073803703022312622 0.077180656345288742 0.18062754085207136 0.21237812679318413 0.15135656958634314 0.10420940294931054 0.19307018976556511 9.9257929442751553 0.31734530957772261 1.7714847110225527 0.26976110615757731
decision_type=2 2 2 2 2 2 2 2 2 2 2 2 2 2
left_child=3 2 -2 -1 -5 7 -7 8 -6 -8 11 13 -13 -11
right_child=1 -3 -4 4 5 6 9 -9 -10 10 -12 12 -14 -15
leaf_value=-0.0019168752743872982 -0.037901404143528578 0.00012868820948483151 0.009764130355954994 0.037205244906737829 -0.0032598453052215212 -0.037073513376575447 0.029834217552106957 0.039353182752438001 0.033865033846742255 -0.039143283573136498 0.03180082826416173 -0.013365438046015206 0.031853631370350084 0.0031545164003837344
leaf_weight=190.15838201530278 15.957049876451494 159.08551261946559 4.5852072797715655 10.35556574910879 21.853741701692346 9.2566737290471774 8.7997799515724164 12.459592230617998 7.8603172004222861 13.665060076862575 6.3586414940655223 17.194344110786918 12.23935793340206 8.4821371696889383
leaf_count=1632 130 1200 46 80 186 75 47 90 62 105 48 145 75 79
internal_value=4.86283e-05 -0.00314215 -0.0273027 0.00185133 0.00739831 0.00449595 -0.00285018 0.0174929 0.00734371 0.00237379 -0.00223229 -0.00695273 0.00586673 -0.0235073
internal_weight=498.311 179.628 20.5423 318.684 128.525 118.17 75.996 42.1737 29.7141 66.7393 57.9395 51.5809 29.4337 22.1472
internal_count=4000 1376 176 2624 992 912 574 338 248 499 452 404 220 184
is_linear=0
shrinkage=0.05


Tree=104
num_leaves=15
num_cat=0
split_feature=0 2 5 2 1 1 1 9 8 6 6 10 8 8
split_gain=1.13249 4.5019 2.61491 3.10258 2.57453 5.23215 2.85317 4.07539 2.62933 2.49264 5.33104 2.75434 2.39908 2.32844
threshold=0.30886263692055654 4.5940636938931521 0.42125965972943913 4.204272063873999 0.10803411434025316 0.12261280205196425 0.062649582790866437 0.3159922251284219 1.4200767108813186 7.2278665544670639 3.4914830026151216 66.289626812347592 0.40004389145004449 1.3139204868595453
decision_type=2 2 2 2 2 2 2 2 2 2 2 2 2 2
left_child=1 2 -1 -4 6 -6 7 8 -3 10 -7 -12 -2 -8
right_child=12 4 3 -5 5 9 13 -9 -10 -11 11 -13 -14 -15
leaf_value=0.04453976113991702 -0.033049070774901872 0.024416693697818518 0.030930315204547962 -0.011616140356110805 -0.043337546239684457 0.01772643103377472 0.0015312760168799276 -0.032048822768335213 -0.0094136485868580068 0.015482406989811274 -0.033383335423851711 0.0055759331476548284 -0.00091074824629035732 0.028439316378338741
leaf_weight=8.2058706805109995 4.9057832993566981 10.286105811595922 7.5476325526833516 7.8003609105944633 7.8357455581426612 11.472469821572302 14.292131662368773 8.3265874385833722 10.885420247912405 14.199072070419787 15.836453370749952 5.8575988039374343 352.8673297688365 17.736347854137421
leaf_count=57 46 69 48 49 51 73 86 50 69 74 112 32 3090 94
internal_value=5.09611e-05 0.00384265 0.0233031 0.00991894 -0.000248751 -0.00801277 0.00673383 -0.00443378 0.00738263 -0.00139374 -0.00886034 -0.0230818 -0.00144232 0.016842
internal_weight=498.055 140.282 23.5539 15.348 116.728 55.2013 61.5266 29.4981 21.1715 47.3656 33.1665 21.6941 357.773 32.0285
internal_count=4000 864 154 97 710 342 368 188 138 291 217 144 3136 180
is_linear=0
shrinkage=0.05


Tree=105
num_leaves=15
num_cat=0
split_feature=3 1 3 1 2 1 10 3 10 6 3 2 3 10
split_gain=1.1576 2.28041 2.26684 2.9205 2.72395 4.24512 3.94964 2.39861 3.1896 2.87159 2.49984 3.95767 3.25357 3.19692
threshold=1.4965475861500288 0.1830900228424007 0.7490523764613507 0.099268280741344486 6.314440056051513 0.083788213414799848 55.526079525770243 0.50807413571571325 27.804578686527204 6.6885586012827387 0.25972064368768172 5.3867773742427092 0.27761216685388862 34.270430148080671
decision_type=2 2 2 2 2 2 2 2 2 2 2 2 2 2
left_child=2 -2 4 -4 7 6 -6 8 -1 -9 13 12 -12 -10
right_child=1 -3 3 -5 5 -7 -8 9 10 -11 11 -13 -14 -15
leaf_value=-0.038555669569269604 -0.0044733939479634352 0.030764795263608143 0.012899423474577282 -0.022285500480312779 0.024818705840833358 0.037984889243458379 -0.01816010311998174 -0.029833868112611302 0.031289330229996748 0.0095582049192274119 0.033832752133175263 -0.023296223195483873 0.0069218949422088453 -0.0021637584200210002
leaf_weight=4.2248390652239314 9.166064493358137 7.7783431336283675 7.1526744812727001 22.346819542348385 8.3738289475441032 11.040505789220331 11.439188688993452 13.193312738090755 6.3162816129624835 6.2758367210626593 12.651865910738705 8.1536256447434408 68.5325609408319 301.21747329086065
leaf_count=38 49 41 39 141 52 65 70 101 62 38 86 51 473 2694
internal_value=4.63988e-05 0.0125157 -0.000417997 -0.0136111 0.000472328 0.01457 0.000324285 -0.000594015 0.000257354 -0.0172893 0.000766398 0.00808001 0.0114764 -0.0013775
internal_weight=497.863 16.9444 480.919 29.4995 451.419 30.8535 19.813 420.566 401.097 19.4691 396.872 89.3381 81.1844 307.534
internal_count=4000 90 3910 180 3730 187 122 3543 3404 139 3366 610 559 2756
is_linear=0
shrinkage=0.05


Tree=106
num_leaves=15
num_cat=0
split_feature=9 5 0 10 3 9 7 10 10 9 5 10 9 11
split_gain=1.12656 2.25097 2.29083 2.79735 1.44446 1.40706 4.1984 3.14344 2.77259 1.39738 1.93112 1.67413 1.65689 8.1201
threshold=0.061603066026959745 0.6710894034572773 0.85474613348156481 60.904518304850434 0.36774703285894839 0.081455513554253886 0.78265872978102391 64.580538590886036 53.371738685560167 0.09605785596589983 0.65486608693327286 64.580538590886036 0.11080611527144642 1.0000000180025095e-35
decision_type=2 2 2 2 2 2 2 2 2 2 2 2 2 2
left_child=1 2 3 4 -1 6 -2 8 -8 10 11 -7 13 -11
right_child=5 -3 -4 -5 -6 9 7 -9 -10 12 -12 -13 -14 -15
leaf_value=-0.03222113505595222 -0.021286035188809768 -0.038006465138318152 -0.028854260935954473 0.027078728858805235 0.0082528837681379412 -0.038781231485308591 0.011466531467100284 -0.0047248427435312183 0.062940118805850542 -0.014320291082771575 0.010171042128468375 -0.00054180905577381631 -0.00014152316741676446 0.048277649572779122
leaf_weight=3.6677110642194801 5.84480953216553 4.6635647267103186 4.8374732956290236 7.7417952641844749 3.5601183883845806 6.8068667799234408 5.4194599352777022 5.5932616218924514 5.2804630436003208 10.624015484005213 5.1676364019513121 4.5643586069345474 415.41091470606625 8.5146316327154636
leaf_count=53 53 60 69 61 29 62 44 41 38 91 34 32 3264 69
internal_value=4.65702e-05 -0.0101975 -0.00213793 0.00776173 -0.0137053 0.000596678 0.0126221 0.0253134 0.0400774 -2.01077e-05 -0.0138574 -0.0247166 0.000537144 0.0145434
internal_weight=497.697 24.4707 19.8071 14.9696 7.22783 473.226 22.138 16.2932 10.6999 451.088 16.5389 11.3712 434.55 19.1386
internal_count=4000 272 212 143 82 3728 176 123 82 3552 128 94 3424 160
is_linear=0
shrinkage=0.05


Tree=107
num_leaves=15
num_cat=0
split_feature=8 9 4 8 9 9 9 9 9 7 0 6 6 5
split_gain=1.11123 5.94259 3.15003 2.5304 1.91536 1.83126 8.41767 6.00492 3.58371 4.04442 3.95922 3.57357 4.09079 6.04236
threshold=0.48726397559657531 0.1973663841656346 0.28233011029736982 0.51919475505003632 0.12221562859871871 0.18664407644107947 0.22404009310652326 0.15135656958634314 0.14629640003464708 0.89605414761918134 0.27808024863152103 7.2802261505247978 8.3934682200524104 0.57475321818147529
decision_type=2 2 2 2 2 2 2 2 2 2 2 2 2 2
left_child=1 4 -3 -2 -1 7 -7 8 9 10 -5 -11 -13 -14
right_child=3 2 -4 5 -6 6 -8 -9 -10 11 -12 12 13 -15
leaf_value=0.0026373539138992126 -0.027077744678916844 0.04397685283427985 -0.003138395319860494 0.015475163430398779 -0.040535767270212658 -0.023188193014638578 0.0010334518057112595 0.018819789536991489 -0.036758560487077624 -0.0011999996531461578 -0.025378681870716249 0.044712891138675923 0.026432431877145241 -0.030672688931257377
leaf_weight=4.6724863238632697 7.7908008806407443 9.955617453902958 5.0596121847629538 7.1661261841654804 4.4118641540408134 40.782437546178699 252.94904925301671 48.400459453463554 5.9209678433835498 60.363234303891659 22.607289535924792 9.7099550180137175 11.35391563922167 6.4318255670368663
leaf_count=45 64 62 43 51 38 383 1933 362 55 497 257 67 94 49
internal_value=4.0698e-05 0.0102935 0.028896 -0.000501756 -0.0202704 -7.77592e-08 -0.00239681 0.00408421 -0.00179303 0.000261964 -0.0153623 0.00566997 0.0202649 0.00524813
internal_weight=497.576 24.0996 15.0152 473.476 9.08435 465.685 293.731 171.954 123.553 117.632 29.7734 87.8589 27.4957 17.7857
internal_count=4000 188 105 3812 83 3748 2316 1432 1070 1015 308 707 210 143
is_linear=0
shrinkage=0.05


Tree=108
num_leaves=15
num_cat=0
split_feature=10 5 5 10 7 5 10 5 9 10 10 5 4 5
split_gain=1.10414 3.1424 3.8287 2.957 3.74894 4.25559 4.76055 3.3961 6.14443 4.07131 3.13088 3.22009 2.94245 3.18356
threshold=41.311665397692572 0.65486608693327286 0.31415008485926055 47.708831172544912 0.86446814988194509 0.59348856958301777 45.066204261794844 0.614624645128793 0.22404009310652326 45.249130252707694 49.634157787652534 0.35590532747283671 0.92068019695446679 0.26699113272891756
decision_type=2 2 2 2 2 2 2 2 2 2 2 2 2 2
left_child=1 2 -1 4 5 6 -2 8 -6 -9 11 -5 13 -12
right_child=3 -3 -4 10 7 -7 -8 9 -10 -11 12 -13 -14 -15
leaf_value=-0.025033428355241211 0.013851839761119351 -0.026976907119632493 0.011029500368222582 0.011770311707690433 -0.042374310366529305 -0.00088948856646856522 0.075997685238862189 0.042768294743893022 0.0098866245872190877 -0.0090926857002082383 -0.010957001842732947 -0.031809179572254397 0.030719328594487401 0.0016870690848797738
leaf_weight=9.2157991081476194 6.8759160935878771 13.14143945276737 25.335560023784637 5.2987598814070251 8.1837372630834597 7.9400674104690543 5.5416185222566128 7.5149503797292692 13.775911685079334 6.2832507751882076 58.305013310164213 14.00799125805497 6.784734144806861 309.07654634304345
leaf_count=86 57 103 227 47 76 58 41 49 104 47 496 129 44 2436
internal_value=3.1327e-05 -0.0071214 0.000976941 0.000804216 0.0114359 0.0280131 0.0451829 0.00149288 -0.0105869 0.0201339 -0.000737177 -0.0198581 0.000299753 -0.000343895
internal_weight=497.281 47.6928 34.5514 449.588 56.1155 20.3576 12.4175 35.7579 21.9596 13.7982 393.473 19.3068 374.166 367.382
internal_count=4000 416 313 3584 432 156 98 276 180 96 3152 176 2976 2932
is_linear=0
shrinkage=0.05


Tree=109
num_leaves=15
num_cat=0
split_feature=5 10 12 9 9 6 5 8 6 5 7 0 2 4
split_gain=1.12172 2.0945 1.33369 2.63651 3.5976 2.12201 1.88406 4.6187 1.60083 3.32443 4.57413 1.89952 5.32645 3.24422
threshold=0.89173233703157118 58.246574369198136 1.0000000180025095e-35 0.37817347551999353 0.26563476979558076 14.66924784425013 0.57475321818147529 1.5110910270325724 11.380377702873687 0.63346278823751034 1.6870112983387393 1.5681182680486141 0.78921257118469978 0.59471188492128846
decision_type=2 2 2 2 2 2 2 2 2 2 2 2 2 2
left_child=2 -2 5 4 6 8 7 -4 11 10 -10 12 -1 -14
right_child=1 -3 3 -5 -6 -7 -8 -9 9 -11 -12 -13 13 -15
leaf_value=0.044784760700335609 0.024431942898432778 -0.0060500758061350565 0.034601533338613148 -0.018703703910781629 0.033444105103095173 -0.027632041643189699 -0.014378527493734576 -0.013982542892511531 -0.022005505170905659 0.038106805362491607 0.032774395835550578 -0.016186689963703736 -0.00081679748009269321 -0.030383081952367264
leaf_weight=5.3018368594348422 11.637504883110525 9.5853690020740014 9.1858212985098415 7.255319043993949 12.606952760368584 6.5574331879615775 10.119534078985451 8.614396717399357 9.3973934948444384 6.9434662051498881 5.0186637304723254 20.201872535049915 366.18300395272672 8.5215235222130996
leaf_count=48 70 65 68 51 76 54 69 60 83 45 32 184 2991 104
internal_value=3.14664e-05 0.0110119 -0.000480266 0.00735509 0.0123583 -0.00136985 0.00201 0.0115962 -0.000896924 0.0121272 -0.00204604 -0.00162053 -0.000805711 -0.00156827
internal_weight=497.13 21.2229 475.907 47.782 40.5267 428.125 27.9198 17.8002 421.568 21.3595 14.4161 400.208 380.006 374.705
internal_count=4000 135 3865 324 273 3541 197 128 3487 160 115 3327 3143 3095
is_linear=0
shrinkage=0.05


Tree=110
num_leaves=15
num_cat=0
split_feature=10 8 8 0 3 7 9 9 0 1 3 1 9 10
split_gain=1.03851 1.25951 4.78825 2.37187 3.7934 1.67438 6.70276 2.93714 5.58711 2.8527 4.07247 3.76531 4.89009 6.48552
threshold=86.566568896570345 3.5596529960341701 3.3909490581701234 0.56034313373215017 0.12444660698502698 2.243036766070762 0.34148674042291749 0.25956410559025406 0.83167354201517008 0.11174963463445553 0.11800006274265923 0.064341710062289073 0.18062754085207136 75.471445172461458
decision_type=2 2 2 2 2 2 2 2 2 2 2 2 2 2
left_child=1 2 5 -3 -5 9 7 8 -7 11 -11 -1 13 -13
right_child=-2 3 -4 4 -6 6 -8 -9 -10 10 -12 12 -14 -15
leaf_value=-0.0032229677397827916 -0.018322056543611489 -0.0047782812071396272 -0.039863890086715759 -0.00072473782763992961 0.048986114820077128 -0.0084154466645004738 -0.028532777715930203 0.04786899052781126 0.045257613843250964 -0.032014567432926161 -0.0033602985299722374 0.012935169292714403 0.0010675172087066768 0.063401786088168197
leaf_weight=134.82194930687547 6.5887596830725661 13.046666122972967 6.5268945880234233 7.6922451779246312 6.6018391475081444 12.721066139638429 7.4478695169091216 7.1942089647054663 6.5986565947532645 12.606120627373455 144.33247369900346 42.547675117850304 81.470943750813603 6.6882283352315417
leaf_count=1203 52 67 45 54 33 83 50 42 43 136 1135 364 650 43
internal_value=3.33156e-05 0.000316772 -0.000308945 0.010549 0.0239364 0.000342598 0.0108586 0.0225586 0.0112417 -0.000526419 -0.00585009 0.00263023 0.00864635 0.0209162
internal_weight=496.886 490.297 462.956 27.3408 14.2941 456.429 33.9618 26.5139 19.3197 422.467 156.939 265.529 130.707 49.2359
internal_count=4000 3948 3794 154 87 3749 218 168 126 3531 1271 2260 1057 407
is_linear=0
shrinkage=0.05


Tree=111
num_leaves=15
num_cat=0
split_feature=9 5 0 10 8 8 9 9 9 7 5 1 1 10
split_gain=1.05204 2.09978 2.13079 2.53647 1.39444 3.03708 4.18983 2.51891 8.33348 4.08485 6.75528 4.575 11.5308 3.9278
threshold=0.061603066026959745 0.6710894034572773 0.85474613348156481 60.904518304850434 0.40004389145004449 0.48726397559657531 0.20493903802866872 0.18664407644107947 0.22404009310652326 1.8091556052165669 0.46324917755829953 0.11224112048388264 0.084596690003514038 54.945932927736926
decision_type=2 2 2 2 2 2 2 2 2 2 2 2 2 2
left_child=1 2 3 -1 -2 6 -6 9 -9 11 -11 12 -7 -13
right_child=4 -3 -4 -5 5 7 -8 8 -10 10 -12 13 -14 -15
leaf_value=-0.013336262897440582 -0.020059293710535889 -0.037223920807448539 -0.028282067831555503 0.025472748487123199 -0.010541368043700233 -0.0053507759609885209 0.040058557975318293 -0.023187339756140596 0.00084127992622332634 -0.0068507149056080104 0.034209683546116809 -0.033195658532124445 0.037333117196286812 -0.00056562397687445992
leaf_weight=7.153453487902885 7.056280229240655 4.5064431168138972 4.7189983893185845 7.8487410955131054 5.9567424245178691 51.856050066649914 10.019239418208597 40.981283923611045 256.41204217448831 15.742427460849283 25.222816556692123 14.438689593225716 21.645457629114389 22.994054187089205
leaf_count=82 56 60 69 61 50 455 67 392 1960 105 148 132 169 194
internal_value=3.71019e-05 -0.0099118 -0.00217555 0.00729057 0.000567288 0.000922461 0.0216825 0.000137763 -0.00253651 0.00535589 0.0186434 0.000326402 0.00755159 -0.013688
internal_weight=496.553 24.2276 19.7212 15.0022 472.325 465.269 15.976 449.293 297.393 151.899 40.9652 110.934 73.5015 37.4327
internal_count=4000 272 212 143 3728 3672 117 3555 2352 1203 253 950 624 326
is_linear=0
shrinkage=0.05


Tree=112
num_leaves=15
num_cat=0
split_feature=3 3 1 2 0 5 6 3 10 6 3 2 5 7
split_gain=1.05969 2.098 2.63692 2.5017 3.71411 4.23656 2.29107 2.14466 2.93933 2.65493 2.10311 3.60824 3.86669 4.27999
threshold=1.4965475861500288 0.7490523764613507 0.099268280741344486 6.314440056051513 0.17804805946024069 0.4144525612974192 4.535789558713887 0.50807413571571325 27.804578686527204 6.6885586012827387 0.25972064368768172 5.3867773742427092 0.36647777185869351 0.81834327808273855
decision_type=2 2 2 2 2 2 2 2 2 2 2 2 2 2
left_child=1 3 -3 7 5 -5 -7 8 -1 -9 -10 12 13 -12
right_child=-2 2 -4 4 -6 6 -8 9 10 -11 11 -13 -14 -15
leaf_value=-0.037585576678481919 0.011956659679605824 0.01192274472650069 -0.021525532573410722 -0.024530150710233692 0.043087588451584426 0.037604982247508301 0.00076048647568926217 -0.028823641991298311 -0.001282574048806938 0.0092063841770505146 0.056175142290300788 -0.022732201932079157 0.002917796522831799 0.012212018419788258
leaf_weight=4.0790159143507472 16.944883987307549 7.1917809322476414 22.029987871646881 7.8059442713856759 7.146227926015853 7.0402892678976086 8.9670231789350492 12.855394329875709 306.18967265076935 6.2717717960476866 7.2925142794847515 8.0635345429182035 55.167334720492363 19.121990866959095
leaf_count=38 90 39 141 53 42 41 51 101 2756 38 51 51 381 127
internal_value=2.72104e-05 -0.000418624 -0.0131714 0.000436876 0.0139215 0.00378522 0.0182236 -0.000590164 0.000210825 -0.0165158 0.000694043 0.00738498 0.010601 0.0259557
internal_weight=496.167 479.222 29.2218 450.001 30.9595 23.8133 16.0073 419.041 399.914 19.1272 395.835 89.6454 81.5818 26.4145
internal_count=4000 3910 180 3730 187 145 92 3543 3404 139 3366 610 559 178
is_linear=0
shrinkage=0.05


Tree=113
num_leaves=15
num_cat=0
split_feature=13 6 0 6 9 5 5 2 4 5 6 3 6 3
split_gain=1.06962 2.35734 3.9686 3.58255 5.9166 3.1819 4.20752 3.0127 2.92448 3.95302 2.80432 2.80385 4.58736 3.32007
threshold=1.0000000180025095e-35 2.3523175425360496 1.0414886823499634 3.5792675692841311 0.12406539824881012 0.54740815221877348 0.45053065457416169 6.314440056051513 0.31515053633442869 0.56193691709068072 3.1327929237007601 0.5558252808085532 6.3431442345614988 0.35144321839449483
decision_type=2 2 2 2 2 2 2 2 2 2 2 2 2 2
left_child=1 2 7 4 -3 6 -6 -1 11 -10 -7 13 -13 -5
right_child=-2 3 -4 8 5 10 -8 -9 9 -11 -12 12 -14 -15
leaf_value=-0.042972788749691897 0.0017930345406925439 -0.027926158536015197 0.023610715519268619 -0.0015086601585861858 0.022579148181549762 0.017308288365293644 -0.034258638981416428 0.0078082602269468537 -0.034044126814499122 0.00023074654665751487 0.067894039626510957 -0.043354790338250383 0.0028902012306211413 0.023012363116090843
leaf_weight=10.945240527391435 314.18264580331743 6.0092862322926512 3.4529484547674647 61.536095425486565 10.689499758183958 6.8727733530104143 3.5414726212620726 3.5020489245653144 16.392520148307085 16.266844946891069 4.9284413121640682 8.1158366873860377 12.744702242314814 16.756974413990974
leaf_count=137 2198 64 40 617 101 59 38 27 255 167 41 63 77 116
internal_value=2.84755e-05 -0.00301488 -0.0197368 -0.00107946 0.0136611 0.023939 0.00711407 -0.0309548 -0.0047385 -0.017473 0.0420874 -0.000411428 -0.0162617 0.00396358
internal_weight=495.937 181.755 17.9002 163.854 32.0415 26.0322 14.231 14.4473 131.813 32.6594 11.8012 99.1536 20.8605 78.2931
internal_count=4000 1802 204 1598 303 239 139 164 1295 422 100 873 140 733
is_linear=0
shrinkage=0.05


Tree=114
num_leaves=15
num_cat=0
split_feature=2 2 2 1 1 3 7 7 10 5 2 0 8 0
split_gain=0.977416 1.61339 5.71744 3.07311 3.95621 3.97519 3.97858 2.50605 3.45687 2.36922 2.23798 5.68252 5.61126 4.40025
threshold=0.61395057884154125 0.94315529986451396 1.0788986063274091 0.097633257861878167 0.083788213414799848 0.04586160472360571 1.9056756128812424 1.1766726055222634 52.423255801233992 0.614624645128793 1.4335117716696981 0.84324470019726372 1.1527987886736428 0.71829038255012234
decision_type=2 2 2 2 2 2 2 2 2 2 2 2 2 2
left_child=-1 3 -3 4 5 6 7 8 -2 -5 -4 13 -13 -12
right_child=1 2 10 9 -6 -7 -8 -9 -10 -11 11 12 -14 -15
leaf_value=-0.016135143286043898 0.047699684840468916 -0.028159123496335505 0.009572319626420427 -0.031026200392138093 0.055991169548906587 -0.027200427488854595 0.054889546260279615 -0.022341341592594363 -0.0033831531626056011 0.013535075108946696 -0.00096076050040259031 0.009770478097104596 -0.0441356129349788 0.019966980472929372
leaf_weight=8.1880948953330499 4.5530205927789336 17.014949824661016 58.755752451717854 6.1419181451201421 4.5258302092552176 5.1250318996608248 4.6299024969339362 4.6512255482375613 7.9061071611940861 4.3561741039156914 323.60551231354475 6.8495990894734886 13.170264784246681 26.224943429231644
leaf_count=80 35 176 560 66 34 45 33 44 78 33 2416 60 118 222
internal_value=2.15318e-05 0.000325369 -0.000564844 0.0095879 0.0172982 0.00900439 0.0183601 0.00599053 0.0174414 -0.0129665 0.000593599 -0.000854758 -0.0261048 0.000660523
internal_weight=495.698 487.51 445.621 41.8892 31.3911 26.8653 21.7403 17.1104 12.4591 10.4981 428.606 369.85 20.0199 349.83
internal_count=4000 3920 3552 368 269 235 190 157 113 99 3376 2816 178 2638
is_linear=0
shrinkage=0.05


Tree=115
num_leaves=15
num_cat=0
split_feature=11 6 0 1 0 2 7 4 4 4 8 0 2 6
split_gain=1.03324 1.94927 2.31672 1.81721 3.06858 1.83088 2.15942 1.8474 1.85444 2.06082 2.56786 3.11737 3.1733 4.27109
threshold=1.0000000180025095e-35 1.9595384537052853 0.79228745967613667 0.017147554023049395 0.52521621893246306 12.912859444773847 0.95704666930057225 0.045193831792247376 0.05804120500322834 0.074457831333225269 0.51919475505003632 0.29467142722099288 4.3764568920209204 7.2278665544670639
decision_type=2 2 2 2 2 2 2 2 2 2 2 2 2 2
left_child=3 2 -2 4 -1 7 -7 -5 -9 -10 -11 12 -12 -14
right_child=1 -3 -4 5 -6 6 -8 8 9 10 11 -13 13 -15
leaf_value=0.04040273716491085 -0.03340149416164688 0.0038798213652194388 0.0064534607656112769 -0.029552252591714186 -0.011616188197923828 0.030555845850463965 -0.0051279969339842572 0.018949923523119007 -0.020060446475857863 -0.024457624432054331 0.043622461976118646 -0.0035563034007210503 -0.011171880660963508 0.035493772124533515
leaf_weight=5.4311349764466268 6.9007741287350637 200.84133034013212 6.2632930465042591 5.7863459140062323 4.4358407817780972 7.713599279522894 7.7783815935254097 8.2368852347135526 17.265335537493229 11.658010361716149 5.9893452115356949 187.03251870721579 13.999288581311705 6.3024806380271903
leaf_count=41 68 1516 51 35 46 42 44 53 115 111 36 1711 98 33
internal_value=2.07728e-05 0.00263288 -0.0153222 -0.00196642 0.0180999 -0.00275866 0.0134148 -0.00378472 -0.00307433 -0.00389802 -0.00257442 -0.00126998 0.0145291 0.00430116
internal_weight=495.635 214.005 13.1641 281.629 9.86698 271.762 15.492 256.27 250.484 242.247 224.982 213.324 26.2911 20.3018
internal_count=4000 1635 119 2365 87 2278 86 2192 2157 2104 1989 1878 167 131
is_linear=0
shrinkage=0.05


Tree=116
num_leaves=15
num_cat=0
split_feature=13 6 0 6 7 7 3 7 8 9 9 3 3 3
split_gain=0.975322 2.12898 3.01356 2.43985 6.14467 4.51303 2.77093 3.9406 7.60483 4.9934 4.08781 3.36548 4.45192 2.70675
threshold=1.0000000180025095e-35 2.0182628956115458 1.0100515597068098 3.5792675692841311 0.67984806812152643 1.0810898745036737 0.081253627922290059 0.56865826982157974 1.0946418589185207 0.14283462693554635 0.21568224564449778 0.4409645046715418 0.35144321839449483 0.10623143781170462
decision_type=2 2 2 2 2 2 2 2 2 2 2 2 2 2
left_child=1 2 -1 4 -3 -6 -5 10 -9 -10 -8 12 -11 -7
right_child=-2 3 -4 6 5 13 7 8 9 11 -12 -13 -14 -15
leaf_value=-0.035821520515337338 0.001704645904197202 -0.030172393054657465 0.015914375514660066 -0.01788652227959318 0.046289954714046885 0.030433812957263686 -0.0079937924977463992 -0.034964661271969906 0.024031601387887042 -0.0052545391821905351 0.037567895877963851 -0.026612070939180638 0.042724198662322931 -0.0062552146521680195
leaf_weight=9.1247815862297994 314.26769177243114 6.868040192872285 3.2322594188153735 29.186906581744552 9.445349372923376 6.4431697875261333 7.7810860686004188 16.253960963338614 17.988954953849316 30.956476118415594 11.137947998940943 13.281738638877867 4.6993445828557006 14.714830707758663
leaf_count=118 2198 81 37 374 85 65 75 169 150 319 83 93 32 121
internal_value=2.18925e-05 -0.00289132 -0.0221105 -0.00136207 0.00973039 0.0193568 -0.00457767 -0.000636513 -0.00536261 0.00223553 0.0193686 -0.00609728 0.00206197 0.00578682
internal_weight=495.383 181.115 12.357 168.758 37.4714 30.6033 131.286 102.1 83.1805 66.9265 18.919 48.9376 35.6558 21.158
internal_count=4000 1802 155 1647 352 271 1295 921 763 594 158 444 351 186
is_linear=0
shrinkage=0.05


Tree=117
num_leaves=15
num_cat=0
split_feature=10 5 5 10 6 2 7 5 10 2 5 4 5 5
split_gain=0.976246 2.93493 3.76983 2.57558 3.25785 2.89827 4.41365 2.94934 2.45837 3.83683 3.29042 2.97425 2.85815 5.15075
threshold=41.311665397692572 0.65486608693327286 0.60656181182034208 47.529567571429055 4.4886073998565683 1.3307082024773969 0.69590688951795854 0.66352084176114645 49.634157787652534 1.8802079782081613 0.49161980430884838 0.92068019695446679 0.26699113272891756 0.2101735434896983
decision_type=2 2 2 2 2 2 2 2 2 2 2 2 2 2
left_child=1 2 -1 4 -2 -6 -7 -8 9 -5 -11 12 13 -10
right_child=3 -3 -4 8 5 6 7 -9 11 10 -12 -13 -14 -15
leaf_value=-0.005747379775119665 0.024958248537287609 -0.026167935616855566 0.039251531846501611 -0.04091673859670461 0.026698190930767581 0.022403980255107189 -0.034334708018665158 0.0084195822905005491 -0.00018269107942351845 0.027475674402572023 -0.020454964286740342 0.030954694603757771 0.0015588326845310102 -0.031796432126875447
leaf_weight=29.901695143431425 22.519072916358709 12.856347236782311 4.4804231747984877 8.4770880285650509 6.9916210025548962 7.4896923191845444 11.935167755931618 5.3733918853104106 39.594873929396272 5.5114553198218328 6.9582055434584618 6.7414354905486098 308.15890651009977 18.107465360313654
leaf_count=279 164 103 34 96 57 55 102 38 332 40 56 44 2436 164
internal_value=2.00776e-05 -0.00673904 0.00106017 0.00074643 0.0108499 0.000399538 -0.00776258 -0.0213269 -0.00067179 -0.0169342 0.0011969 0.000285317 -0.00036264 -0.010476
internal_weight=495.097 47.2385 34.3821 447.858 54.3089 31.7899 24.7983 17.3086 393.549 20.9467 12.4697 372.603 365.861 57.7023
internal_count=4000 416 313 3584 416 252 195 140 3168 192 96 2976 2932 496
is_linear=0
shrinkage=0.05


Tree=118
num_leaves=15
num_cat=0
split_feature=5 10 12 4 6 1 0 13 6 8 8 0 2 2
split_gain=0.978106 1.95804 1.16128 2.3776 1.91555 2.10831 1.81611 3.39547 1.65307 3.14099 4.03689 2.06713 4.94974 7.30732
threshold=0.89173233703157118 58.246574369198136 1.0000000180025095e-35 0.11138482515786145 14.66924784425013 0.27226951496038126 0.50783021014362728 3.0000000000000004 11.380377702873687 0.94039503019984705 1.9189359541316058 1.5681182680486141 0.94315529986451396 1.0978668750647698
decision_type=2 2 2 2 2 2 2 2 2 2 2 2 2 2
left_child=2 -2 4 -4 5 8 -5 -8 11 -10 -11 12 -1 -14
right_child=1 -3 3 6 -6 -7 7 -9 9 10 -12 -13 13 -15
leaf_value=0.021930644264904632 0.023174569564497968 -0.0062575179201784696 0.022345599495041824 -0.018285389920781343 -0.026562247240504863 0.027340420244138894 0.017633051050014486 -0.024158709478533956 0.036878836256697599 -0.027711381496116808 0.022362805756166934 -0.01745635701625296 -0.035855843389396083 -0.0010488954698114816
leaf_weight=20.823789685964584 11.709241200238468 9.5584553070366365 15.419382490217684 9.5016930699348432 6.373430334031581 5.5312560349702826 17.176308378577236 5.6798278465867034 7.0714027024805572 6.8291880413889867 7.2902502305805683 19.605092525482178 14.787828538566826 337.54648199863732
leaf_count=187 70 65 81 60 54 38 145 38 47 64 48 182 160 2761
internal_value=1.81663e-05 0.0102598 -0.00046236 0.00684748 -0.00129657 -0.000850444 -0.000986269 0.00667031 -0.00129211 0.0119914 -0.00208767 -0.00203743 -0.00118286 -0.00260712
internal_weight=494.904 21.2677 473.636 47.7772 425.859 419.485 32.3578 22.8561 413.954 21.1908 14.1194 392.763 373.158 352.334
internal_count=4000 135 3865 324 3541 3487 243 183 3449 159 112 3290 3108 2921
is_linear=0
shrinkage=0.05


Tree=119
num_leaves=15
num_cat=0
split_feature=9 9 6 3 4 1 1 6 9 1 6 8 9 9
split_gain=0.964411 3.31594 1.87309 1.90178 4.24041 3.89263 1.72442 1.63822 1.35258 2.28641 1.50882 5.3474 3.0035 2.89671
threshold=0.071648405967490045 0.081455513554253886 7.9623577569764494 0.102831262625399 0.43704371671834752 0.15360150304461834 0.091048341431707827 4.8774417214660977 0.09605785596589983 0.066441766110707109 9.7977139020563389 0.77616754639443275 0.17462202742760791 0.38473380738111823
decision_type=2 2 2 2 2 2 2 2 2 2 2 2 2 2
left_child=2 7 3 4 -1 -5 -4 -2 9 -3 -10 -12 -13 -14
right_child=1 8 6 5 -6 -7 -8 -9 10 -11 11 12 13 -15
leaf_value=0.040051942109085248 0.0067483818772054206 0.011787951840769318 -0.0032638572350300239 -0.024645406579415115 -0.02378938020987869 0.023116795357029516 -0.046951361353829831 0.045943206894751509 -0.00057310501554235567 -0.025950693715099438 0.035402851027993308 0.020821604731514756 -0.018912033090294936 0.01672598780787923
leaf_weight=5.7694712579250353 5.678863223642109 5.3054918125271824 4.3799919784069044 12.897514514625074 3.3852802533656359 5.2486309725791207 4.0468638464808464 4.812140803784132 381.75576555915177 11.043277304619549 12.626008056104181 10.223837066441773 20.608110491186384 6.8790038228034964
leaf_count=71 45 46 45 121 41 49 41 35 3069 82 78 70 162 45
internal_value=1.61318e-05 0.000638717 -0.00778079 -0.00110435 0.0164265 -0.0103447 -0.0269991 0.0271604 -4.0791e-05 -0.0137302 0.000507673 0.0085558 -0.00111521 -0.0097191
internal_weight=494.66 458.932 35.7278 27.3009 9.15475 18.1461 8.42686 10.491 448.441 16.3488 432.093 50.337 37.711 27.4871
internal_count=4000 3632 368 282 112 170 86 80 3552 128 3424 355 277 207
is_linear=0
shrinkage=0.05


Tree=120
num_leaves=15
num_cat=0
split_feature=8 7 7 1 1 5 10 9 6 8 7 1 8 6
split_gain=1.00546 5.79815 4.91698 4.49911 5.31275 5.47698 4.53182 3.88926 4.24308 6.19653 3.95429 4.12763 3.84346 3.28332
threshold=1.0871034161698543 0.82489495591642736 0.98914883206733639 0.21347427513962541 0.092135578153052913 0.35271628432899849 60.118817472513271 0.10577155374104859 3.4914830026151216 0.72787325899780064 0.67281538204688962 0.12261280205196425 1.1596579767817559 5.1377401347732352
decision_type=2 2 2 2 2 2 2 2 2 2 2 2 2 2
left_child=2 -2 3 4 5 -1 -7 -6 9 -9 11 -10 13 -3
right_child=1 12 -4 -5 7 6 -8 8 10 -11 -12 -13 -14 -15
leaf_value=0.026512147976046535 0.039415097934859214 -0.0024196268512645144 -0.038281684455738769 0.0277331260743372 -0.044893947398327284 0.0095001840203257325 -0.017758134253004317 -0.021073640643836298 -0.027472086128977332 0.046717704777653787 -0.038173106395508312 0.0082868915477050872 -0.00063482122558339564 0.049639178061536435
leaf_weight=20.794118573889136 8.842048913240431 5.0783885419368726 8.3996259421110135 11.519691400229929 7.9196896851062766 33.119019560515881 26.601123373955488 5.3608362413942796 12.420376602560284 6.4293256588280201 13.047697771340607 19.418832007795572 309.34691352955997 6.1922040916979313
leaf_count=190 74 43 73 75 91 297 233 53 105 53 120 139 2404 50
internal_value=1.87085e-05 0.00161357 -0.00315574 -0.00104113 -0.00349956 0.00505189 -0.00273398 -0.0140727 -0.00906229 0.0166562 -0.0160334 -0.00607436 0.000451757 0.0278966
internal_weight=494.49 329.46 165.03 156.631 145.111 80.5143 59.7201 64.5968 56.6771 11.7902 44.8869 31.8392 320.618 11.2706
internal_count=4000 2571 1429 1356 1281 720 530 561 470 106 364 244 2497 93
is_linear=0
shrinkage=0.05


Tree=121
num_leaves=15
num_cat=0
split_feature=8 7 7 1 1 5 10 9 6 8 7 1 8 4
split_gain=0.926004 5.16361 4.6041 4.05521 4.87865 4.87611 4.13215 3.73021 3.88947 5.54838 3.73785 3.81119 3.46363 3.21607
threshold=1.0871034161698543 0.82489495591642736 0.98914883206733639 0.21347427513962541 0.092135578153052913 0.35271628432899849 60.118817472513271 0.10577155374104859 3.4914830026151216 0.72787325899780064 0.67281538204688962 0.12261280205196425 1.1596579767817559 0.13688528978454753
decision_type=2 2 2 2 2 2 2 2 2 2 2 2 2 2
left_child=2 -2 3 4 5 -1 13 -6 9 -9 11 -10 -3 -7
right_child=1 12 -4 -5 7 6 -8 8 10 -11 -12 -13 -14 -15
leaf_value=0.024823228209819762 0.036824402979317508 0.026295565793917508 -0.037437715843150157 0.02612432134017368 -0.044266487262713865 -0.01329445703369567 -0.017086840529205772 -0.020433278367849486 -0.026643535734502719 0.043552598943160992 -0.037315874485820293 0.0078597425641864557 -0.00060340548517465848 0.019164002462508645
leaf_weight=21.156826362013817 9.0555523782968503 11.447855461388825 8.1875083036720735 11.675105050206183 7.6513551827520123 10.357200410217045 26.310733603313565 5.2856781929731351 12.202997559681537 6.6193242110311985 12.711647827178238 19.50260517001152 309.23515890911222 22.969091698527336
leaf_count=190 74 93 73 75 91 79 233 53 105 53 120 139 2404 218
internal_value=1.50155e-05 0.00154326 -0.00303675 -0.00101001 -0.00336252 0.00478894 -0.00261059 -0.0135725 -0.0087032 0.0157617 -0.0154631 -0.00582864 0.000435602 0.00898308
internal_weight=494.369 329.739 164.63 156.443 144.767 80.7939 59.637 63.9736 56.3223 11.905 44.4173 31.7056 320.683 33.3263
internal_count=4000 2571 1429 1356 1281 720 530 561 470 106 364 244 2497 297
is_linear=0
shrinkage=0.05


Tree=122
num_leaves=15
num_cat=0
split_feature=0 2 5 1 2 6 1 9 8 8 7 6 6 5
split_gain=0.939891 3.58207 2.31695 3.20691 3.53517 3.49063 3.04869 4.41977 4.94462 2.75059 7.74462 2.651 3.12045 2.19937
threshold=0.30886263692055654 4.5940636938931521 0.82296395648456155 0.10803411434025316 6.2542482036315201 3.4914830026151216 0.06056857528837032 0.27521673521457096 1.3933982954758422 1.3139204868595453 1.6656079450053245 6.2637593083316245 8.1784877318318969 0.42125965972943913
decision_type=2 2 2 2 2 2 2 2 2 2 2 2 2 2
left_child=1 13 3 6 -5 -6 7 8 -3 -8 -11 -7 -13 -1
right_child=-2 2 -4 4 5 11 9 -9 -10 10 -12 12 -14 -15
leaf_value=0.039656924156547514 -0.0013572184924978982 0.034802129008341585 0.019201215522416635 -0.033970901010327542 0.023073023661887539 -0.027948414600676486 -0.00094011388160941114 -0.034722427958454719 -0.019190336103477122 0.06226807356675941 -0.0031052229325217546 0.024666703211476963 -0.018656925283163324 0.0083704593473834573
leaf_weight=8.5299796275794524 354.9705070424825 7.5723384805023688 12.553946781903504 12.406200643628834 8.2500855624675733 12.897820547223093 14.036232866346838 8.4840055853128415 7.4818502739071846 7.7404351532459286 9.2185991704463941 7.0345858111977559 7.622810497879982 15.460438370704649
leaf_count=57 3136 52 66 94 50 84 85 54 51 41 49 42 42 97
internal_value=8.82674e-06 0.00347497 -0.000242563 -0.00278049 -0.0120521 -0.00374085 0.00548573 -0.00789551 0.00844428 0.0155768 0.0285382 -0.0122958 0.002383 0.0206364
internal_weight=494.26 139.289 115.299 102.745 48.2115 35.8053 54.5335 23.5382 15.0542 30.9953 16.959 27.5552 14.6574 23.9904
internal_count=4000 864 710 644 312 218 332 157 103 175 90 168 84 154
is_linear=0
shrinkage=0.05


Tree=123
num_leaves=15
num_cat=0
split_feature=11 1 10 7 5 1 5 5 5 1 5 5 5 0
split_gain=0.932238 1.88921 3.99834 3.0339 3.1724 2.85068 3.01372 2.53642 6.29101 6.68723 3.70532 3.33055 7.61125 3.05872
threshold=1.0000000180025095e-35 0.052565965574324476 69.726128651238511 0.60311454485558924 0.65486608693327286 0.056078946136468473 0.10527662814937279 0.54093127566645249 0.71153139227885143 0.17668051717225816 0.81586466286290416 0.35823234763414796 0.31415008485926055 0.26101443429423937
decision_type=2 2 2 2 2 2 2 2 2 2 2 2 2 2
left_child=-1 2 3 -2 -5 -3 -7 11 9 -9 -10 12 -8 -13
right_child=1 5 -4 4 -6 6 7 8 10 -11 -12 13 -14 -15
leaf_value=-0.0018805697349706164 0.014245669123496368 0.036176066480674465 0.019681684453170964 -0.03240489438454399 0.00090291217705028856 0.036435910306515912 -0.0066792125325306336 0.032283048734155814 -0.021361565659161294 -0.021607302718601 0.010177607992655439 0.013213717884683694 0.041550272177555053 -0.020132430321130615
leaf_weight=280.3065928760916 7.0206086225807658 6.0431461818516246 10.621297180652617 19.220369048416618 10.976508568972347 5.7088294662535182 29.660867985337973 31.153050143271685 18.181193340569735 6.2753263525664797 17.240522004663944 7.8415782749652854 10.188702236860989 33.565908880904317
leaf_count=2365 60 45 72 186 88 39 239 218 132 46 107 43 73 287
internal_value=1.31712e-05 0.00249437 -0.00617213 -0.0138723 -0.0206567 0.00501606 0.00362018 0.00217747 0.00889238 0.0229205 -0.0061528 -0.00387763 0.00636734 -0.0136548
internal_weight=494.005 213.698 47.8388 37.2175 30.1969 165.859 159.816 154.107 72.8501 37.4284 35.4217 81.2571 39.8496 41.4075
internal_count=4000 1635 406 334 274 1229 1184 1145 503 264 239 642 312 330
is_linear=0
shrinkage=0.05


Tree=124
num_leaves=15
num_cat=0
split_feature=9 8 9 7 8 8 9 8 9 4 4 3 3 3
split_gain=0.958805 2.5993 2.20154 1.97852 1.67897 2.37199 4.86338 2.9402 2.17484 2.56414 2.4565 2.84116 4.26512 2.48797
threshold=0.56966829355115245 1.5000260407446686 0.49403275900633642 0.91623809758398422 0.40004389145004449 0.48726397559657531 0.1973663841656346 0.51919475505003632 0.47614822308212928 0.92068019695446679 0.55069286919402216 0.072220642439194668 0.031088004654994599 0.04586160472360571
decision_type=2 2 2 2 2 2 2 2 2 2 2 2 2 2
left_child=2 -2 4 -4 -1 6 -6 -7 9 10 -9 12 -12 -14
right_child=1 -3 3 -5 5 7 -8 8 -10 -11 11 -13 13 -15
leaf_value=-0.022911013237789039 -0.0061498518141691397 0.033748754683307104 0.0050175747467742227 -0.032087777526262025 -0.015382421612107927 -0.029943166575799113 0.039071714729414231 0.00046480394184326024 0.027411134467352563 0.028007906835217995 -0.038449900038604615 -0.036383515461452479 0.038780443894268352 -0.0049705772940582399
leaf_weight=6.7078407630324355 8.4901580773293954 6.4336164817214003 5.2191538810729972 9.0408676080405694 5.876911671832203 7.0918636023998252 9.8967302925884706 396.02616110630333 6.366881947964429 7.0261490307748309 4.6654442176222863 8.9492751043289882 4.588199280202387 7.2978638354688883
leaf_count=57 62 39 46 74 56 61 65 3166 42 47 54 118 43 70
internal_value=1.92448e-05 0.0120896 -0.00038143 -0.0190684 0.000231994 0.000620303 0.0190758 -7.98718e-05 0.000474656 1.15871e-05 -0.000520247 -0.0152583 -0.00241393 0.0136169
internal_weight=493.677 14.9238 478.753 14.26 464.493 457.785 15.7736 442.012 434.92 428.553 421.527 25.5008 16.5515 11.8861
internal_count=4000 101 3899 120 3779 3722 121 3601 3540 3498 3451 285 167 113
is_linear=0
shrinkage=0.05


Tree=125
num_leaves=15
num_cat=0
split_feature=8 8 0 3 8 8 8 4 9 7 9 9 9 5
split_gain=0.925649 4.29718 1.76071 2.30246 1.45278 5.61337 3.05038 2.96912 2.60487 2.64604 2.59583 4.92663 3.98967 3.58575
threshold=3.5596529960341701 3.3909490581701234 0.56034313373215017 0.11545936241063057 2.6050051431333521 2.5205764047746695 2.9185779747352361 0.25510594147764459 0.22776852863229355 2.1391229443230038 0.22906211340476709 0.25289280523434171 0.20880586290818523 0.72344397443952024
decision_type=2 2 2 2 2 2 2 2 2 2 2 2 2 2
left_child=1 4 -2 -4 5 10 8 -8 9 -6 12 13 -1 -12
right_child=2 -3 3 -5 6 -7 7 -9 -10 -11 11 -13 -14 -15
leaf_value=-0.002170239351555621 -0.0045929174159035349 -0.038467208638985825 -0.0010412242087410142 0.037300998827294062 0.0074907560252389276 -0.041862328545572952 0.0079666089926197295 -0.026862786977598072 0.0013009615685147078 0.050038681933200782 0.012289210900123724 0.00094232792645372067 -0.028249883015975159 0.056563767554814341
leaf_weight=167.21097195520997 12.950708784163 6.3434464186429969 7.0532946623861772 7.6551330983638763 6.7416198886930969 7.2031628750264636 16.165011104196314 8.5501641668379289 11.662410564720629 8.1976605542004091 17.666674524545673 195.35866362042725 15.100415511056779 5.5987743213772765
leaf_count=1524 67 45 51 38 49 60 96 69 82 49 154 1519 160 37
internal_value=1.45557e-05 -0.00052097 0.00873667 0.0200185 8.53365e-05 -0.000918055 0.00793063 -0.00465861 0.0193721 0.0325127 -8.01333e-05 0.00358651 -0.00447268 0.0248357
internal_weight=493.458 465.799 27.6591 14.7084 459.456 408.139 51.3169 24.7152 26.6017 14.9393 400.935 218.624 182.311 23.2654
internal_count=4000 3844 156 89 3799 3454 345 165 180 98 3394 1710 1684 191
is_linear=0
shrinkage=0.05


Tree=126
num_leaves=15
num_cat=0
split_feature=2 2 4 2 2 4 3 3 4 9 2 5 9 9
split_gain=0.905073 1.35103 2.04292 1.97117 4.52097 1.89073 1.78021 2.77432 2.2432 1.55133 1.52585 1.48377 3.49362 2.87099
threshold=0.61395057884154125 0.76280342476506224 0.51816456911689535 0.96547887085063211 0.84675331678859067 0.49121074195922831 0.028137717366172776 0.034853426557207488 0.24184403832552417 0.29074056338388737 1.1876368682108942 0.1850085801896342 0.23935333485886839 0.29313101971143962
decision_type=2 2 2 2 2 2 2 2 2 2 2 2 2 2
left_child=-1 9 5 4 -4 6 8 -8 -3 -2 -5 12 -9 -14
right_child=1 2 3 10 -6 -7 7 11 -10 -11 -12 -13 13 -15
leaf_value=-0.015648944185621214 0.025731230914438453 0.0086803940031750827 -0.028631080080298573 -0.042223116608625343 0.026683490444982971 0.024457926344553405 0.030825201689622068 -0.026620249639514579 -0.031330598061056598 -0.0050929271447741238 -0.0089430971050741756 0.0011417070473714809 0.031950041975265631 -0.0078395879659891848
leaf_weight=8.0539506003260595 9.7220047377049905 4.9698373824357978 5.9053423330187815 6.272189971059559 6.9445231705904007 7.1749893538653842 6.544936340302228 15.278215873986481 8.5439328327774984 6.130953073501586 7.8685019835829735 380.43275433406234 5.5654242709279087 13.782743237912653
leaf_count=80 83 44 63 85 64 59 55 142 88 45 87 2961 38 106
internal_value=1.44724e-05 0.000306163 -0.000192939 -0.0132933 0.00103107 0.000634682 0.000186663 0.000777568 -0.0170319 0.0142155 -0.0255184 0.000230807 -0.0095282 0.00461344
internal_weight=493.19 485.136 469.283 26.9906 12.8499 442.293 435.118 421.604 13.5138 15.853 14.1407 415.059 34.6264 19.3482
internal_count=4000 3920 3792 299 127 3493 3434 3302 132 128 172 3247 286 144
is_linear=0
shrinkage=0.05


Tree=127
num_leaves=15
num_cat=0
split_feature=10 5 5 6 6 1 10 13 6 6 2 2 1 6
split_gain=0.891303 2.78637 3.31934 2.35673 4.73585 6.22762 2.14483 2.99439 2.99305 3.44455 3.73864 3.75697 2.47987 4.42
threshold=41.311665397692572 0.65486608693327286 0.31415008485926055 8.3112564555558741 5.8264346697511433 0.10224914083683496 47.708831172544912 3.0000000000000004 4.4886073998565683 10.524283265501628 1.3307082024773969 3.7683218981113602 0.062649582790866437 5.8264346697511433
decision_type=2 2 2 2 2 2 2 2 2 2 2 2 2 2
left_child=1 2 -1 4 5 -4 8 12 -2 10 -10 -12 13 -8
right_child=6 -3 3 -5 -6 -7 7 -9 9 -11 11 -13 -14 -15
leaf_value=-0.023684018378890535 0.022993105227000037 -0.025581876704249808 0.024343085422331628 -0.020656761099264745 0.045652296811121498 -0.040621561137385277 -0.019517020106767268 0.0066791137359987034 0.02438115332478907 0.032037085805379117 -0.03487696151247012 0.0061762851290034556 -0.00013439857860293746 0.002999510196764065
leaf_weight=8.8566388897597772 23.426025245338678 12.644341770559548 8.3204774297773891 4.1885734423995009 7.7801761869341126 5.1068352274596682 51.329505812376738 102.34224052727222 6.0519495159387615 5.7462584897875777 12.023707762360575 9.286117345094679 199.00917898491025 36.948170362040401
leaf_count=86 170 103 73 35 66 53 510 622 49 34 119 60 1679 341
internal_value=9.80623e-06 -0.00647256 0.00110719 0.0103226 0.0170958 -0.00146805 0.000704131 -0.000624983 0.00971595 -7.71735e-05 -0.00771329 -0.0175123 -0.00324112 -0.0101648
internal_weight=493.06 46.897 34.2527 25.3961 21.2075 13.4273 446.163 389.629 56.5341 33.108 27.3618 21.3098 287.287 88.2777
internal_count=4000 416 313 227 192 126 3584 3152 432 262 228 179 2530 851
is_linear=0
shrinkage=0.05


Tree=128
num_leaves=15
num_cat=0
split_feature=9 8 9 9 8 8 9 8 9 4 4 2 3 3
split_gain=0.88547 2.39441 2.03362 1.72795 1.55358 2.14375 4.28685 2.71148 1.96416 2.32269 2.18242 2.66594 3.77585 2.85714
threshold=0.56966829355115245 1.5000260407446686 0.49403275900633642 0.52496520753867404 0.40004389145004449 0.48726397559657531 0.1973663841656346 0.51919475505003632 0.47614822308212928 0.92068019695446679 0.55069286919402216 0.96547887085063211 0.031088004654994599 0.048461530387669094
decision_type=2 2 2 2 2 2 2 2 2 2 2 2 2 2
left_child=2 -2 4 -4 -1 6 -6 -7 9 10 -9 12 -12 -14
right_child=1 -3 3 -5 5 7 -8 8 -10 -11 11 -13 13 -15
leaf_value=-0.022213372418255897 -0.0059722118417011288 0.032292475262450986 -0.036309890820620548 -0.0021349518539095984 -0.014662682329027036 -0.029053230420930172 0.036521073530351923 0.00040770967730065986 0.025892391296296086 0.026510389510875712 -0.037283746156898161 -0.035429012617224385 0.037449505890409393 -0.0084960438304817632
leaf_weight=6.6005159132182589 8.4586002901196462 6.4733670502901068 6.1390779912471753 7.9529086165130138 5.7895182669162741 6.935632172971963 10.071373138576744 395.73217989318073 6.4494717754423609 7.1038722880184642 4.3772554695606294 8.6289180498570186 5.1454448476433736 6.879831014201045
leaf_count=57 62 39 60 60 56 61 65 3166 42 47 52 115 47 71
internal_value=5.97649e-06 0.0116021 -0.000379891 -0.0184424 0.000207524 0.000579054 0.0180765 -8.93461e-05 0.000438858 -4.29607e-06 -0.000513746 -0.0145374 -0.00214266 0.0125292
internal_weight=492.738 14.932 477.806 14.092 463.714 457.113 15.8609 441.253 434.317 427.868 420.764 25.0314 16.4025 12.0253
internal_count=4000 101 3899 120 3779 3722 121 3601 3540 3498 3451 285 170 118
is_linear=0
shrinkage=0.05


Tree=129
num_leaves=15
num_cat=0
split_feature=0 2 2 7 0 4 7 8 5 7 2 0 8 0
split_gain=0.894117 1.13063 4.68575 3.65479 4.41546 3.96559 3.00088 3.00542 2.83375 2.77733 2.24758 5.34965 5.09901 3.90628
threshold=1.9312689894651529 0.94315529986451396 1.0788986063274091 1.9056756128812424 1.5038700928575306 0.54274638916783147 1.2505389705781182 1.0742911448331305 0.53011923508985814 0.56330968555815719 1.4335117716696981 0.84324470019726372 1.1527987886736428 0.71829038255012234
decision_type=2 2 2 2 2 2 2 2 2 2 2 2 2 2
left_child=1 3 -3 4 6 -6 7 9 -7 -1 -4 13 -13 -12
right_child=-2 2 10 -5 5 8 -8 -9 -10 -11 11 12 -14 -15
leaf_value=0.032681998448499949 -0.015709382261648381 -0.026148835299195202 0.0095821922075116153 0.034393230055945821 -0.049716903990522587 -0.0233385066183735 -0.016067085471069369 0.052395419619154129 0.026474665658372927 -0.019711060385764007 -0.00097474901430132782 0.0082638343291033117 -0.043376847188351983 0.018666404264657859
leaf_weight=3.9133492633700389 7.8945107553154221 16.077663443982601 58.437169307842851 9.0659243203699571 5.4621426798403254 4.8595102820545417 4.7203852273523799 5.6138126030564299 4.569558497518301 4.2668328732252121 321.53792699053884 6.9142246246337917 12.693004727363585 26.471496265381575
leaf_count=37 75 176 559 63 52 54 41 44 37 46 2416 60 118 222
internal_value=2.06247e-07 0.000287949 -0.000467535 0.00798244 2.35146e-05 -0.019544 0.0159568 0.0272608 0.00102598 0.00618323 0.000560541 -0.000895665 -0.0256491 0.000568468
internal_weight=492.498 484.603 442.131 42.4715 33.4056 14.8912 18.5144 13.794 9.42907 8.18018 426.054 367.617 19.6072 348.009
internal_count=4000 3925 3551 374 311 143 168 127 91 83 3375 2816 178 2638
is_linear=0
shrinkage=0.05


Tree=130
num_leaves=15
num_cat=0
split_feature=10 10 10 5 10 8 8 4 7 7 4 3 5 2
split_gain=0.862076 1.18932 3.37026 4.50184 3.34393 3.08759 5.09545 3.78296 2.48537 5.90719 3.42415 3.34428 3.4262 2.39448
threshold=86.566568896570345 68.224282213779205 66.627728531877963 0.70308460161785613 66.103973388276557 1.9422442334728094 1.7844783477933188 0.12945994725801321 0.90124515453082876 1.1403319373746139 0.20521797221948568 0.29859205904372726 0.42329195488246169 1.260383315201546
decision_type=2 2 2 2 2 2 2 2 2 2 2 2 2 2
left_child=1 2 4 -4 -1 6 8 -7 11 -10 -11 12 -3 -14
right_child=-2 5 3 -5 -6 7 -8 -9 9 10 -12 -13 13 -15
leaf_value=-0.00080313155577338153 -0.016947486615571432 0.012807072119565289 -0.036756773289869094 0.018066676812080854 0.029773931140464734 0.013853490302652333 0.053260002211331252 -0.018142961072752647 0.037199435453717171 -0.024364721350005763 0.021682643351880887 0.020398180780495753 0.0057526773608832984 -0.035207841972104574
leaf_weight=350.949233090505 6.3953676447272292 8.5513985585421342 12.573730923235418 4.4712959863245478 8.1744754277169687 13.62876734882593 5.4752726927399626 24.375924080610275 15.758422616869213 8.8879467323422414 5.8664118591696015 10.388490065932272 4.5164937116205719 12.411145320162175
leaf_count=2943 52 77 117 33 60 72 36 175 114 57 60 57 46 101
internal_value=-4.49657e-06 0.000252786 -0.00108593 -0.0221711 -2.63835e-05 0.00480509 0.0108493 -0.00660779 0.00661255 0.016862 -0.00584188 -0.0023276 -0.0120139 -0.0245678
internal_weight=492.424 486.029 376.169 17.045 359.124 109.86 71.8556 38.0047 66.3803 30.5128 14.7544 35.8675 25.479 16.9276
internal_count=4000 3948 3153 150 3003 795 548 247 512 231 117 281 224 147
is_linear=0
shrinkage=0.05


Tree=131
num_leaves=15
num_cat=0
split_feature=0 9 6 9 9 8 6 5 7 6 9 7 9 9
split_gain=0.834147 1.13097 2.74473 2.65763 1.62446 1.3041 1.289 3.84545 5.68252 4.29449 4.22366 2.93403 2.90188 4.12788
threshold=1.9312689894651529 0.54538784843633659 6.4294671412747428 0.49403275900633642 0.47614822308212928 1.2038335923086729 7.2802261505247978 0.63346278823751034 0.78651544298663312 8.4846579538102755 0.2467416891701196 0.56330968555815719 0.12954856802044382 0.23935333485886839
decision_type=2 2 2 2 2 2 2 2 2 2 2 2 2 2
left_child=1 3 -3 4 6 -5 -1 11 -9 10 -10 -8 -13 -14
right_child=-2 2 -4 5 -6 -7 7 8 9 -11 -12 12 13 -15
leaf_value=-0.0017191246506842992 -0.01523973472902012 0.02568066600976442 -0.013462601116354084 -0.0024917936585953458 0.023215166104570913 -0.038129792268042362 -0.022602945515024536 0.039716539500928426 0.044769432200278 -0.01183699769783534 -0.0081030271590297881 0.01849705067642193 -0.020857356635745096 0.0076951487095946059
leaf_weight=319.26066408678889 7.8176544327288857 11.760358314961197 6.1242993958294383 4.3791015259921533 6.6583493724465361 5.7575844042003155 13.832511357963083 14.98557075858116 8.1749906726181489 19.218372788280249 5.9696007892489424 18.134754605591297 20.805408377200365 29.304943243041635
leaf_count=2680 75 79 43 41 43 48 104 94 53 137 40 148 182 233
internal_value=9.81496e-07 0.000277858 0.0122736 -0.000207324 0.000380782 -0.0243402 -8.07895e-06 0.00416148 0.015195 0.00334545 0.0233935 -0.00244258 0.0019111 -0.00433576
internal_weight=492.184 484.367 17.8847 466.482 456.345 10.1367 449.687 130.426 48.3485 33.363 14.1446 82.0776 68.2451 50.1104
internal_count=4000 3925 122 3803 3714 89 3671 991 324 230 93 667 563 415
is_linear=0
shrinkage=0.05


Tree=132
num_leaves=15
num_cat=0
split_feature=9 3 9 2 12 9 6 9 1 1 6 0 10 6
split_gain=0.849996 1.84466 2.43095 4.12419 1.13074 3.35152 2.38159 2.84648 1.91193 3.2805 2.98701 2.24039 4.49018 4.01487
threshold=0.061603066026959745 0.40482426509447017 0.04267168901657991 2.4125366858973023 1.0000000180025095e-35 0.37817347551999353 4.0047827441386836 0.235549946637063 0.18648577280516979 0.17874834176175444 6.4961969933198036 0.63405898635647773 62.37100071315524 3.2774048259779156
decision_type=2 2 2 2 2 2 2 2 2 2 2 2 2 2
left_child=1 2 3 -1 8 6 -6 -8 9 -2 11 13 -13 -10
right_child=4 -3 -4 -5 5 -7 7 -9 10 -11 -12 12 -14 -15
leaf_value=0.028294696277953231 -0.00085209070120755579 0.01144655897170029 -0.035501752610923525 -0.035336407306070121 -0.004027032773662789 -0.020849372432215574 0.007354413659705847 0.040046554328110627 0.0166089420729915 -0.031861079437124275 0.023656541633728257 -0.01393564267711208 0.042557533039502285 -0.030971443483921737
leaf_weight=5.0088808462023788 364.56173074431717 6.9656966961920253 8.2382468096911889 3.4207574240863323 12.85403363406658 7.6476552858948699 16.059598058462146 11.110452987253664 6.4439987838268342 7.7356065623462191 19.223685566335917 6.4312140829861146 5.8948028478771448 10.395619623363016
leaf_count=69 3003 49 118 36 88 55 107 64 44 63 120 56 46 82
internal_value=1.09155e-06 -0.00905221 -0.0177819 0.00146408 0.000476238 0.00769145 0.0135202 0.02167 -0.000357682 -0.00158002 0.00888831 -0.00130728 0.0142478 -0.0128535
internal_weight=491.992 23.6336 16.6679 8.42964 468.358 47.6717 40.0241 27.1701 420.687 372.297 48.3893 29.1656 12.326 16.8396
internal_count=4000 272 223 105 3728 314 259 171 3414 3066 348 228 102 126
is_linear=0
shrinkage=0.05


Tree=133
num_leaves=15
num_cat=0
split_feature=8 8 10 8 8 8 4 9 7 4 9 9 9 3
split_gain=0.844516 3.96267 2.04425 1.3559 5.20005 2.70437 2.76817 2.30103 2.36795 2.33413 2.27311 4.35747 3.69542 2.99209
threshold=3.5596529960341701 3.3909490581701234 51.315837109844082 2.6050051431333521 2.5205764047746695 2.9185779747352361 0.25510594147764459 0.22776852863229355 2.1391229443230038 0.19462425286153362 0.22906211340476709 0.25289280523434171 0.20880586290818523 1.4965475861500288
decision_type=2 2 2 2 2 2 2 2 2 2 2 2 2 2
left_child=1 3 -2 4 10 7 -7 8 -5 -9 12 -12 -1 -13
right_child=2 -3 -4 5 -6 6 -8 9 -10 -11 11 13 -14 -15
leaf_value=-0.0020380108398264699 -0.015172567324197731 -0.037369989536411727 0.015584660052443923 0.0069494726685303864 -0.040900047610538282 0.007816436702542142 -0.026051664762206352 0.020714686076676037 0.046961792260164684 -0.020774985483817753 0.023154124096713011 -0.00050722688100474967 -0.027414221039875265 0.029727159065982084
leaf_weight=166.45136423967779 6.247479002922776 6.1806799024343482 21.358148016035557 6.7826641611754921 6.9696094226092091 16.1305167041719 8.3504126630723459 6.1988148018717748 8.3498247116804105 5.4099030494689941 23.581490324810147 187.41532236710191 14.724186163395641 7.5553177967667571
leaf_count=1524 40 45 116 49 60 96 69 37 49 45 191 1483 160 36
internal_value=-1.62765e-06 -0.000514477 0.00833687 6.33198e-05 -0.00090845 0.0076487 -0.00430495 0.0183527 0.03057 0.00126544 -0.000110836 0.00331547 -0.0042395 0.000810101
internal_weight=491.706 464.1 27.6056 457.919 406.697 51.2221 24.4809 26.7412 15.1325 11.6087 399.728 218.552 181.176 194.971
internal_count=4000 3844 156 3799 3454 345 165 180 98 82 3394 1710 1684 1519
is_linear=0
shrinkage=0.05


Tree=134
num_leaves=15
num_cat=0
split_feature=11 10 8 9 8 5 5 9 9 1 5 9 0 8
split_gain=0.823744 1.71879 2.01787 4.85397 3.30163 4.29163 3.97754 3.57506 7.40217 4.02087 4.50257 3.5444 4.66411 4.35457
threshold=1.0000000180025095e-35 35.058229747377496 0.53185996292114879 0.32634337693619009 1.0871034161698543 0.39880193049399176 0.26254380755150769 0.17917731741246998 0.23111448301639501 0.053501985139201312 0.5867014966734555 0.34395929027300837 0.41191039023118531 2.4160694026143097
decision_type=2 2 2 2 2 2 2 2 2 2 2 2 2 2
left_child=-1 -2 3 -3 5 6 -4 9 -9 -6 -11 12 -10 -14
right_child=1 2 4 -5 7 -7 -8 8 11 10 -12 -13 13 -15
leaf_value=-0.0017915277820333639 -0.020964851151518585 -0.00062920384989902393 -0.012741694378909915 0.052759087640448982 -0.0121736700683903 -0.018846218256045974 0.033636141755062854 -0.029224665294774795 -0.0060185268343046737 0.0090954617715290689 0.043942744359454444 -0.0052137607421771674 0.042493789260789866 -0.0017333040348375883
leaf_weight=278.6959272660315 6.6518718898296347 11.495683677494528 8.2447685189545172 5.7399509400129309 9.1587863229215127 34.875026533380151 8.4769228175282461 16.751799084246159 14.191850803792475 23.380043227225542 15.152427267283199 33.268058449029922 17.412846487015489 7.8675361685454837
leaf_count=2365 55 89 71 31 77 307 72 139 89 180 101 228 141 55
internal_value=-5.83802e-06 0.0023317 0.00318154 0.0190688 0.0016382 -0.00903356 0.0113405 0.00568833 -0.000241203 0.0165915 0.0235637 0.00673937 0.0166936 0.0291876
internal_weight=491.363 212.668 206.016 17.2356 188.78 51.5967 16.7217 137.183 89.4921 47.6913 38.5325 72.7403 39.4722 25.2804
internal_count=4000 1635 1580 120 1460 450 143 1010 652 358 281 513 285 196
is_linear=0
shrinkage=0.05


Tree=135
num_leaves=15
num_cat=0
split_feature=0 0 10 13 10 0 9 3 8 8 10 11 10 4
split_gain=0.824398 2.29485 4.11416 4.6707 3.26196 3.09732 2.20667 2.54214 6.36485 7.89002 4.51968 3.80578 2.34432 2.06259
threshold=0.30886263692055654 0.25071591611060057 48.836488626211249 3.0000000000000004 66.103973388276557 0.23837862502217796 0.38473380738111823 0.79908867487110602 0.87690613770413928 1.5205062833678531 66.531255379753318 1.0000000180025095e-35 54.151478316853805 0.21480742512458567
decision_type=2 2 2 2 2 2 2 2 2 2 2 2 2 2
left_child=1 5 -3 4 -4 6 7 8 -1 -10 12 -11 -9 -2
right_child=13 2 3 -5 -6 -7 -8 10 9 11 -12 -13 -14 -15
leaf_value=-0.029538119152050353 -0.0063146116197147235 0.042273289338567582 -0.024539979600833865 0.034500479824460029 0.01360407273618415 -0.031676382678999276 0.017071681902269525 -0.007468590487922107 0.042381532241187861 -0.019648944765068479 0.021409943064168283 0.019426730276061455 -0.03953247011966976 0.001608813121497946
leaf_weight=9.5046375021338445 128.37398966029286 8.4767616502940637 12.043391730636364 7.9438899606466284 8.9708287604153139 6.4785465672612181 17.850465975701809 12.176070787012582 14.274697862565516 14.030394423753023 6.4391445815563193 9.6671949103474617 10.775469474494455 224.13849518634379
leaf_count=67 1072 55 90 39 56 48 95 76 88 91 32 56 71 2064
internal_value=-1.53694e-06 0.0032513 0.0136527 0.00414338 -0.00837825 -0.000692365 0.00173568 -0.0019992 0.00513595 0.0143503 -0.0133149 -0.00356726 -0.0235442 -0.00128635
internal_weight=491.144 138.631 37.4349 28.9581 21.0142 101.197 94.7181 76.8676 47.4769 37.9723 29.3907 23.6976 22.9515 352.512
internal_count=4000 864 240 185 146 624 576 481 302 235 179 147 147 3136
is_linear=0
shrinkage=0.05


Tree=136
num_leaves=15
num_cat=0
split_feature=10 10 1 1 1 1 6 1 9 6 10 4 4 4
split_gain=0.816552 1.04426 3.16521 2.46728 2.35091 2.26805 2.38834 1.93558 1.86707 3.75029 2.28967 1.6527 2.15574 1.78778
threshold=86.566568896570345 70.703827706972476 0.15779553667172871 0.084596690003514038 0.038253358282624363 0.11174963463445553 4.9634215823764043 0.1386198299045906 0.25045297773873482 3.8141566682500412 76.141127811802491 0.92068019695446679 0.69876428824431691 0.62513257455451332
decision_type=2 2 2 2 2 2 2 2 2 2 2 2 2 2
left_child=1 11 3 4 -3 6 -5 -7 9 -6 -11 12 13 -1
right_child=-2 2 -4 5 8 7 -8 -9 -10 10 -12 -13 -14 -15
leaf_value=-0.00118690182550118 -0.016572138537019564 0.021305002023934594 -0.017434445156533664 0.052460820996975813 -0.025604185688453893 -0.010397715111172658 0.010821325385074028 0.024989011449358185 -0.018467495533295662 -0.00013027756839079684 0.040910702806127471 0.020990524509613681 -0.026388467621446577 0.024164709049502787
leaf_weight=381.18586102686822 6.3233252037316552 10.312759909778832 12.014718305319546 7.2248287647962588 5.7118408568203511 7.8471122421324235 7.0480818189680576 5.9327422790229321 13.64368476346135 6.8692829106003028 5.7136826198548079 7.5175551548600188 7.3632252123206845 6.0838538333773604
leaf_count=3156 52 73 82 43 46 59 49 42 98 54 39 49 92 66
internal_value=-8.41961e-07 0.000249139 0.00534444 0.00942718 0.00167328 0.020646 0.0339537 0.00549753 -0.00512006 0.00527526 0.0201455 -0.00080452 -0.00127171 -0.000727427
internal_weight=490.793 484.469 82.3187 70.304 42.2513 28.0528 14.2729 13.7799 31.9385 18.2948 12.583 402.15 394.633 387.27
internal_count=4000 3948 585 503 310 193 92 101 237 139 93 3363 3314 3222
is_linear=0
shrinkage=0.05


Tree=137
num_leaves=15
num_cat=0
split_feature=2 2 7 9 3 3 9 7 9 5 5 5 9 7
split_gain=0.787237 1.0862 1.37465 1.34002 4.4158 4.55103 3.08418 6.49782 4.47541 3.88757 3.6584 4.35407 6.79963 5.05992
threshold=0.61395057884154125 0.76280342476506224 1.0181736074845824 0.27393766491923949 0.030362069963982288 0.04586160472360571 0.18664407644107947 1.2240608609687327 0.19401506749633624 0.8047222125128064 0.8047222125128064 0.69297382152620235 0.20493903802866872 1.0043349496418259
decision_type=2 2 2 2 2 2 2 2 2 2 2 2 2 2
left_child=-1 2 -2 6 -5 -6 -3 8 -8 -9 11 12 -10 -14
right_child=1 3 -4 4 5 -7 7 9 10 -11 -12 -13 13 -15
leaf_value=-0.014769392657537029 -0.0053593146509428868 0.0016003113583592085 0.023477932120409377 -0.03300266321037354 0.037592280712329548 0.0026935003756641523 -0.039565856229068309 -0.028557200451356308 0.048739850724459549 0.015935413029440227 -0.02555399235508047 0.046653511066784031 -0.01785995852729429 0.025074582947934312
leaf_weight=7.8533873278647652 6.175215661525729 173.21553070098162 9.8278584182262403 7.179152686148881 8.8748759031295759 178.00982781872153 4.7914743945002547 39.568396646529436 6.1894762907177201 4.9378765374422064 6.5587983429431906 6.6044437587261191 21.938239187002186 8.8199925571680051
leaf_count=80 54 1467 74 70 70 1316 47 357 58 35 44 53 198 77
internal_value=5.6852e-06 0.000276114 0.0126896 -0.000175775 0.00299106 0.00454205 -0.00243274 -0.00940611 0.00213662 -0.0233791 0.0068202 0.0121598 0.00492705 -0.0051465
internal_weight=490.545 482.691 16.0031 466.688 194.064 186.885 272.624 99.4087 54.9024 44.5063 50.111 43.5522 36.9477 30.7582
internal_count=4000 3920 128 3792 1456 1386 2336 869 477 392 430 386 333 275
is_linear=0
shrinkage=0.05


Tree=138
num_leaves=15
num_cat=0
split_feature=8 8 10 8 8 8 4 6 3 8 7 1 1 10
split_gain=0.799539 3.62343 1.8558 1.30939 4.82356 2.45665 2.63755 2.05143 5.9977 2.04685 1.93124 1.7225 1.64785 1.28096
threshold=3.5596529960341701 3.3909490581701234 51.315837109844082 2.6050051431333521 2.5205764047746695 2.9185779747352361 0.26804840863744123 5.6312194928136359 0.23265113747863533 3.1072809899377103 2.243036766070762 0.0098301905561361414 0.013872987453792332 70.703827706972476
decision_type=2 2 2 2 2 2 2 2 2 2 2 2 2 2
left_child=1 3 -2 4 11 7 9 8 -5 -7 -9 -1 -13 -14
right_child=2 -3 -4 5 -6 6 -8 10 -10 -11 -12 12 13 -15
leaf_value=-0.024072051524189994 -0.014425612821754218 -0.03613118209356888 0.014989620810070402 0.051532009606777007 -0.039977356962105685 -0.011591067461675028 -0.026855036980494709 -0.017693147834692422 -0.0097615590151537649 0.021674864578186362 0.020559463681329378 0.027117794590153455 -0.0014189519768031556 0.006068636203632116
leaf_weight=6.3820665702223769 6.1782391518354443 6.024881698191165 21.391520954668522 9.595675718039276 6.7474877294152966 7.476289786398417 7.4389535374939433 5.755020320415495 5.9593637958168975 9.3861522264778596 5.4530061930418015 4.6484039165079585 319.40381538122892 68.512865114957094
leaf_count=61 40 45 116 64 60 47 63 46 36 55 34 41 2780 512
internal_value=5.50675e-06 -0.000494593 0.00812362 5.33755e-05 -0.000902502 0.00751906 -0.00394283 0.0176938 0.0288783 0.00710257 0.00107739 -0.000143315 0.000305878 -8.43094e-05
internal_weight=490.354 462.784 27.5698 456.759 405.695 51.0645 24.3014 26.7631 15.555 16.8624 11.208 398.947 392.565 387.917
internal_count=4000 3844 156 3799 3454 345 165 180 100 102 80 3394 3333 3292
is_linear=0
shrinkage=0.05


Tree=139
num_leaves=15
num_cat=0
split_feature=10 13 10 1 1 5 1 5 5 1 0 10 5 8
split_gain=0.782246 1.01524 2.01095 2.51292 4.83248 3.04604 2.70693 2.69714 2.57446 2.49064 2.18165 1.96203 2.48447 2.28359
threshold=86.566568896570345 1.0000000180025095e-35 75.815836071133276 0.16411562770300728 0.17357279394943831 0.47005893663973469 0.15522187132109289 0.64189846462884315 0.89173233703157118 0.11174963463445553 0.39451942847768912 47.85827872978782 0.68305083069782857 1.0946418589185207
decision_type=2 2 2 2 2 2 2 2 2 2 2 2 2 2
left_child=1 11 3 6 -5 -6 8 -7 -3 10 -4 12 -1 -13
right_child=-2 2 9 4 5 7 -8 -9 -10 -11 -12 13 -14 -15
leaf_value=0.014076820777623251 -0.016244923493061888 -0.001597134835883404 0.041518140041360889 0.043760177804527935 0.01792590535533823 -0.028752405176015412 -0.029262486153416985 0.0056663888471816361 0.023936763161139376 -0.0088944658829192679 0.0081010675381904419 -0.014897325354909681 -0.013072340256675002 -0.0011240094759433553
leaf_weight=29.852892305701971 6.3013645410537711 215.15167367830873 8.4491553232073837 8.1499968208372575 18.24485831335187 8.9149109087884444 7.4500042162835589 12.742000367492436 9.3444188460707647 7.5814650990068904 11.394493915140627 43.856014162302017 10.708347138017414 92.003375688567758
leaf_count=295 52 1598 38 50 120 67 57 77 53 46 68 491 92 896
internal_value=-8.88663e-07 0.000243736 0.0019768 0.000687896 0.0109716 0.00336835 -0.00148051 -0.00914555 -0.000432874 0.0146488 0.0236389 -0.00277034 0.00676725 -0.00564646
internal_weight=490.145 483.844 307.423 279.998 48.0518 39.9018 231.946 21.6569 224.496 27.4251 19.8436 176.421 40.5612 135.859
internal_count=4000 3948 2174 2022 314 264 1708 144 1651 152 106 1774 387 1387
is_linear=0
shrinkage=0.05


Tree=140
num_leaves=15
num_cat=0
split_feature=9 5 2 9 1 8 8 9 9 9 9 9 7 1
split_gain=0.792666 2.01874 1.79458 1.8813 1.65274 1.17647 2.09154 2.09262 1.9554 6.56919 3.56013 4.03863 3.87329 3.02333
threshold=0.061603066026959745 0.6710894034572773 5.1363862676518286 0.030977180988726132 0.13755238951364909 0.40004389145004449 0.48726397559657531 0.20759402094170512 0.18664407644107947 0.22404009310652326 0.15135656958634314 0.13760361459378448 0.89605414761918134 0.084596690003514038
decision_type=2 2 2 2 2 2 2 2 2 2 2 2 2 2
left_child=1 2 3 -1 -5 -2 7 -7 10 -10 11 12 -8 -14
right_child=5 -3 -4 4 -6 6 8 -9 9 -11 -12 -13 13 -15
leaf_value=0.014934720162726718 -0.018874431970764993 -0.036231318028865693 0.019561102680559717 -0.035520763628090271 0.0075082297302973737 -0.0048903840153447058 -0.013947349551320454 0.030878547725365343 -0.021173944357209783 0.0006930307051854134 0.015575180085485862 -0.024574051574650806 -0.0024469783993049496 0.019096278575939152
leaf_weight=3.9594197757542196 6.7390808239579192 4.2573310360312453 6.0086357444524756 6.410385722294448 2.7595855724066496 6.0949524082243469 22.723618730902672 10.082933593541382 38.71249875985086 253.74037027917802 49.48046463355422 14.082995507866142 28.74255333840847 35.971196010708809
leaf_count=49 56 60 40 89 34 53 225 64 392 1960 368 134 221 255
internal_value=1.55364e-06 -0.00878489 -0.00118336 -0.0113895 -0.0231067 0.000460177 0.000784019 0.0179025 0.000120633 -0.00226383 0.00472329 -0.0006662 0.00341882 0.00963623
internal_weight=489.766 23.3954 19.138 13.1294 9.16997 466.371 459.632 16.1779 443.454 292.453 151.001 101.52 87.4374 64.7137
internal_count=4000 272 212 172 123 3728 3672 117 3555 2352 1203 835 701 476
is_linear=0
shrinkage=0.05


Tree=141
num_leaves=15
num_cat=0
split_feature=10 13 10 9 4 4 9 7 7 13 7 4 8 7
split_gain=0.7664 2.00629 1.85652 2.57564 3.42508 6.21149 3.2626 2.40058 5.63312 2.38592 2.61097 5.79682 4.80312 6.2881
threshold=41.006913121162007 3.0000000000000004 47.529567571429055 0.15135656958634314 0.11375591149826186 0.20279265305716834 0.094723770600622773 1.1006453797728468 1.8838828593398562 3.0000000000000004 0.41934949100848629 0.29891934761503597 1.009397265866979 0.82489495591642736
decision_type=2 2 2 2 2 2 2 2 2 2 2 2 2 2
left_child=1 -1 3 6 -5 -6 -2 -7 -9 10 11 -4 -12 -14
right_child=2 -3 9 4 5 7 -8 8 -10 -11 12 -13 13 -15
leaf_value=7.6168276790839062e-05 0.012508882712155063 -0.02369664780919228 0.025549738133646138 0.03341993652953313 -0.032230375330168183 0.035080374898713476 -0.035853474651973305 -0.026649413386429007 0.03738151182999943 0.0058878386507342437 -0.016743787556874706 -0.031243936606231638 0.039242846067558616 -0.0026195163808554415
leaf_weight=33.801471626386046 6.6261780485510808 11.032024763524531 18.375432491302494 14.775184787809847 7.5198358371853855 9.7056955099105853 5.5800538770854473 6.6587554812431318 5.2318087182939053 102.81811903044581 59.633608605712652 4.9315332043915978 8.4023840725421888 194.37929224036634
leaf_count=312 60 88 144 84 61 79 52 61 35 627 615 58 78 1646
internal_value=-6.22205e-06 -0.00616291 0.000627003 0.0090459 0.0146358 0.0043105 -0.0106406 0.0178973 0.00223831 -0.00060862 -0.00295877 0.0127417 -0.00439633 -0.000700863
internal_weight=489.471 44.8335 444.638 56.0975 43.8913 29.1161 12.2062 21.5963 11.8906 388.54 285.722 23.307 262.415 202.782
internal_count=4000 400 3600 432 320 236 112 175 96 3168 2541 202 2339 1724
is_linear=0
shrinkage=0.05


Tree=142
num_leaves=15
num_cat=0
split_feature=6 5 4 5 6 6 6 2 3 1 1 1 5 5
split_gain=0.759049 4.51815 2.69416 2.22897 3.90349 1.95919 1.92429 4.02749 2.07317 3.6081 1.84923 2.45334 1.58801 4.46971
threshold=2.0182628956115458 0.77657457548512598 0.068945921264018079 0.42329195488246169 1.5398589556098352 1.6340884279626011 2.6944849954105585 3.5135376601970241 0.048461530387669094 0.14927473506585973 0.10991644421745582 0.066441766110707109 0.35823234763414796 0.31415008485926055
decision_type=2 2 2 2 2 2 2 2 2 2 2 2 2 2
left_child=1 2 -1 4 -4 -5 7 8 -2 10 11 -10 13 -8
right_child=6 -3 3 5 -6 -7 12 -9 9 -11 -12 -13 -14 -15
leaf_value=0.016277094715394971 0.026105216887877199 0.033182751443289152 0.022598038871197157 -0.047479327738812804 -0.029556472415123672 -0.010411968697543699 -0.00068593567007782497 0.03469553959806887 -0.029554854344975554 0.028895196039149886 -0.041464449530657352 0.015616085657848442 -0.0022552045560100191 0.023245786014926453
leaf_weight=5.4676792323589316 4.7727337293326881 5.0992911346256724 6.2093043848872203 8.2183078266680223 6.1595868319272995 6.9683961831033221 86.298104226589203 11.426660045981405 4.5983147062361258 4.1871260926127425 4.9374014418572179 5.5587290525436401 304.992696095258 24.190074907615781
leaf_count=36 41 39 55 84 62 68 738 70 49 31 47 50 2442 188
internal_value=-7.27422e-06 -0.00668861 -0.0136397 -0.019938 -0.00364249 -0.032165 0.000571089 0.0115815 -0.000345062 -0.00785658 -0.0192133 -0.00564986 -0.000394721 0.00471514
internal_weight=489.084 38.1226 33.0233 27.5556 12.3689 15.1867 450.962 35.481 24.0543 19.2816 15.0944 10.157 415.481 110.488
internal_count=4000 344 305 269 117 152 3656 288 218 177 146 99 3368 926
is_linear=0
shrinkage=0.05


Tree=143
num_leaves=15
num_cat=0
split_feature=9 9 6 1 0 0 1 6 1 9 1 9 11 8
split_gain=0.74033 2.74967 1.72534 1.64317 2.87395 3.72534 1.59255 1.57212 1.54328 1.20627 2.03959 1.48932 6.54199 2.0586
threshold=0.071648405967490045 0.081455513554253886 7.9623577569764494 0.15360150304461834 0.76549860932241842 1.1453863936472228 0.091048341431707827 4.9634215823764043 0.071956485265700837 0.09605785596589983 0.066441766110707109 0.11080611527144642 1.0000000180025095e-35 1.6679811176051877
decision_type=2 2 2 2 2 2 2 2 2 2 2 2 2 2
left_child=2 7 3 4 8 -6 -4 -2 -1 10 -3 12 13 -11
right_child=1 9 6 -5 5 -7 -8 -9 -10 11 -12 -13 -14 -15
leaf_value=-0.0019084304290305906 0.0051143929749845052 0.010804039303368368 -0.0030333713909935361 0.022258101185925642 0.04661280136738738 -0.01663543827497117 -0.045734048214240201 0.042944864551719052 -0.034439108503254393 -0.032353992312861173 -0.024976579341494116 -0.00022333914105994741 0.043078034644221302 0.0092505677183981946
leaf_weight=6.8222167231142574 5.7759454324841482 5.3354993574321297 4.3160123135894519 5.2180711813271037 3.773940658196806 3.7879642974585295 3.7604162283241749 4.832192275673151 7.1489044148474932 5.2649857737123966 10.701150607317684 408.3114906642586 8.8141528740525246 4.9965715408325195
leaf_count=69 46 46 45 49 43 46 41 34 75 55 82 3264 69 36
internal_value=-5.47714e-06 0.000539402 -0.00692564 -0.000514929 -0.00677638 0.0166875 -0.0257633 0.0245619 -0.0197426 -8.92666e-05 -0.0131367 0.00042983 0.0137255 -0.0130733
internal_weight=488.86 454.032 34.8275 26.7511 21.533 7.5619 8.07643 10.6081 13.9711 443.424 16.0366 427.387 19.0757 10.2616
internal_count=4000 3632 368 282 233 89 86 80 144 3552 128 3424 160 91
is_linear=0
shrinkage=0.05


Tree=144
num_leaves=15
num_cat=0
split_feature=8 8 10 9 8 8 9 9 10 10 9 9 9 3
split_gain=0.727706 3.42024 1.70702 1.43635 1.15465 4.51272 2.2773 4.32527 3.47927 6.35284 3.37599 1.88982 3.98985 3.40295
threshold=3.5596529960341701 3.3909490581701234 53.548132920266042 0.16838265394805188 2.6050051431333521 2.5205764047746695 0.18200626248474686 0.26251167191143571 66.627728531877963 54.945932927736926 0.31124545328552672 0.22906211340476709 0.25449538210279637 0.35144321839449483
decision_type=2 2 2 2 2 2 2 2 2 2 2 2 2 2
left_child=1 4 -2 -4 5 11 8 -8 9 -6 -9 -1 13 -13
right_child=2 -3 3 -5 6 -7 7 10 -10 -11 -12 12 -14 -15
leaf_value=-0.0039203555908376275 -0.011421270549255444 -0.03543355040864539 0.031329518280948723 0.004194410481355537 -0.0022719400429261041 -0.039181830687755576 -0.026602530781652312 0.039173108120568109 -0.0079962026190609613 0.062417278846556692 -0.0032303416033844373 0.0096973795221730261 0.0004754279662802952 0.050646105400744046
leaf_weight=179.32439904659986 7.5867782644927528 5.8956644609570494 7.3648723363876369 12.58719442039728 6.9004444144666213 6.5375181213021269 10.384466942399742 6.2848371192812946 7.4639601185917845 7.2537830173969269 12.816927745938299 19.511327240616087 192.63640028424561 6.2003384232521048
leaf_count=1684 47 45 39 70 52 60 83 38 42 43 87 166 1506 38
internal_value=-5.21851e-06 -0.000483636 0.00774333 0.015228 4.55746e-05 -0.000855443 0.00705181 -0.00203762 0.0189913 0.0328113 0.0119759 -0.000128678 0.00298902 0.0210985
internal_weight=488.749 461.21 27.5388 19.9521 455.314 404.21 51.1044 29.4862 21.6182 14.1542 19.1018 397.672 218.348 25.7117
internal_count=4000 3844 156 109 3799 3454 345 208 137 95 125 3394 1710 204
is_linear=0
shrinkage=0.05


Tree=145
num_leaves=15
num_cat=0
split_feature=10 6 6 7 1 7 8 1 10 1 5 3 2 4
split_gain=0.712383 1.04036 2.85495 3.09632 2.79981 3.13317 3.06905 2.88219 2.85194 3.80684 3.63704 1.95217 3.85788 3.83498
threshold=85.54697153277364 7.2802261505247978 6.9103114123342344 1.6870112983387393 0.16217449476499177 0.83262305734585806 1.885852523147475 0.116360951576907 47.123090946505826 0.10702341448562995 0.65048603937903715 0.034853426557207488 1.2460804638689338 0.26804840863744123
decision_type=2 2 2 2 2 2 2 2 2 2 2 2 2 2
left_child=1 2 -1 -4 7 -6 -7 8 10 11 -3 -10 -13 -14
right_child=-2 4 3 -5 5 6 -8 -9 9 -11 -12 12 13 -15
leaf_value=-0.00022165583759257667 -0.013518813788729997 -0.031234414502565252 -0.0370046394124093 0.0098601776361590694 0.038064393022950782 -0.017931818229659748 0.023252517279639871 -0.014484438068345715 0.026961044950999505 0.044826712944278285 0.015774546357259039 -0.02453807703172171 0.00090716586900212832 0.03609943916340249
leaf_weight=326.34966311976314 8.5553341042250377 9.9805828351527435 9.819404808804391 4.703428264707326 10.533109009265901 7.7140496224164989 8.4394237324595434 24.370660891756415 7.9014533497393122 5.6953565441071978 5.7986040674149981 10.337946798652409 39.577340912073851 8.6402066182345134
leaf_count=2756 67 93 85 32 61 55 54 194 69 40 42 105 275 72
internal_value=-2.31538e-07 0.000268401 -0.00121885 -0.0221694 0.00389856 0.0181399 0.00368623 0.000384118 0.00462155 0.00884085 -0.0140488 0.00513805 0.00179001 0.00781868
internal_weight=488.417 479.861 340.872 14.5228 138.989 26.6866 16.1535 112.302 87.9315 72.1523 15.7792 66.4569 58.5555 48.2175
internal_count=4000 3933 2873 117 1060 170 109 890 696 561 135 521 452 347
is_linear=0
shrinkage=0.05


Tree=146
num_leaves=15
num_cat=0
split_feature=0 11 4 4 4 4 6 6 5 5 6 10 4 0
split_gain=0.731964 0.852977 1.97007 5.18888 3.5155 3.68402 2.65587 2.80935 4.16976 4.58332 3.16394 4.12262 2.65632 4.4132
threshold=1.9312689894651529 1.0000000180025095e-35 0.33671016881634064 0.35598746611901227 0.28493209819860482 0.26208621879312399 2.0182628956115458 4.6741286637392303 0.2710543475363823 0.35271628432899849 5.0750597038216663 52.315267533773479 0.11641120972548014 0.53906526613311823
decision_type=2 2 2 2 2 2 2 2 2 2 2 2 2 2
left_child=1 -1 4 -4 5 6 -3 8 -8 -10 -9 -12 -11 -14
right_child=-2 2 3 -5 -6 -7 7 10 9 12 11 -13 13 -15
leaf_value=-0.0015852393593433984 -0.014412282395267885 -0.028006575153613097 0.053699442497740647 0.0051302122722570427 -0.023042305133697885 0.03286621367061545 -0.022390685665771459 -0.029014620245771651 0.052947459438447558 0.025988244702247389 0.017872193628800988 -0.0078249010080158003 -0.018788925868511847 0.027154239950924454
leaf_weight=271.35077893175185 7.6506147533655158 6.8786468338221303 5.2872515320777884 46.311339130625129 14.164247637614606 8.207813957706092 6.8457162640988818 9.7635729610919935 6.5595972016453734 13.282709896564482 21.523168504238129 49.835713461041451 13.24071040377021 7.2626600768417111
leaf_count=2313 75 68 39 409 136 66 49 78 39 74 157 344 98 55
internal_value=3.0672e-06 0.000262039 0.00265468 0.0110334 -0.000141409 0.00226452 0.000178944 0.00189481 0.0114662 0.0176135 -0.00374498 6.57003e-05 0.00942852 -0.00200905
internal_weight=488.165 480.514 209.163 51.5986 157.565 143.4 135.192 128.314 47.1914 40.3457 81.1225 71.3589 33.7861 20.5034
internal_count=4000 3925 1612 448 1164 1028 962 894 315 266 579 501 227 153
is_linear=0
shrinkage=0.05


Tree=147
num_leaves=15
num_cat=0
split_feature=2 0 0 4 4 2 0 3 7 9 0 7 6 13
split_gain=0.704631 5.77095 4.12317 3.87143 4.66792 2.51704 7.32095 4.3841 3.04125 2.88795 3.87247 4.39584 3.18431 3.61787
threshold=1.9291343504001228 0.71829038255012234 0.74045370739920491 0.17935451029851621 0.28019666757212547 1.4729798994164855 0.81682685073219419 0.12973285809639759 0.89605414761918134 0.17724236030753632 0.86337417400652605 0.89605414761918134 9.0114638077375471 1.0000000180025095e-35
decision_type=2 2 2 2 2 2 2 2 2 2 2 2 2 2
left_child=1 3 -3 -1 -5 7 -7 9 -8 10 -4 -12 13 -13
right_child=-2 2 5 4 -6 6 8 -9 -10 -11 11 12 -14 -15
leaf_value=0.021734215799274738 0.0015076337271548461 0.038646945691031019 0.044645403046351444 -0.049779840436256773 -0.0045311068088519603 0.015377499941948456 -0.0041438580260155268 0.031572399216950611 -0.050553500242690841 -0.006260779391573006 -0.022797613546904193 0.030238508783179265 0.045816468767663591 -0.011199005692512597
leaf_weight=3.3530631251633194 300.32204759865999 6.0321787931025019 5.7782676331698886 12.856114938855173 10.053436022251843 11.555114585906269 5.4558411017060271 10.75554960593581 10.102643713355063 75.594592848792672 10.369829745963214 7.4694325998425546 5.1910818479955187 13.016396800056098
leaf_count=37 2192 53 55 145 104 96 53 99 101 718 125 82 41 99
internal_value=7.51167e-06 -0.00238945 0.00119897 -0.0236672 -0.0309433 -0.000493663 -0.0140488 0.0024603 -0.0355123 -0.000450445 0.00995214 0.00333584 0.014349 0.00461389
internal_weight=487.906 187.584 161.321 26.2626 22.9096 155.289 27.1136 128.175 15.5585 117.42 41.825 36.0467 25.6769 20.4858
internal_count=4000 1808 1522 286 249 1469 250 1219 154 1120 402 347 222 181
is_linear=0
shrinkage=0.05


Tree=148
num_leaves=15
num_cat=0
split_feature=13 6 0 6 7 8 2 4 7 8 3 4 5 6
split_gain=0.700229 2.0809 3.44488 2.66937 5.29358 3.53617 3.44857 2.81949 3.9927 6.72536 4.18255 5.4913 3.43411 3.40604
threshold=1.0000000180025095e-35 2.3523175425360496 1.0414886823499634 3.5792675692841311 0.67984806812152643 1.1742491185920245 4.542995283434335 0.31515053633442869 0.56865826982157974 1.1249023930604982 0.47395601861891645 0.18270652306657223 0.56193691709068072 6.5340909237216147
decision_type=2 2 2 2 2 2 2 2 2 2 2 2 2 2
left_child=1 2 -1 4 -3 -6 -7 8 -5 -10 11 -11 -9 -12
right_child=-2 3 -4 7 5 6 -8 12 9 10 13 -13 -14 -15
leaf_value=-0.029635103612171251 0.0014441674300152828 -0.027140842828278351 0.021116661868277993 0.020729816489948909 0.052233673094538462 0.022314270934781413 -0.021817353394461409 -0.032762879434577598 -0.032190860688935043 0.025178708968600805 -0.041581550561435768 -0.0090495307593771463 -0.00023272399946555871 0.003026099820648285
leaf_weight=13.591572811827065 310.01833124645054 6.074629131704568 3.5526300705969325 18.33733669295907 6.0857044905424145 14.968088995665314 5.2265722453594199 15.398797743022444 16.292331231757998 26.381567548960447 7.1718585789203635 19.774230932816863 16.085340054705739 8.7200171649456006
leaf_count=164 2198 76 40 149 49 143 35 255 179 210 58 221 167 56
internal_value=1.11589e-05 -0.00248353 -0.0185341 -0.00066509 0.0119493 0.0216486 0.0104021 -0.00391752 0.000360934 -0.00460807 0.00303026 0.0106336 -0.0166619 -0.0183748
internal_weight=487.679 177.661 17.1442 160.516 32.355 26.2804 20.1947 128.161 96.6773 78.34 62.0477 46.1558 31.4841 15.8919
internal_count=4000 1802 204 1598 303 227 178 1295 873 724 545 431 422 114
is_linear=0
shrinkage=0.05


Tree=149
num_leaves=15
num_cat=0
split_feature=9 8 9 10 8 8 9 8 8 10 7 4 1 3
split_gain=0.700632 2.20189 1.65505 1.89475 1.39735 1.6206 3.29554 2.44041 1.69744 3.27202 2.24515 2.76298 1.72272 2.03909
threshold=0.56966829355115245 1.5000260407446686 0.49403275900633642 55.766397539755992 0.40004389145004449 0.48726397559657531 0.1973663841656346 0.51919475505003632 0.57852658047271222 54.151478316853805 0.46336534471684115 0.21480742512458567 0.27226951496038126 0.7490523764613507
decision_type=2 2 2 2 2 2 2 2 2 2 2 2 2 2
left_child=2 -2 4 -4 -1 6 -6 -7 9 -9 11 -10 13 -12
right_child=1 -3 3 -5 5 7 -8 8 10 -11 12 -13 -14 -15
leaf_value=-0.021351152932136238 -0.0065468718921160053 0.030029053193358496 0.0045870051873089365 -0.031531601018125258 -0.013558655711715523 -0.027979822450604458 0.031459221986747228 -0.014807549139634602 -0.046042192691109957 0.033309812398019785 0.0011533317014452225 0.0012159871381235054 0.026544223065381508 -0.011758795659373216
leaf_weight=6.4137758500874034 8.4344318173825723 6.5356980711221686 5.7867737822234613 7.824065525084734 5.629187334328889 6.6871743462979785 10.315789561718701 4.7056685052812091 4.8597076050937158 9.1370853427797538 367.04367882013321 6.4444608353078365 5.2461301609873763 32.346371158957481
leaf_count=57 62 39 50 70 56 61 65 44 36 76 3093 59 36 196
internal_value=1.51619e-06 0.010302 -0.000345943 -0.0169125 0.000181203 0.000532879 0.0157039 -5.59759e-05 0.000442445 0.0170573 -0.000150092 -0.0211913 0.000488521 8.08294e-05
internal_weight=487.41 14.9701 472.44 13.6108 458.829 452.415 15.945 436.47 429.783 13.8428 415.94 11.3042 404.636 399.39
internal_count=4000 101 3899 120 3779 3722 121 3601 3540 120 3420 95 3325 3289
is_linear=0
shrinkage=0.05


Tree=150
num_leaves=15
num_cat=0
split_feature=9 5 13 2 6 12 9 6 9 4 1 1 6 7
split_gain=0.683741 1.91459 2.02414 2.34231 2.34155 1.01503 3.0363 2.30002 2.27199 1.68993 1.58053 2.94651 2.38254 2.37842
threshold=0.061603066026959745 0.61958243312952666 1.0000000180025095e-35 4.0989631227530348 4.6519087219945661 1.0000000180025095e-35 0.37817347551999353 4.0047827441386836 0.235549946637063 0.1437317657888855 0.18648577280516979 0.17874834176175444 6.4961969933198036 0.7917231372553496
decision_type=2 2 2 2 2 2 2 2 2 2 2 2 2 2
left_child=1 2 3 -1 -4 10 7 -7 9 -9 11 -2 -12 -14
right_child=5 -3 4 -5 -6 6 -8 8 -10 -11 12 -13 13 -15
leaf_value=-0.0419528015940413 -0.00080704872717166955 -0.029462647232144309 0.037902324998469829 0.012005021775555309 -0.0069065731306671915 -0.0044437858328226585 -0.020128266020344704 0.023481388490514066 0.037179775499333101 -0.0075535248445671157 -0.0011756095357435136 -0.030670261319642581 0.043108647008371859 0.0071636074314850202
leaf_weight=3.548235194757587 361.44619971141219 6.3647909294813863 4.4956426341086608 2.9743873402476311 5.6653468757867813 12.76988150924444 7.5063226148486129 7.5567917972803142 11.184207230806349 8.2542218193411809 28.751139637082815 7.4551353938877574 6.7203214056789902 12.652991339564322
leaf_count=67 3003 81 43 22 59 88 55 42 64 65 228 63 33 87
internal_value=-4.89774e-06 -0.00822599 0.00108373 -0.0190224 0.0145384 0.000420011 0.00728426 0.0128257 0.0208618 0.0077939 -0.000373641 -0.00149184 0.00805386 0.0211363
internal_weight=487.346 23.0484 16.6836 6.52262 10.161 464.297 47.2714 39.7651 26.9952 15.811 417.026 368.901 48.1245 19.3733
internal_count=4000 272 191 89 102 3728 314 259 171 107 3414 3066 348 120
is_linear=0
shrinkage=0.05


Tree=151
num_leaves=15
num_cat=0
split_feature=6 6 10 8 4 2 7 7 4 8 9 6 9 4
split_gain=0.714878 4.86057 5.77629 3.12419 3.021 3.11195 2.64567 2.36568 2.95428 2.85582 4.20508 4.92871 3.42626 3.0859
threshold=4.535789558713887 4.3300878521033379 56.76224594811751 0.75367431448854461 0.071547405063836708 1.227671507715874 2.8050116308930746 2.4600156740595276 0.34935014400495928 0.74613448737789556 0.38737355512688626 11.380377702873687 0.36720679229426323 0.11641120972548014
decision_type=2 2 2 2 2 2 2 2 2 2 2 2 2 2
left_child=1 3 -3 4 -1 -6 -5 9 -9 10 11 -2 -11 -14
right_child=7 2 -4 6 5 -7 -8 8 -10 12 -12 -13 13 -15
leaf_value=0.01704108677177885 -0.0077607651087540546 -0.010383985488567352 0.04548103539135543 0.0042465218336100443 0.0091489332037866227 -0.031415823880434748 -0.023442979853461651 0.0019632892851453531 0.036464622472968562 -0.0026335512814761874 0.031766999220656865 0.03721231672376428 0.00052903301454210357 -0.028328668398302254
leaf_weight=5.3375028297305134 37.62011425755918 6.7068652044981745 11.94993721321225 145.77158267423511 5.6952448338270214 18.939964717254043 8.1755741834640485 23.395848724991087 7.5065989941358557 156.99615976586938 11.913030561059712 6.2334148846566668 13.804700799286364 26.941945664584637
leaf_count=33 323 52 68 1181 65 198 48 132 49 1391 79 41 85 255
internal_value=-4.37675e-06 0.00225928 0.0258917 -0.000265046 -0.0147607 -0.0220469 0.00263423 -0.00161897 0.0112244 -0.00322251 0.00668807 -0.000681095 -0.00603703 -0.0187734
internal_weight=486.988 202.577 18.6568 183.92 29.9727 24.6352 153.947 284.412 30.9024 253.509 55.7666 43.8535 197.743 40.7466
internal_count=4000 1645 120 1525 296 263 1229 2355 181 2174 443 364 1731 340
is_linear=0
shrinkage=0.05


Tree=152
num_leaves=15
num_cat=0
split_feature=10 5 5 1 6 7 10 6 6 2 3 10 4 4
split_gain=0.679217 2.5524 3.01578 2.10966 4.66414 3.29951 1.76003 2.78343 2.85442 3.51235 4.68873 2.69707 2.83029 2.29603
threshold=41.311665397692572 0.65486608693327286 0.31415008485926055 0.10420940294931054 6.1853653078122734 0.9217648278382905 47.708831172544912 4.4886073998565683 10.524283265501628 1.3307082024773969 0.42393279717202459 49.634157787652534 0.19567764919045855 0.92068019695446679
decision_type=2 2 2 2 2 2 2 2 2 2 2 2 2 2
left_child=1 2 -1 5 -5 -4 7 -2 9 -9 -11 12 -8 -13
right_child=6 -3 3 4 -6 -7 11 8 -10 10 -12 13 -14 -15
leaf_value=-0.022571649491661582 0.021513626785307712 -0.024364505329274148 0.049770098886930202 -0.035303140663753424 0.024032959203250132 0.0020265761875846466 0.00078012789344878125 0.02320144866022272 0.028428001061158753 -0.03160302918332844 0.018499583807392306 -0.00022828594017196762 -0.037338872127393646 0.027165712616181545
leaf_weight=8.5519518461078388 23.548201255500317 12.196851603686808 5.3984856698662069 5.5442813821136934 5.7392924036830664 8.535595949739216 9.4349293150007743 6.0843620710074928 5.7652876209467641 15.063598467037083 5.815889634191989 359.05455958470702 8.9759024642407876 6.8152389600872985
leaf_count=86 170 103 50 59 43 75 72 49 34 144 35 2932 104 44
internal_value=1.187e-06 -0.00571533 0.00152737 0.0102492 -0.00562284 0.0226179 0.000609223 0.0087861 -0.000737528 -0.00776716 -0.0174395 -0.000607965 -0.0187704 0.000354652
internal_weight=486.524 45.9665 33.7696 25.2177 11.2836 13.9341 440.558 56.2773 32.7291 26.9639 20.8795 384.281 18.4108 365.87
internal_count=4000 416 313 227 102 125 3584 432 262 228 179 3152 176 2976
is_linear=0
shrinkage=0.05


Tree=153
num_leaves=15
num_cat=0
split_feature=0 9 6 9 9 8 2 2 10 11 10 9 8 1
split_gain=0.724773 0.97948 2.59798 2.27233 1.39573 1.15642 1.05434 4.12416 3.4939 2.942 2.70493 2.72086 2.32942 2.23838
threshold=1.9312689894651529 0.54538784843633659 6.4294671412747428 0.49403275900633642 0.47614822308212928 1.2204327101402317 0.94315529986451396 1.0788986063274091 60.46734377534456 1.0000000180025095e-35 44.284938845171105 0.33203211437313251 0.76396339999689855 0.065997225731505543
decision_type=2 2 2 2 2 2 2 2 2 2 2 2 2 2
left_child=1 3 -3 4 6 -5 8 12 10 -10 -1 13 -8 -12
right_child=-2 2 -4 5 -6 -7 7 -9 9 -11 11 -13 -14 -15
leaf_value=-0.011358502908070564 -0.014381296160538959 0.024391520302803005 -0.013808712647569769 -0.0024672159003732517 0.021408131768763997 -0.036457584750642549 0.007441555190849704 0.00021778089969014486 -0.029962422421917552 0.011242804747153659 0.032611416163558185 0.058995999000081803 -0.036750458714004931 -0.0051973785208876931
leaf_weight=5.0246455036103752 7.603103306144475 11.806786898523571 6.0237105041742316 4.3643130958080274 6.7308103218674651 5.397231537848711 3.5790021009743205 390.60582654364407 7.9355220757424814 7.6330306734889746 7.4340739771723765 4.3334426432847968 10.929919561371205 6.8603768441826105
leaf_count=44 75 79 43 42 43 47 38 3157 83 62 63 32 128 64
internal_value=2.82766e-06 0.000260814 0.0114383 -0.000195499 0.00034547 -0.0229022 -2.09431e-05 -0.000785667 0.00770104 -0.0103009 0.0194874 0.0279625 -0.0260724 0.0153123
internal_weight=486.262 478.659 17.8305 460.828 451.067 9.76154 444.336 405.115 39.2211 15.5686 23.6525 18.6279 14.5089 14.2945
internal_count=4000 3925 122 3803 3714 89 3671 3323 348 145 203 159 166 127
is_linear=0
shrinkage=0.05


Tree=154
num_leaves=15
num_cat=0
split_feature=2 1 6 3 1 5 8 3 7 0 1 6 3 0
split_gain=0.704666 0.904887 3.17703 4.63247 2.95013 2.59907 1.64744 1.50414 4.92012 2.81801 2.58497 3.19272 2.13421 6.30372
threshold=0.61395057884154125 0.025005484364163267 2.8141725053648412 0.028905733210645514 0.030548265437614328 0.59853285797932376 1.035950373637154 0.052645652524148219 0.55485231545099511 1.016760475174401 0.062649582790866437 5.5536188842832823 0.10143681920717874 0.70846057585785249
decision_type=2 2 2 2 2 2 2 2 2 2 2 2 2 2
left_child=-1 2 -2 6 -3 -5 -4 8 -6 -10 11 -11 13 -9
right_child=1 4 3 5 7 -7 -8 12 9 10 -12 -13 -14 -15
leaf_value=-0.014115401817097532 0.039954446268420901 -0.02518112848603006 0.00069356964759522788 -0.00098894688785321379 -0.032558910179660332 0.039835255832514682 -0.0340825470953907 -0.030594014466255693 0.042349185293033283 -0.021298553026352321 0.032731900415159651 0.023295227810189362 0.0012015522540246596 0.0012078412394260175
leaf_weight=7.682976894080638 5.3696796074509612 10.642317973077295 5.6559190303087252 7.6685788165777904 4.7179571054875842 6.8326498344540596 7.4128022529184818 21.069529090076685 7.6960806176066425 9.0867166332900542 6.111596528440713 5.6849072016775599 327.70979032479227 52.769548173993826
leaf_count=80 47 105 56 70 46 43 73 225 73 81 47 55 2499 500
internal_value=1.18897e-06 0.000256854 0.00812697 0.00074657 -0.000341965 0.0195754 -0.0200525 0.000322323 0.0103732 0.0183217 0.00793622 -0.00374762 -0.000534813 -0.00815417
internal_weight=486.111 478.428 32.9396 27.5699 445.488 14.5012 13.0687 434.846 33.2973 28.5793 20.8832 14.7716 401.549 73.8391
internal_count=4000 3920 289 242 3631 113 129 3526 302 256 183 136 3224 725
is_linear=0
shrinkage=0.05


Tree=155
num_leaves=15
num_cat=0
split_feature=10 8 6 8 6 1 10 5 2 8 3 1 9 5
split_gain=0.658296 0.97474 4.2043 3.92298 4.11291 3.82175 5.83451 6.06314 3.2271 3.07365 3.30446 3.03787 4.56135 2.37848
threshold=85.54697153277364 1.0871034161698543 9.5305083166596365 1.137678735572009 5.1377401347732352 0.092135578153052913 47.529567571429055 0.65486608693327286 1.8647564364698042 0.57852658047271222 0.068770627956326907 0.21347427513962541 0.45552357056570963 0.77031740535667204
decision_type=2 2 2 2 2 2 2 2 2 2 2 2 2 2
left_child=1 2 5 4 -3 6 7 8 -1 10 -8 12 -7 -11
right_child=-2 3 -4 -5 -6 11 9 -9 -10 13 -12 -13 -14 -15
leaf_value=0.072176705376212458 -0.013062862835237027 -0.0042093863074775927 0.016578971473646505 0.00073266940639495266 0.053751430477348594 -0.025165532919783063 -0.01724542004435272 -0.013948196109287346 0.014833797811700387 -0.017991403582986256 0.03033499399788166 0.0096349558545775135 0.01894544216281295 0.013276363636397712
leaf_weight=5.3883870877325517 8.4568303897976858 5.0705570653080922 22.503629369661212 309.57080192305148 6.2337663173675537 46.881044121459126 4.9235431496053925 5.4139481820166102 5.0346618629992008 35.1394232083112 9.034621346741913 9.7236170098185521 5.9398144893348208 6.5536801703274241
leaf_count=45 67 43 163 2449 46 462 48 45 45 348 75 67 45 52
internal_value=5.69308e-07 0.000258795 -0.00296444 0.00183555 0.0295239 -0.00634419 0.00156549 0.0273889 0.0482016 -0.00613697 0.0135208 -0.0152673 -0.0199453 -0.0128806
internal_weight=485.868 477.411 156.536 320.875 11.3043 134.033 71.4883 15.837 10.423 55.6513 13.9582 62.5445 52.8209 41.6931
internal_count=4000 3933 1395 2538 89 1232 658 135 90 523 123 574 507 400
is_linear=0
shrinkage=0.05


Tree=156
num_leaves=15
num_cat=0
split_feature=2 9 3 3 1 9 9 7 4 9 9 3 3 7
split_gain=0.654245 0.891747 3.59709 5.14644 2.9943 2.54412 5.7014 4.83513 3.07512 2.94891 4.53846 4.49617 3.76045 2.74411
threshold=0.61395057884154125 0.27393766491923949 0.030362069963982288 0.039999436683550098 0.012375153491646106 0.18664407644107947 0.19598064516584426 1.2305953281923638 0.1084224372955825 0.15135656958634314 0.13760361459378448 0.4409645046715418 0.29859205904372726 0.89605414761918134
decision_type=2 2 2 2 2 2 2 2 2 2 2 2 2 2
left_child=-1 4 -3 -4 -2 9 -7 -8 -9 10 13 12 -11 -6
right_child=1 2 3 -5 5 6 7 8 -10 11 -12 -13 -14 -15
leaf_value=-0.013639475317606434 0.03084111464532336 -0.027122734508544639 0.042767745470906907 0.0025252898057395627 -0.011946340615611114 -0.041623321378652919 0.0059294161913593544 0.0052536691394496357 -0.025924157069055986 0.010869857849925378 -0.028423542704961304 -0.019167431032271431 0.049919728411548243 0.0055196547776247204
leaf_weight=7.6222171988338223 5.955023478716611 8.5810560733079893 7.3146511241793624 183.4320729393512 30.171105682849884 10.668079011142252 49.57726338878274 10.491661164909599 27.809614479541779 34.151823423802853 14.270508624613283 8.9771465770900232 6.7972050197422496 79.749172734096646
leaf_count=80 53 84 52 1369 333 110 430 70 271 274 138 58 42 636
internal_value=1.12898e-05 0.000257014 0.0028028 0.00428348 -0.00156779 -0.00238572 -0.00876235 -0.00434973 -0.0174674 0.00125275 -0.00288132 0.0113909 0.0183873 0.000661078
internal_weight=485.569 477.946 199.328 190.747 278.619 272.664 98.5466 87.8785 38.3013 174.117 124.191 49.9262 40.949 109.92
internal_count=4000 3920 1505 1421 2415 2362 881 771 341 1481 1107 374 316 969
is_linear=0
shrinkage=0.05


Tree=157
num_leaves=15
num_cat=0
split_feature=0 2 2 2 0 1 7 7 1 3 1 10 8 2
split_gain=0.696267 4.76023 5.84312 4.09951 5.72617 2.74116 2.04432 3.45314 4.09032 3.94961 2.56511 3.36586 2.70348 2.52924
threshold=0.88003625273875874 1.4605458903335127 1.3579329097296198 1.3852169291846697 0.83733341033260678 0.21891471353036304 2.3575403052853123 1.1660363952355965 0.050849947380050463 0.069711795439112975 0.039549762919674054 57.252865529518736 1.1311263765145234 0.88163462642154811
decision_type=2 2 2 2 2 2 2 2 2 2 2 2 2 2
left_child=3 2 6 4 -1 -3 7 10 -9 -10 13 12 -12 -2
right_child=1 5 -4 -5 -6 -7 -8 8 9 -11 11 -13 -14 -15
leaf_value=-0.0083448613388821605 -0.0023353478992866111 -0.051177909181457419 0.038983753527177908 0.0001390765201834971 0.061145801398085203 -0.003273615694689631 0.015149253488916102 -0.04686374158361073 0.011286729581905318 -0.025507298966443118 -0.0030248055944174816 -0.017681694156245535 0.033302618329150865 0.041643441035435977
leaf_weight=5.0120715685188753 5.8750793989747745 6.6307987272739393 7.8941308483481398 353.68941850028932 5.5740699656307697 5.1446832604706287 12.21416028216481 8.1318444870412332 13.333795508369805 14.031225781887768 13.869997657835485 20.79684110917151 6.9856930319219819 6.0965419504791498
leaf_count=54 56 70 61 2747 47 39 83 87 117 149 140 232 66 52
internal_value=5.87324e-06 -0.00326446 0.000112165 0.00109817 0.0303645 -0.0321431 -0.00326733 -0.00593144 -0.0177982 -0.0078133 0.00210583 -0.00385533 0.0101102 0.0215446
internal_weight=485.28 121.005 109.229 364.276 10.5861 11.7755 101.335 89.121 35.4969 27.365 53.6242 41.6525 20.8557 11.9716
internal_count=4000 1152 1043 2848 101 109 982 899 353 266 546 438 206 108
is_linear=0
shrinkage=0.05


Tree=158
num_leaves=15
num_cat=0
split_feature=10 5 5 5 5 13 10 5 7 13 5 0 4 5
split_gain=0.654061 2.31289 2.79227 2.77188 3.26914 3.31502 1.60204 3.41945 2.23731 1.95447 2.3411 5.00759 3.93174 3.74438
threshold=41.311665397692572 0.65486608693327286 0.60656181182034208 0.56480727651483542 0.31415008485926055 1.0000000180025095e-35 44.44337326090524 0.38464467379865336 0.7917231372553496 3.0000000000000004 0.37579347677674974 0.78437818043920771 0.19295731541485875 0.5867014966734555
decision_type=2 2 2 2 2 2 2 2 2 2 2 2 2 2
left_child=1 2 3 4 -1 -6 7 -2 -9 -8 11 -11 13 -12
right_child=6 -3 -4 -5 5 -7 9 8 -10 10 12 -13 -14 -15
leaf_value=-0.021905853444285722 -0.018770470705845612 -0.023566914935193341 0.03333988005500254 -0.038210855530426413 0.043140101546181565 -0.0017690338548371498 -0.0021732651928044462 -0.0028372421632198237 0.034817649957164763 0.029049731389443018 -0.030590928870633978 -0.01085033383055907 0.011069863178681263 0.0020384682723721711
leaf_weight=8.4080208465457016 5.5454882290214327 11.970515850931404 4.6863593868911257 4.1664396561682215 5.451844139024618 11.112416192889212 306.4260148126632 5.4317707568407085 12.151676692068575 23.136791050434113 13.994065403938292 11.021123852580784 40.582699365913868 20.978385258466005
leaf_count=86 44 103 34 39 59 95 2732 43 89 130 89 76 264 117
internal_value=6.49955e-06 -0.00561359 0.00123427 -0.00486414 0.00195652 0.0146266 0.000603838 0.0131295 0.0236588 -0.00012214 0.00557449 0.0162334 0.000606552 -0.0115055
internal_weight=485.064 45.7956 33.8251 29.1387 24.9723 16.5643 439.268 23.1289 17.5834 416.139 109.713 34.1579 75.5552 34.9725
internal_count=4000 416 313 279 240 154 3584 176 132 3408 676 206 470 206
is_linear=0
shrinkage=0.05


Tree=159
num_leaves=15
num_cat=0
split_feature=9 5 0 10 8 8 8 9 9 9 9 5 4 7
split_gain=0.6497 1.80316 2.03311 2.1487 1.08302 1.4627 1.66203 1.80664 5.2721 3.04674 3.31204 2.1866 4.39858 4.01356
threshold=0.061603066026959745 0.6710894034572773 0.85474613348156481 60.904518304850434 0.40004389145004449 0.48726397559657531 0.51919475505003632 0.18664407644107947 0.19598064516584426 0.15135656958634314 0.14629640003464708 0.65048603937903715 0.24184403832552417 0.91623809758398422
decision_type=2 2 2 2 2 2 2 2 2 2 2 2 2 2
left_child=1 2 3 -1 -2 -6 -7 9 -9 10 -8 13 -13 -11
right_child=4 -3 -4 -5 5 6 7 8 -10 11 -12 12 -14 -15
leaf_value=-0.011394474866561116 -0.018389580094654485 -0.034821699943469307 -0.027260522127167175 0.024991956320135206 0.014987444670450404 -0.022721401135240724 0.0023002540517485779 -0.03585810860174312 -0.0003979227751043333 0.030591416256296446 -0.034908246003747888 0.0073970432156618901 0.058824697992781533 -0.0054190029774150404
leaf_weight=6.7733366880565935 6.5308172535151234 3.9758674204349509 4.416536768898367 7.7057001478970051 16.302824944257736 6.7923425883054724 93.296461476013064 9.8990188185125572 274.58255129866302 10.825886145234106 5.3856933657079926 10.297464553266765 6.3821810670197001 21.703761756420135
leaf_count=82 56 60 69 61 117 60 762 104 2212 87 55 65 38 172
internal_value=3.97673e-06 -0.00804 -0.000937808 0.00833381 0.000418702 0.000728084 0.000165897 0.000577043 -0.0017531 0.00504095 -6.02669e-05 0.0150682 0.0292892 0.00712023
internal_weight=484.87 22.8714 18.8956 14.479 461.999 455.468 439.165 432.373 284.482 147.891 98.6822 49.2093 16.6796 32.5296
internal_count=4000 272 212 143 3728 3672 3555 3495 2316 1179 817 362 103 259
is_linear=0
shrinkage=0.05


Tree=160
num_leaves=15
num_cat=0
split_feature=0 0 13 5 6 6 0 7 8 6 7 4 4 3
split_gain=0.646764 3.50801 4.24859 6.28354 2.25248 4.71724 1.85442 1.94082 2.95949 2.56676 3.59534 3.35675 2.85462 1.95997
threshold=0.88003625273875874 0.76549860932241842 1.0000000180025095e-35 0.614624645128793 1.5002204582512968 2.0182628956115458 0.90701629273730899 2.3575403052853123 2.1808800318822095 4.374861993431761 0.68921852330781663 0.31987057745005587 0.35357350501508916 0.072220642439194668
decision_type=2 2 2 2 2 2 2 2 2 2 2 2 2 2
left_child=1 -1 3 -3 -2 -6 -7 8 9 10 -8 -11 -12 -13
right_child=4 2 -4 -5 5 6 7 -9 -10 11 12 13 -14 -15
leaf_value=-0.00052911415367405614 0.027637678965326408 -0.035684308390481666 0.028813926679381621 0.033776408802872734 -0.044573640071536948 -0.024892960457264912 -0.016151054955703414 0.01713384921724349 -0.024107289943974007 0.024839420581822425 -0.008718413852292153 -0.0021525136942684583 0.033157271736123199 -0.023803984366524287
leaf_weight=330.86183681152761 4.6797259189188471 6.9946743305772525 21.791799921542406 4.5268024317920208 5.9555422253906718 7.2501850705593816 7.1412738040089634 12.922007959336041 12.94475590251386 6.6306574661284676 4.9153173826634911 25.395743902772665 15.625419232994316 17.032779252156615
leaf_count=2544 40 98 163 43 59 61 79 85 128 68 44 258 138 192
internal_value=-3.87287e-06 0.0010475 0.0162652 -0.00787518 -0.00316396 -0.00463452 -0.00208682 -0.000250652 -0.00291674 0.000921816 0.012837 -0.00592355 0.023197 -0.0111924
internal_weight=484.669 364.175 33.3133 11.5215 120.493 115.814 109.858 102.608 89.6859 76.7412 27.682 49.0592 20.5407 42.4285
internal_count=4000 2848 304 141 1152 1112 1053 992 907 779 261 518 182 450
is_linear=0
shrinkage=0.05


Tree=161
num_leaves=15
num_cat=0
split_feature=1 1 9 9 1 9 9 0 5 5 10 0 2 0
split_gain=0.635758 2.0355 0.98243 4.86822 4.26686 3.27403 2.99477 3.15271 2.46547 2.9906 4.02677 2.62182 3.43749 2.95638
threshold=0.0098301905561361414 0.013872987453792332 0.22906211340476709 0.18664407644107947 0.16681855850631441 0.1973663841656346 0.20632923327099792 0.52030791677160726 0.11057505705764713 0.26699113272891756 48.070978165464844 0.20563192452644327 4.4823441826297472 0.29467142722099288
decision_type=2 2 2 2 2 2 2 2 2 2 2 2 2 2
left_child=-1 -2 3 -3 5 -5 7 -7 -4 10 -10 -11 13 -13
right_child=1 2 8 4 -6 6 -8 -9 9 11 -12 12 -14 -15
leaf_value=-0.01421108981735475 0.027686126786328615 0.0011346968613320017 0.024883567546091421 -0.04879486899016694 0.014004927461287387 0.031285181004435045 -0.02693374263655661 -0.021147586432648288 0.018504344600852544 0.016343624449501892 -0.023168447361909789 0.035328689652355104 -0.017438781321704445 0.0018255827787713782
leaf_weight=6.753827577456831 5.6526027992367736 175.34101499803364 10.20650161243975 9.386444188654421 8.1332376450300199 5.1250129789114016 16.52156818844378 4.4512098375707865 6.7702577002346542 30.409654602408409 23.501483704894781 5.8861079663038245 21.89021061360836 154.48419567197561
leaf_count=64 48 1497 76 102 70 36 186 53 54 168 199 33 136 1278
internal_value=-8.46403e-06 0.000221575 -0.000165087 -0.00261131 -0.0173581 -0.0247335 -0.0145982 0.00721829 0.0019527 0.000891273 -0.0135547 0.00300134 0.000698181 0.00326656
internal_weight=484.513 477.76 472.107 218.958 43.6175 35.4842 26.0978 9.57622 253.148 242.942 30.2717 212.67 182.261 160.37
internal_count=4000 3936 3888 1944 447 377 275 89 1944 1868 253 1615 1447 1311
is_linear=0
shrinkage=0.05


Tree=162
num_leaves=15
num_cat=0
split_feature=9 9 6 6 0 3 3 0 9 1 9 6 12 9
split_gain=0.623523 2.38747 1.81795 1.57157 1.9163 4.67642 3.60113 2.62511 1.16542 1.8812 1.33005 1.97504 1.11707 3.10606
threshold=0.071648405967490045 0.081455513554253886 5.2312829274258634 7.9623577569764494 0.16119100155446367 0.40482426509447017 0.102831262625399 1.154371030444324 0.09605785596589983 0.066441766110707109 0.10211791724478904 5.6312194928136359 1.0000000180025095e-35 0.37817347551999353
decision_type=2 2 2 2 2 2 2 2 2 2 2 2 2 2
left_child=3 2 -2 4 -1 6 7 -6 9 -3 11 -10 -12 -14
right_child=1 8 -4 -5 5 -7 -8 -9 10 -11 12 -13 13 -15
leaf_value=-0.029606416856613395 0.0029842761862994543 0.009897026679880766 0.042956200851010096 -0.024709028845631042 0.035788078815031786 0.049628273128634243 -0.025128890562678259 -0.014694451313341862 0.038233314139732959 -0.024523044326066942 -0.00087954405371335549 -0.0054516373053103955 0.01446332354214586 -0.0196457073857388
leaf_weight=3.6588401049375561 5.9796480257064086 5.3764664568006983 4.7204642482101917 7.8061142023652783 5.4814576171338611 3.7956383414566508 9.8823324944823963 3.546059750020504 4.5913125053048116 10.515212945640085 374.46513659320772 4.4082836825400591 32.56491157412529 7.4109980314970008
leaf_count=25 48 46 32 86 68 28 117 44 42 82 3078 38 211 55
internal_value=-8.81216e-06 0.000491209 0.0227826 -0.00642092 -0.000300983 0.00547111 -0.00543971 0.0164704 -0.000102213 -0.0129815 0.000410593 0.0184298 -2.4114e-05 0.00781484
internal_weight=484.203 450.032 10.7001 34.1704 26.3643 22.7055 18.9098 9.02752 439.332 15.8917 423.441 8.9996 414.441 39.9759
internal_count=4000 3632 80 368 282 257 229 112 3552 128 3424 80 3344 266
is_linear=0
shrinkage=0.05


Tree=163
num_leaves=15
num_cat=0
split_feature=10 10 1 2 4 8 10 4 7 8 8 10 5 7
split_gain=0.612271 0.994106 2.54547 2.18699 2.16645 2.46148 3.32739 2.86251 2.80243 3.10539 1.58374 3.34492 5.01245 4.73016
threshold=85.54697153277364 70.703827706972476 0.15779553667172871 0.89589923278286643 0.39224039151137918 2.9421129571100137 78.779117119666623 0.12778272803771148 0.90124515453082876 1.9525328102667177 1.5895251085517026 60.118817472513271 0.16325625146210107 0.87178402527727317
decision_type=2 2 2 2 2 2 2 2 2 2 2 2 2 2
left_child=1 10 3 -3 5 6 8 -8 -5 -10 11 13 -13 -1
right_child=-2 2 -4 4 -6 -7 7 -9 9 -11 -12 12 -14 -15
leaf_value=0.0076006471234037884 -0.012652478359439842 -0.017912475960193661 -0.015638729820215382 -0.00081066218860758449 0.032816443574787933 -0.019641898768675291 0.011868827953521651 -0.032621790558437315 0.046685610822234019 0.0087660999470563633 0.0026697075006970419 0.031189143859773467 -0.016855596053120047 -0.010525371055908159
leaf_weight=91.196316616609693 8.3846987467259151 5.9334773644804946 11.378397218883036 10.999648954719303 9.4284615181386453 6.3256377167999736 6.8386357650160772 5.859527051448822 11.532520383596422 10.478094760328529 180.64412323944271 5.0252212509512892 61.989561378955841 58.043814608827233
leaf_count=797 67 57 80 86 82 38 40 50 70 67 1397 46 575 548
internal_value=-5.1806e-06 0.000243829 0.00533757 0.00905585 0.0119044 0.00756787 0.0116734 -0.00954395 0.0198757 0.0297996 -0.000778024 -0.00365705 -0.0128473 0.000527779
internal_weight=484.058 475.673 78.7744 67.396 61.4625 52.0341 45.7084 12.6982 33.0103 22.0106 396.899 216.255 67.0148 149.24
internal_count=4000 3933 570 490 433 351 313 90 223 137 3363 1966 621 1345
is_linear=0
shrinkage=0.05


Tree=164
num_leaves=15
num_cat=0
split_feature=6 5 4 1 10 3 6 2 9 9 5 5 5 9
split_gain=0.616577 3.97409 2.41011 2.24786 3.04665 2.68879 1.58782 3.77476 2.40178 3.0459 2.48622 1.38441 3.70371 4.62657
threshold=2.0182628956115458 0.77657457548512598 0.068945921264018079 0.089489382454221875 64.580538590886036 0.056057188568363531 2.6944849954105585 3.5135376601970241 0.40104945417789267 0.18510784538936628 0.43645047096073497 0.35823234763414796 0.31415008485926055 0.26706292638366691
decision_type=2 2 2 2 2 2 2 2 2 2 2 2 2 2
left_child=1 2 -1 5 -5 -4 7 8 9 -2 -11 12 -8 -14
right_child=6 -3 3 4 -6 -7 11 -9 -10 10 -12 -13 13 -15
leaf_value=0.015442569711252775 0.010149528250849292 0.031006516508661493 -0.0030494006273572762 -0.02048660537969545 0.026348189529611224 -0.047987721765692368 -0.00057771811627163605 0.032813690626032108 0.028769956599256265 8.3253620949113292e-05 -0.048732282355509082 -0.0021220194960437449 0.00085626269225034645 0.043605296204247156
leaf_weight=5.4692086577415457 10.01752956770361 5.1659863758832207 5.3232718668878105 8.369918439537285 4.528733365237712 8.5711506735533458 85.248013181611896 11.48403340578079 4.3749687485396853 4.6010447032749635 5.012209702283144 301.18847419507802 13.397553378716113 11.066327568143604
leaf_count=36 93 39 56 86 37 90 738 70 31 46 48 2442 118 70
internal_value=-5.74748e-06 -0.00608351 -0.0127762 -0.0188848 -0.00333023 -0.0321315 0.00051631 0.0105121 -0.00104224 -0.00875874 -0.027562 -0.000370461 0.00441377 0.021147
internal_weight=483.818 37.4283 32.2623 26.7931 12.8987 13.8944 446.39 35.4898 24.0058 19.6308 9.61325 410.9 109.712 24.4639
internal_count=4000 344 305 269 123 146 3656 288 218 187 94 3368 926 188
is_linear=0
shrinkage=0.05


Tree=165
num_leaves=15
num_cat=0
split_feature=4 4 7 4 4 9 6 9 6 6 6 9 9 2
split_gain=0.615501 1.96024 3.35893 1.34936 3.01224 0.885311 2.70035 2.48663 1.0442 1.04137 1.99282 2.25853 2.7765 2.78615
threshold=0.92068019695446679 0.69876428824431691 1.5741390624636735 0.62513257455451332 0.58888992658754646 0.53492379293842507 6.4294671412747428 0.50017864443174231 4.374861993431761 2.0182628956115458 1.8870672653135527 0.36720679229426323 0.29313101971143962 1.4934959784026416
decision_type=2 2 2 2 2 2 2 2 2 2 2 2 2 2
left_child=1 3 -3 4 5 7 8 9 -7 10 11 12 13 -1
right_child=-2 2 -4 -5 -6 6 -8 -9 -10 -11 -12 -13 -14 -15
leaf_value=0.025645783020666914 0.012290735605792283 -0.045934697578688566 0.010973804443720564 0.020702393366664365 -0.034668486853458129 0.0079602226562082816 -0.01327485074007617 -0.030151060175080485 0.037627075339715821 0.0010460643913541795 -0.033570116573099794 -0.031382864218516514 0.031886568925748031 -0.017258277856443401
leaf_weight=4.2286073528230288 8.9752221889793855 5.022446269169448 3.9954882245510817 6.8983295913785687 5.2313003558665505 6.4129305891692656 6.8975614346563807 5.7958880923688403 5.8898623809218407 395.90175599046052 5.2663719709962598 4.3852426297962657 5.6860285252332678 12.92941666767001
leaf_count=41 60 80 40 75 60 43 48 55 37 3199 56 39 43 124
internal_value=-1.06181e-06 -0.000258899 -0.0221423 0.00021157 -0.00014101 0.00033279 0.0105649 -0.000142918 0.0239238 0.00033234 -0.00813474 -0.0022004 0.00448282 -0.00585449
internal_weight=483.516 474.541 9.01793 465.523 458.625 453.394 19.2004 434.193 12.3028 428.397 32.4957 27.2293 22.8441 17.158
internal_count=4000 3940 120 3820 3745 3685 128 3557 80 3502 303 247 208 165
is_linear=0
shrinkage=0.05


Tree=166
num_leaves=15
num_cat=0
split_feature=10 5 5 5 5 13 2 8 9 8 9 12 7 5
split_gain=0.604754 2.11148 2.55741 2.57517 2.99862 2.8628 2.2218 1.48344 1.44295 2.39483 1.86796 1.44532 2.24071 2.20535
threshold=41.311665397692572 0.65486608693327286 0.60656181182034208 0.56480727651483542 0.31415008485926055 1.0000000180025095e-35 2.369012860760551 1.6973375311002388 0.56966829355115245 1.5000260407446686 0.49403275900633642 1.0000000180025095e-35 2.0151127466727092 0.614624645128793
decision_type=2 2 2 2 2 2 2 2 2 2 2 2 2 2
left_child=1 2 3 4 7 -6 -7 -1 10 -10 11 -2 13 -13
right_child=8 -3 -4 -5 5 6 -8 -9 9 -11 -12 12 -14 -15
leaf_value=-0.038129111252526132 -0.00038073060197098279 -0.022760686379138872 0.031577405592905942 -0.037432815639372778 0.039656433678487847 -0.024235115305022106 0.017187071454535161 0.0019604343658180144 -0.0027474287257277081 0.037578736434350508 -0.018773899656950293 0.012387603272850569 0.031683338206509794 -0.013772245222708228
leaf_weight=4.4564862065017277 371.08795333374292 11.757983248680828 4.7590744756162158 4.0344185829162589 5.6453943643718985 4.9223791509866697 6.1479438059031963 3.8368145376443863 7.6920017935335618 5.8468645624816418 11.80368212983012 22.07992279715836 7.9016918987035742 11.414145223796366
leaf_count=50 3105 103 34 39 59 49 46 36 56 33 107 161 42 80
internal_value=-8.96916e-06 -0.00542713 0.00108299 -0.00479858 0.00170274 0.0137085 -0.00171307 -0.0213669 0.00056593 0.0160546 3.5104e-05 0.000617447 0.00936343 0.003332
internal_weight=483.387 45.5605 33.8025 29.0434 25.009 16.7157 11.0703 8.2933 437.826 13.5389 424.287 412.484 41.3958 33.4941
internal_count=4000 416 313 279 240 154 95 86 3584 89 3495 3388 283 241
is_linear=0
shrinkage=0.05


Tree=167
num_leaves=15
num_cat=0
split_feature=3 3 1 0 1 0 4 8 6 10 1 9 4 6
split_gain=0.593334 1.88441 2.5125 1.78569 1.75944 1.51609 1.94846 3.0449 5.23274 2.79446 1.79866 1.76099 1.68357 3.26768
threshold=1.4965475861500288 0.7490523764613507 0.099268280741344486 0.16717015464385343 0.1830900228424007 0.30886263692055654 0.13688528978454753 1.0946418589185207 5.2917507922165958 65.109315171520578 0.12647297006678274 0.1973663841656346 0.15906478664193061 3.5201542170895643
decision_type=2 2 2 2 2 2 2 2 2 2 2 2 2 2
left_child=1 5 -3 -4 -2 -1 7 11 9 -9 -10 -7 13 -8
right_child=4 2 3 -5 -6 6 12 8 10 -11 -12 -13 -14 -15
leaf_value=0.0060798546189587367 -0.0060536907115578374 0.01188542466799815 -0.036610931531722055 -0.0072542343615156213 0.025034573327999927 -0.048842231243109956 0.043866978489113632 0.00070733578532870681 -0.037678313088626042 0.043259561075483857 -0.00053237345077822718 -0.012561176292704583 -0.00077610013392142262 0.0022841746894507009
leaf_weight=93.520330157130957 8.8772810027003306 7.0841351673007038 9.1441865563392657 11.878453921526669 7.7172614559531203 5.5623042583465567 5.3095168694853809 9.2758563999086636 7.5588602870702726 5.6477145142853251 5.3095261827111244 8.8441555202007276 278.12315010372549 19.294327922165394
leaf_count=602 49 39 62 79 41 60 46 75 63 37 35 73 2580 159
internal_value=-8.84043e-06 -0.000348023 -0.0126681 -0.0211061 0.009005 0.000468793 -0.00106572 -0.0109997 -0.00107658 0.0185163 -0.0234953 -0.0288302 0.000350669 0.0126206
internal_weight=483.147 466.553 28.1068 21.0226 16.5945 438.446 344.925 42.1984 27.792 14.9236 12.8684 14.4065 302.727 24.6038
internal_count=4000 3910 180 141 90 3730 3128 343 210 112 98 133 2785 205
is_linear=0
shrinkage=0.05


Tree=168
num_leaves=15
num_cat=0
split_feature=2 2 2 0 7 1 6 10 7 3 2 0 8 0
split_gain=0.594012 0.897852 3.77841 2.29579 4.30289 4.03047 4.07244 2.25068 1.78149 1.77073 1.53128 4.34835 4.44712 2.99553
threshold=0.61395057884154125 0.94315529986451396 1.0788986063274091 1.5038700928575306 0.80310331809983515 0.083788213414799848 6.4961969933198036 52.872579687913579 1.1489653787688545 0.053934528407330123 1.4335117716696981 0.84324470019726372 1.1527987886736428 0.76549860932241842
decision_type=2 2 2 2 2 2 2 2 2 2 2 2 2 2
left_child=-1 3 8 5 -5 6 7 -2 -3 -6 -4 13 -13 -12
right_child=1 2 10 4 9 -7 -8 -9 -10 -11 11 12 -14 -15
leaf_value=-0.013102315355567063 0.044242233890255049 -0.0081445385688010442 0.0078682181015214802 -0.041054167656711327 0.023348787541476037 0.054998194875673173 -0.026912644612031592 0.0027524782239952534 -0.042803256086016601 -0.010079425147108972 -0.00043592630260686497 0.0078141473633438676 -0.041326494827038408 0.023074990821102676
leaf_weight=7.514366900548338 4.9540984071791225 8.8376101488247496 58.714935902506113 5.0108123179525164 8.0038978289812786 4.5370923690497866 5.538111735135316 7.5652791727334261 6.2337901797145596 6.2909323647618285 328.18787357583642 6.7977334540337351 11.666272971779106 13.130033183842896
leaf_count=80 34 96 560 54 62 38 57 69 80 54 2526 60 118 112
internal_value=-1.21663e-05 0.000221777 -0.000459936 0.00712219 -0.00541855 0.017613 0.00582661 0.0212287 -0.0242513 0.00894039 0.000452635 -0.000776013 -0.0237628 0.000533273
internal_weight=482.983 475.468 433.568 41.9002 19.3056 22.5946 18.0575 12.5194 15.0714 14.2948 418.497 359.782 18.464 341.318
internal_count=4000 3920 3552 368 170 198 160 103 176 116 3376 2816 178 2638
is_linear=0
shrinkage=0.05


Tree=169
num_leaves=15
num_cat=0
split_feature=4 4 7 4 4 10 10 10 10 5 1 7 7 7
split_gain=0.590585 1.80094 3.19002 1.18394 2.79583 0.803607 4.77488 3.6744 2.59392 2.38775 2.36411 2.36817 4.53702 3.75024
threshold=0.92068019695446679 0.69876428824431691 1.5741390624636735 0.62513257455451332 0.58888992658754646 68.224282213779205 66.627728531877963 66.289626812347592 69.148023081782057 0.64189846462884315 0.038253358282624363 1.1403319373746139 0.92921305903206086 0.77319653522367793
decision_type=2 2 2 2 2 2 2 2 2 2 2 2 2 2
left_child=1 3 -3 4 5 6 7 -1 -7 -8 -10 12 13 -12
right_child=-2 2 -4 -5 -6 8 9 -9 10 -11 11 -13 -14 -15
leaf_value=-0.00034130055299600397 0.01201650669626007 -0.045375775258075186 0.010474651137568982 0.01926091769688007 -0.033834404501293228 0.028560211301080871 -0.040430544860074719 0.036360055005314515 0.021197555142905337 0.00033678672884094587 0.007168422362322107 -0.0088227181942021719 0.034980708338038229 -0.034109715358202661
leaf_weight=324.85403901897371 8.9872255474328977 4.802282525226472 4.0174270980060101 6.9883724888786665 5.0804022680968037 8.8279911987483484 10.079480549320577 5.9655656069517127 12.314706116914747 5.2903385907411566 22.02459025382996 47.401333652436733 9.9879393577575666 6.2381069008260956
leaf_count=2732 60 80 40 75 60 67 99 41 94 41 162 325 70 54
internal_value=-1.63939e-05 -0.000269428 -0.0214596 0.000177627 -0.000154837 0.000296589 -0.00087496 0.000428107 0.00406721 -0.0272349 0.00159381 -0.00143684 0.00770755 -0.00279673
internal_weight=482.86 473.873 8.81971 465.053 458.064 452.984 346.189 330.82 106.795 15.3698 97.9667 85.652 38.2506 28.2627
internal_count=4000 3940 120 3820 3745 3685 2913 2773 772 140 705 611 286 216
is_linear=0
shrinkage=0.05


Tree=170
num_leaves=15
num_cat=0
split_feature=9 5 0 10 2 8 8 9 8 8 10 7 4 7
split_gain=0.583221 1.68252 1.81221 1.91128 1.02296 0.997811 1.33274 1.57061 1.52415 1.61144 2.73456 2.0656 3.23655 1.62628
threshold=0.061603066026959745 0.6710894034572773 0.85474613348156481 60.904518304850434 4.3764568920209204 0.40004389145004449 0.48726397559657531 0.20759402094170512 0.51919475505003632 0.57852658047271222 55.397378034451883 0.46336534471684115 0.21480742512458567 0.61292793612556629
decision_type=2 2 2 2 2 2 2 2 2 2 2 2 2 2
left_child=1 2 3 4 -1 -2 7 -7 -8 10 -10 12 -11 -13
right_child=5 -3 -4 -5 -6 6 8 -9 9 11 -12 13 -14 -15
leaf_value=-0.028385599248930405 -0.017783179404388248 -0.033983903958190169 -0.026232766764346077 0.023313224383773437 0.0066960462426119876 -0.0054967222412961696 -0.0219420198672544 0.025310809369383999 -0.0091523340918566298 -0.046396102207714771 0.033061487407092326 0.012654204910229514 0.0033222311416545736 -0.00026389606224858146
leaf_weight=3.0727828089147859 6.4448848422616711 3.8360928334295741 4.2411168944090596 7.804017374292016 3.6219850182533264 6.0433184206485775 6.6835334599018088 10.305765405297278 5.8332838863134375 5.0581903606653196 8.5234717708080989 25.03323588706553 6.8523610755801201 379.3074306556955
leaf_count=53 56 60 69 61 29 53 60 64 51 39 67 218 60 3060
internal_value=-1.73506e-05 -0.0076878 -0.000856049 0.00778065 -0.0110022 0.000374889 0.000671408 0.0142626 0.000131891 0.000524547 0.0164305 -6.21227e-05 -0.0197504 0.000565125
internal_weight=482.661 22.576 18.7399 14.4988 6.69477 460.085 453.641 16.3491 437.292 430.608 14.3568 416.251 11.9106 404.341
internal_count=4000 272 212 143 82 3728 3672 117 3555 3495 118 3377 99 3278
is_linear=0
shrinkage=0.05


Tree=171
num_leaves=15
num_cat=0
split_feature=1 1 5 10 6 8 8 6 13 4 4 1 10 4
split_gain=0.590471 1.76769 0.938245 2.08809 1.07405 2.64861 3.6455 1.76487 1.53473 1.46712 1.9978 2.83683 2.67829 2.21475
threshold=0.0098301905561361414 0.013872987453792332 0.89173233703157118 58.246574369198136 2.0182628956115458 1.379565720169551 0.98642072434909689 2.1468864796869012 1.0000000180025095e-35 0.92068019695446679 0.51816456911689535 0.097633257861878167 60.118817472513271 0.47628202024336125
decision_type=2 2 2 2 2 2 2 2 2 2 2 2 2 2
left_child=-1 -2 4 -4 5 6 -3 -6 -7 10 13 12 -12 -9
right_child=1 2 3 -5 7 8 -8 9 -10 -11 11 -13 -14 -15
leaf_value=-0.013782013346750317 0.025578026393477827 -0.013925233131264099 0.023691938378433409 -0.0072706810907049967 0.025804302272775984 -0.040648091507008127 0.033263273717603202 -0.00045732983379416481 -0.010247441216167432 0.020198434363061693 0.016303357926138653 -0.032454300438445015 -0.020415432774919348 0.02257418159233136
leaf_weight=6.6783387195318928 5.7615839317440978 8.6225537918508035 11.20103554800153 9.16843109205365 5.5495809689164153 5.7260771282017258 6.1785978302359572 364.21820522099733 13.54596161842346 7.502968654036521 9.7082518199458772 10.688524492084978 8.2627136893570405 9.745230730623005
leaf_count=64 48 93 65 63 44 77 55 2915 95 50 94 150 97 90
internal_value=-2.68532e-05 0.000194678 -0.000170042 0.0100674 -0.00065501 -0.00905745 0.00663163 5.38282e-05 -0.0208396 -0.000356529 -0.00078867 -0.0132796 -0.000765477 0.000201459
internal_weight=482.558 475.88 470.118 20.3695 449.749 34.0732 14.8012 415.675 19.272 410.126 402.623 28.6595 17.971 373.963
internal_count=4000 3936 3888 128 3760 320 148 3440 172 3396 3346 341 191 3005
is_linear=0
shrinkage=0.05


Tree=172
num_leaves=15
num_cat=0
split_feature=3 3 3 3 10 10 9 3 9 4 3 7 3 3
split_gain=0.581463 2.49281 4.85791 2.42392 4.3662 4.99042 2.9626 2.34154 4.03386 2.63497 2.34783 3.02334 2.26105 2.18066
threshold=0.18112314914621266 0.159213648945641 0.15211084356278823 0.20991828518833858 66.627728531877963 57.959342570353549 0.20199366347896694 0.24820754929980163 0.15815716826102014 0.24579723683662816 0.27761216685388862 1.2505389705781182 0.14818505519784306 0.14362343884862686
decision_type=2 2 2 2 2 2 2 2 2 2 2 2 2 2
left_child=1 2 12 4 5 6 -2 8 -5 -10 11 -9 13 -1
right_child=3 -3 -4 7 -6 -7 -8 10 9 -11 -12 -13 -14 -15
leaf_value=-0.0018426221898694521 0.029318833841014486 -0.018165899797839374 0.032482897992894576 0.014518512700810525 -0.017264599896756921 0.053797552519686404 -0.018667605292705409 0.033186731651494099 -0.037472291469107542 0.0040598951901435571 -8.1706870364943102e-05 -0.004949102739726343 -0.030743579816499857 0.026545359612415151
leaf_weight=204.614541628398 5.028781916946178 20.08137212600559 9.8381113857030851 8.0137548893690127 6.6878835186362258 8.5678487848490459 5.9241909198462963 11.611256413161756 13.125290904194118 4.9847814291715613 163.87609022110701 8.4486963264644128 5.552648101001977 5.9960925839841357
leaf_count=1968 47 192 80 62 59 66 52 82 106 40 1088 62 48 48
internal_value=-2.45582e-05 -0.00172216 -0.000187465 0.00174337 0.0157853 0.0273978 0.00397381 -7.5101e-05 -0.0137939 -0.0264263 0.00193738 0.0176526 -0.0018171 -0.00091279
internal_weight=482.351 246.083 226.001 236.269 26.2087 19.5208 10.953 210.06 26.1238 18.1101 183.936 20.06 216.163 210.611
internal_count=4000 2336 2144 1664 224 165 99 1440 208 146 1232 144 2064 2016
is_linear=0
shrinkage=0.05


Tree=173
num_leaves=15
num_cat=0
split_feature=8 7 7 6 7 8 6 1 10 5 6 8 0 6
split_gain=0.591707 4.14551 3.6237 2.98931 2.79638 2.75923 2.52196 2.56132 5.53595 4.32084 2.90252 3.5221 2.92558 3.44584
threshold=1.0871034161698543 0.98914883206733639 0.82489495591642736 9.5305083166596365 0.90124515453082876 1.1596579767817559 8.8783165046173274 0.092135578153052913 47.529567571429055 0.65486608693327286 5.7904713385141102 0.72090146827104828 0.50375146154095074 3.9353759096663476
decision_type=2 2 2 2 2 2 2 2 2 2 2 2 2 2
left_child=1 3 -2 6 -4 -6 7 8 9 -1 12 -12 13 -10
right_child=2 -3 4 -5 5 -7 -8 -9 10 -11 11 -13 -14 -15
leaf_value=0.047219476345977923 0.030157786891130779 -0.036185588149343716 -0.024656901859062538 0.016131148655991794 0.025663995318406848 0.00020755023017165618 -0.033128220984827594 -0.0094554479677416755 -0.016439236310838365 -0.0081825651701017254 0.030115546230479202 -0.012853962129793936 -0.025574200524720647 0.027894396853315219
leaf_weight=10.354168213903902 9.4605235457420331 7.6445115171372882 9.8886107727885229 21.790240222588181 10.045304551720617 293.96794467419386 5.8094551973044863 57.717805420979857 8.7738157995045167 4.7195822633802882 10.486317589879038 7.3964084461331359 17.143299324437976 6.9678916819393626
leaf_count=86 74 73 88 156 77 2332 47 539 78 39 84 78 199 50
internal_value=-1.94062e-05 -0.00250965 0.00120752 -0.000579945 0.000242005 0.00113007 -0.00349682 -0.00184885 0.00486093 0.0304432 -0.00317621 0.0126036 -0.0118759 0.00367857
internal_weight=482.166 158.803 323.362 151.159 313.902 304.013 129.369 123.559 65.8415 15.0738 50.7677 17.8827 32.885 15.7417
internal_count=4000 1429 2571 1356 2497 2409 1200 1153 614 125 489 162 327 128
is_linear=0
shrinkage=0.05


Tree=174
num_leaves=15
num_cat=0
split_feature=10 6 1 6 2 4 0 10 9 9 0 0 12 4
split_gain=0.610403 2.06377 5.20649 4.03063 3.54317 4.29873 2.37649 1.35977 1.52425 2.31691 1.81833 1.67661 1.43516 2.0389
threshold=41.311665397692572 5.8264346697511433 0.10224914083683496 8.4846579538102755 4.641310447328574 0.25510594147764459 0.49588735407994106 41.871975660876984 0.56966829355115245 0.49403275900633642 0.6124523098599931 0.37382901664790397 1.0000000180025095e-35 0.084068063882934849
decision_type=2 2 2 2 2 2 2 2 2 2 2 2 2 2
left_child=1 2 4 6 5 -1 -3 -2 9 12 -10 -11 -9 -14
right_child=7 3 -4 -5 -6 -7 -8 8 10 11 -12 -13 13 -15
leaf_value=-0.040943673382266253 0.025994364261386651 -0.0034985722102185944 -0.04345719893989955 -0.019638580450311478 0.034795584689072151 0.019178350522097154 0.038367024309432153 -0.00065336035556570445 0.030802345170156405 0.003575463498160179 -0.00474384937970369 -0.034529371435430757 0.030376280237138682 0.0033022689078594583
leaf_weight=5.36760261654854 4.1918968297541133 5.2651936039328593 8.9038288686424476 8.6162025630474073 4.7605111487209788 4.7434713840484619 7.788945185020566 366.17646882776171 7.6371106430888158 4.1584765687584859 5.763158680871129 7.3071076441556215 7.8913097307085982 33.365621322765946
leaf_count=57 32 45 96 74 28 46 70 3077 42 28 46 78 41 240
internal_value=-2.04615e-05 -0.00547041 -0.0153586 0.00557724 0.00314257 -0.0135507 0.0224337 0.000558173 0.000252102 -0.000297034 0.0162469 -0.0215309 0.000351761 0.00907708
internal_weight=481.937 45.4458 23.7754 21.6703 14.8716 10.1111 13.0541 436.491 432.299 418.899 13.4003 11.4656 407.433 41.2569
internal_count=4000 416 227 189 131 103 115 3584 3552 3464 88 106 3358 281
is_linear=0
shrinkage=0.05


Tree=175
num_leaves=15
num_cat=0
split_feature=6 6 10 8 0 0 7 7 5 9 7 6 0 4
split_gain=0.597436 4.26407 5.08156 2.59687 2.69638 2.72624 2.45645 2.07878 3.76526 2.80825 2.48855 2.28875 3.03875 3.28889
threshold=4.535789558713887 4.3300878521033379 56.76224594811751 0.75367431448854461 0.17804805946024069 1.1376971156152698 2.8050116308930746 2.4600156740595276 0.40934444745950999 0.18062754085207136 2.3250968215279491 7.2802261505247978 0.91276996423765577 0.23320116840675734
decision_type=2 2 2 2 2 2 2 2 2 2 2 2 2 2
left_child=1 3 -3 4 -1 -6 -5 10 -9 -10 11 -2 13 -13
right_child=7 2 -4 6 5 -7 -8 8 9 -11 -12 12 -14 -15
leaf_value=0.021540040749766592 -0.0069560599984442159 -0.010233453677516942 0.042276729535135553 0.0038489631504096708 -0.027205655818409474 0.013186116163868118 -0.023018376657487044 -0.016023097836540628 0.041532259931341693 0.0057176097792572727 -0.029879227490283169 0.0014864644633928916 -0.011638973850232708 0.02269709647507212
leaf_weight=3.8120202347636249 120.46788210701197 6.5996984504163292 12.0946157425642 144.92595084942877 20.701919214800004 4.5304250773042432 8.0423138812184316 8.7079513594508189 8.8665656372904795 13.148903697729109 7.344670880585908 71.174755487591028 27.522828230634332 23.664551425725222
leaf_count=22 1145 52 68 1181 221 53 48 59 44 78 54 490 285 200
internal_value=-1.76312e-05 0.00205998 0.0241606 -0.000329566 -0.0137743 -0.0197272 0.00229608 -0.00150416 0.010564 0.0213195 -0.00302239 -0.00209086 0.00271657 0.0069606
internal_weight=481.605 200.707 18.6943 182.013 29.0444 25.2323 152.968 280.898 30.7234 22.0155 250.175 242.83 122.362 94.8393
internal_count=4000 1645 120 1525 296 274 1229 2355 181 122 2174 2120 975 690
is_linear=0
shrinkage=0.05


Tree=176
num_leaves=15
num_cat=0
split_feature=1 6 1 1 6 8 6 8 2 10 10 7 6 4
split_gain=0.624506 2.06266 4.48268 4.93795 3.86838 4.04714 3.05135 4.3072 5.56027 2.88737 3.35078 2.67441 2.77554 2.67072
threshold=0.062649582790866437 5.528285349908912 0.049176424854554431 0.043131314684085521 4.5906523252314022 1.5759031698248289 2.6944849954105585 1.9189359541316058 2.6767573411631003 47.529567571429055 54.317428829508934 0.59653492839600752 3.558339385128273 0.12653129736254584
decision_type=2 2 2 2 2 2 2 2 2 2 2 2 2 2
left_child=1 4 3 13 5 9 -7 -8 -9 -1 -11 -12 -13 -3
right_child=-2 2 -4 -5 -6 6 7 8 -10 10 11 12 -14 -15
leaf_value=0.012392550327766738 0.0011784207624664922 -0.016106340789832425 -0.015415955016902747 0.04320555171537456 -0.029470226104202576 -0.011210487446951085 0.051193931486710025 -0.027594826961727648 0.032300870825227972 -0.050586695315267605 0.014068709630983956 -0.03704737978859822 0.0055501669027968777 0.012526305028850139
leaf_weight=7.6391344703733912 334.15813012700528 10.851396810263394 19.881979310885072 9.2201852835714799 15.704235073179005 9.9194526709616202 6.7847002036869553 6.3743060082197172 7.1852605007588863 6.256918208673599 6.7899606507271555 9.5495694894343597 5.6328608542680731 25.202921314164996
leaf_count=65 2688 83 173 72 163 89 48 52 45 67 65 101 48 241
internal_value=-1.61298e-05 -0.00272131 0.00388467 0.0125104 -0.00796426 -0.00249438 0.0107798 0.0215246 0.0041827 -0.0136829 -0.0209218 -0.01064 -0.0218768 0.00370654
internal_weight=481.151 146.993 65.1565 45.2745 81.8364 66.1322 30.2637 20.3443 13.5596 35.8684 28.2293 21.9724 15.1824 36.0543
internal_count=4000 1312 569 396 743 580 234 145 97 346 281 214 149 324
is_linear=0
shrinkage=0.05


Tree=177
num_leaves=15
num_cat=0
split_feature=1 6 1 1 6 8 0 0 7 3 3 8 8 8
split_gain=0.569624 1.88957 4.06715 4.37408 3.60297 3.71858 3.33626 3.48903 5.31882 3.16284 6.16031 3.77488 2.80512 2.75718
threshold=0.062649582790866437 5.528285349908912 0.049176424854554431 0.043131314684085521 4.5906523252314022 1.5759031698248289 0.87507430139612163 0.23307211835903449 1.5831420873608031 0.057125276128330675 0.028137717366172776 2.0678471983292375 1.17964482892459 1.0568469310380284
decision_type=2 2 2 2 2 2 2 2 2 2 2 2 2 2
left_child=1 4 3 9 5 13 7 -7 -9 10 -3 -11 -12 -1
right_child=-2 2 -4 -5 -6 6 -8 8 -10 11 12 -13 -14 -15
leaf_value=-0.0025680764748748186 0.0011189327682502527 -0.012414262234968979 -0.014817794166082712 0.040359226525042077 -0.02864536035747996 -0.011058228445178141 -0.01808152036298781 0.063747277452813125 0.0074313989757953227 -0.029322159322188863 0.063794782570576081 0.01829434030677974 0.011572047412397401 -0.0311449881145217
leaf_weight=23.022907517850399 334.37485788017511 9.4192234836518782 19.695560993626714 9.4415189865976554 15.385634658858178 6.3635990247130456 7.063323598355054 6.256295025348666 10.663267616182564 10.499204333871605 5.3015694674104434 5.6850169301033011 5.2580720838159323 12.513610433787106
leaf_count=223 2688 93 173 72 163 41 61 49 83 96 46 37 52 123
internal_value=-2.01723e-05 -0.00260884 0.00369448 0.0118359 -0.00765697 -0.00240055 0.0102729 0.019265 0.0306505 0.00350335 0.0164489 -0.0125047 0.0410416 -0.013208
internal_weight=480.944 146.569 65.3002 45.6046 81.2686 65.883 30.3465 23.2832 16.9196 36.1631 19.9789 16.1842 10.5596 35.5365
internal_count=4000 1312 569 396 743 580 234 173 132 324 191 133 98 346
is_linear=0
shrinkage=0.05


Tree=178
num_leaves=15
num_cat=0
split_feature=2 2 4 6 7 4 1 1 1 12 1 4 4 1
split_gain=0.57169 0.91227 1.49456 2.80287 1.91221 1.43796 1.31387 5.83948 2.24088 1.869 3.04631 2.29018 2.36987 4.04471
threshold=0.61395057884154125 0.76280342476506224 0.51816456911689535 3.0518821949202768 0.54108661697838134 0.49121074195922831 0.073803703022312622 0.077180656345288742 0.079679891801384906 1.0000000180025095e-35 0.10868500035014822 0.44905903591933433 0.26804840863744123 0.11511484683754712
decision_type=2 2 2 2 2 2 2 2 2 2 2 2 2 2
left_child=-1 -2 5 -4 -5 6 -3 -8 -9 11 -11 12 -10 -14
right_child=1 2 3 4 -6 -7 7 8 9 10 -12 -13 13 -15
leaf_value=-0.012917485025632121 0.011667409458057845 -0.0034829774361991406 0.013911883712379284 0.011273900369085051 -0.028714455008322433 0.021067358832122633 0.038296040335239805 -0.026683517926759381 -0.0021180679779140617 0.032948552712783866 0.00038736595217926694 -0.027828485731056587 0.026496053527198884 -0.0016439003507657144
leaf_weight=7.4370459578931323 15.768748410046099 159.40820741280913 6.9299104455858496 3.0954558327794102 15.229656132869421 7.3317557647824279 9.7782674059271795 6.2513178512454024 162.84028821624815 10.842954330146314 18.317331325262785 6.1975788678973904 20.892856013029814 30.383040506392717
leaf_count=80 128 1390 64 37 198 59 71 53 1223 60 115 63 184 275
internal_value=-1.64315e-05 0.000213108 -0.000206277 -0.0117895 -0.0217258 0.000496156 9.25739e-05 0.00224435 0.000722023 0.00151254 0.0131859 -8.5123e-05 0.000843539 0.0101095
internal_weight=480.704 473.267 457.499 25.255 18.3251 432.244 424.912 265.504 255.725 249.474 29.1603 220.314 214.116 51.2759
internal_count=4000 3920 3792 299 235 3493 3434 2044 1973 1920 175 1745 1682 459
is_linear=0
shrinkage=0.05


Tree=179
num_leaves=15
num_cat=0
split_feature=10 10 1 10 3 5 4 4 2 3 3 10 7 5
split_gain=0.575668 0.960671 2.3426 2.13086 2.27603 1.93798 1.69368 3.72865 3.78007 2.97411 2.5942 1.34805 4.72581 4.23301
threshold=85.54697153277364 70.703827706972476 0.15779553667172871 72.171840181214165 0.056057188568363531 0.53639232753982979 0.35357350501508916 0.12778272803771148 5.3867773742427092 0.16400875552691405 0.10392078779925515 60.118817472513271 0.91623809758398422 0.22939449293940681
decision_type=2 2 2 2 2 2 2 2 2 2 2 2 2 2
left_child=1 11 3 -3 5 -5 7 8 -6 10 -9 -1 13 -13
right_child=-2 2 -4 4 6 -7 -8 9 -10 -11 -12 12 -14 -15
leaf_value=0.0012335052557392037 -0.012338034653473285 0.029942469505492175 -0.014984983781363309 0.0062495368232000047 0.03888254699985931 -0.035652419580526014 0.029250206573102629 -0.017701548335013754 -0.0024436511311600028 -0.037884582793793392 0.023291005494986364 0.016458699686933736 0.0013320671479040268 -0.026863423483130557
leaf_weight=267.6801529256627 8.2904602997004968 9.2074430584907514 11.24006239697337 4.7752130478620511 10.513239905238153 4.8056020364165306 7.9116565641015759 6.8391306139528769 10.439259395003317 5.7167091630399218 6.6180538386106491 6.1124703884124747 88.744775512255728 31.580152150243521
leaf_count=2288 67 71 80 44 58 41 74 53 54 47 48 55 707 313
internal_value=-1.22549e-05 0.000229774 0.00526031 0.00883626 0.00501024 -0.0161511 0.00947399 0.00495833 0.019119 -0.0106966 0.00267461 -0.00077746 -0.00501114 -0.0195942
internal_weight=480.474 472.184 78.0664 66.8263 57.6189 9.58082 48.038 40.1264 20.9525 19.1739 13.4572 394.118 126.437 37.6926
internal_count=4000 3933 570 490 419 85 334 260 112 148 101 3363 1075 368
is_linear=0
shrinkage=0.05


Tree=180
num_leaves=15
num_cat=0
split_feature=11 1 1 5 5 1 9 7 1 5 5 5 7 7
split_gain=0.573183 1.63964 3.41025 3.15289 3.01835 3.55651 5.84604 3.36399 2.63477 1.76023 1.91429 7.07809 3.41703 4.27123
threshold=1.0000000180025095e-35 0.052565965574324476 0.041324106987320849 0.6575559742597662 0.53328999583754688 0.033898318657006078 0.21237812679318413 1.5669900968494939 0.056078946136468473 0.11057505705764713 0.58147815256776947 0.71153139227885143 1.7859866000801241 2.3250968215279491
decision_type=2 2 2 2 2 2 2 2 2 2 2 2 2 2
left_child=-1 2 4 -4 5 6 -2 -6 -3 -10 12 -12 -11 -14
right_child=1 8 3 -5 7 -7 -8 -9 9 10 11 -13 13 -15
leaf_value=-0.0015243463385207568 0.035111016193740935 0.034292457130005019 -0.043998285168583534 0.0055935668584605166 -0.026895948804779791 0.048604464303436422 -0.030980860491802251 0.017602544892386014 0.027278585215362777 -0.0085848255807193883 0.027011496972320356 -0.0066205920404281667 0.031011879522775787 -0.01196635400059943
leaf_weight=271.81028247624636 5.4295744542032498 6.0252266079187384 8.2475400511175376 4.5909494850784531 11.422239711508157 4.9214154258370391 5.9766259714961052 5.6160246990621081 6.1049748212099066 66.34890254586935 27.312431178055704 34.277259200811386 13.115478105843069 9.0724588222801668
leaf_count=2365 48 45 81 36 100 38 61 42 41 566 193 239 91 54
internal_value=-1.39748e-05 0.00195326 -0.00626716 -0.0271419 0.00232106 0.0171642 0.000774372 -0.012066 0.00431816 0.00295142 0.00178819 0.0084871 -0.00291457 0.0136803
internal_weight=480.271 208.461 46.2044 12.8385 33.3659 16.3276 11.4062 17.0383 162.257 156.232 150.127 61.5897 88.5368 22.1879
internal_count=4000 1635 406 117 289 147 109 142 1229 1184 1143 432 711 145
is_linear=0
shrinkage=0.05


Tree=181
num_leaves=15
num_cat=0
split_feature=5 9 9 5 1 5 5 2 9 9 3 3 3 10
split_gain=0.584711 3.5132 3.8436 3.43015 2.55519 1.28447 1.55243 1.26635 1.28033 3.17461 3.88317 3.32374 2.90131 3.87309
threshold=0.14478601744369324 0.22906211340476709 0.30003284421512499 0.15382141666967319 0.10224914083683496 0.1850085801896342 0.19990540758270112 0.61395057884154125 0.27393766491923949 0.18664407644107947 0.7490523764613507 0.60280869046578822 0.35144321839449483 53.85666334228948
decision_type=2 2 2 2 2 2 2 2 2 2 2 2 2 2
left_child=1 -1 -3 -2 -4 -5 -7 -8 9 10 11 -9 -11 -14
right_child=3 2 4 5 -6 6 7 8 -10 12 -12 -13 13 -15
leaf_value=-0.030288853921844428 0.042175888442796482 0.038811783887152396 -0.030356304748510005 -0.016343257099033042 0.015248837306910882 0.022777651803712495 -0.020307438544390238 0.0030558596998127444 0.0036159899758684264 -0.014877597681172439 -0.021278476428462745 0.037986558616046863 0.024644523880524391 -0.01355836620939096
leaf_weight=9.1650567855685967 3.8631903938949099 5.1244922354817382 5.8118701875209791 10.769817365333436 4.7510251738131046 6.6120326444506636 6.5437468141317359 140.45701362937689 176.09252957813442 65.155734467320144 14.846333242952822 6.1749918460845938 11.846335861831905 12.792456358671187
leaf_count=97 32 41 54 96 32 48 71 1238 1334 651 97 38 78 93
internal_value=-6.18424e-06 -0.00732125 0.00710811 0.000408409 -0.010299 -4.15923e-05 0.000393062 3.7042e-07 0.000358001 -0.00193049 0.0022627 0.00477421 -0.00941301 0.0050544
internal_weight=480.007 24.8524 15.6874 455.154 10.5629 451.291 440.521 433.909 427.365 251.273 161.478 146.632 89.7945 24.6388
internal_count=4000 224 127 3776 86 3744 3648 3600 3529 2195 1373 1276 822 171
is_linear=0
shrinkage=0.05


Tree=182
num_leaves=15
num_cat=0
split_feature=3 3 1 2 1 6 10 13 10 2 6 3 3 5
split_gain=0.58776 1.67588 2.21426 1.68762 3.34793 3.34648 3.15799 1.7523 3.37741 3.02851 3.64712 3.11787 4.65041 3.47259
threshold=1.4965475861500288 0.7490523764613507 0.099268280741344486 6.314440056051513 0.083788213414799848 6.2878161462319033 55.526079525770243 3.0000000000000004 41.591186513335451 5.0044732016476594 6.8783855509692531 0.25972064368768172 0.27761216685388862 0.30014705869353103
decision_type=2 2 2 2 2 2 2 2 2 2 2 2 2 2
left_child=1 3 -3 7 5 6 -5 9 -9 11 -11 -1 -13 -14
right_child=-2 2 -4 4 -6 -7 -8 8 -10 10 -12 12 13 -15
leaf_value=-0.0037871459327158403 0.0089930568654375369 0.010913043229004493 -0.02011431900228202 0.035315089219390458 0.032079127330429773 -0.027862742940528692 -0.01139261845331278 -0.023394218153334635 0.0077104569754657959 -0.033622406776683711 0.0056780665742965121 0.037825791134101547 0.026990206753336111 -0.0041423006149589143
leaf_weight=211.84545282181352 16.493496499955654 7.110921390354636 20.588403083384037 6.5822693407535606 11.201416321098803 6.6032014340162268 6.2120021432638168 8.5977673418819887 98.43976366892457 14.820998430252077 9.0105161778628808 10.369175016880034 10.35538215562701 41.547142578288913
leaf_count=2201 90 39 141 39 65 41 42 78 628 122 55 71 74 314
internal_value=-4.00417e-06 -0.00034299 -0.0120463 0.000427124 0.0115564 -0.00128649 0.0134552 -0.000440147 0.00501857 -0.00241141 -0.0191329 -0.000893393 0.00885529 0.00246191
internal_weight=479.778 463.284 27.6993 435.585 30.5989 19.3975 12.7943 404.986 107.038 297.949 23.8315 274.117 62.2717 51.9025
internal_count=4000 3910 180 3730 187 122 81 3543 706 2837 177 2660 459 388
is_linear=0
shrinkage=0.05


Tree=183
num_leaves=15
num_cat=0
split_feature=1 5 9 10 5 5 8 5 6 6 0 1 1 7
split_gain=0.591626 0.756075 3.38539 2.9615 2.40605 2.39704 1.71689 1.37441 1.16585 4.0119 2.6357 2.97803 3.20523 3.76019
threshold=0.27226951496038126 0.14478601744369324 0.22906211340476709 56.595831365512062 0.16325625146210107 0.1850085801896342 1.17964482892459 0.19990540758270112 4.4886073998565683 4.3300878521033379 0.17343721503563678 0.2212909930567698 0.040312712225691071 0.54803382961656177
decision_type=2 2 2 2 2 2 2 2 2 2 2 2 2 2
left_child=1 2 6 -4 -3 -6 -1 -7 9 10 -9 12 -12 -14
right_child=-2 4 3 -5 5 7 -8 8 -10 -11 11 -13 13 -15
leaf_value=-0.0048479604115393852 0.013763055269131269 0.025893849125274499 -0.020022470532354984 0.022031581518504231 -0.028200451461683596 0.021141317404033438 -0.049684538799068922 0.017701067729187555 -0.0023257323347419282 0.028378457999646924 -0.017007033095453646 -0.036163706922078598 -0.021967785240397886 0.0064564752286348564
leaf_weight=3.7975888568907994 6.6815964058041564 7.9616456832736722 6.0352521166205397 9.4335104376077634 6.5533646978437892 6.7038017585873595 4.6911974139511585 19.016936831176281 253.60302325244993 13.275569200515745 22.453073075041175 4.9958569407463065 12.132651519030331 102.0538623817265
leaf_count=46 45 64 51 75 63 48 48 110 2129 80 215 44 132 850
internal_value=-1.90329e-06 -0.000225111 -0.00869554 0.00540439 0.000245432 -0.0002754 -0.032251 0.000209863 -0.000166916 0.00297614 0.00071444 -0.00167441 -0.000159821 0.00327182
internal_weight=479.389 472.707 23.9575 15.4688 448.75 440.788 8.48879 434.235 427.531 173.928 160.652 141.635 136.64 114.187
internal_count=4000 3955 220 126 3735 3671 94 3608 3560 1431 1351 1241 1197 982
is_linear=0
shrinkage=0.05


Tree=184
num_leaves=15
num_cat=0
split_feature=10 10 1 11 2 10 6 8 8 3 4 1 1 7
split_gain=0.543876 0.890716 2.17464 1.99064 4.07638 2.17843 3.00873 2.12287 3.26654 2.04956 1.42652 1.36931 4.54977 3.70319
threshold=85.54697153277364 70.703827706972476 0.15779553667172871 1.0000000180025095e-35 1.0145998620106689 73.020536818829953 5.3730918645944561 1.444164243819954 1.0219147159143833 0.14818505519784306 0.16974500422112268 0.16541892642636 0.17357279394943831 2.2610308619429449
decision_type=2 2 2 2 2 2 2 2 2 2 2 2 2 2
left_child=1 11 3 4 -3 -5 -7 8 10 -9 -6 -1 -13 -14
right_child=-2 2 -4 5 7 6 -8 9 -10 -11 -12 12 13 -15
leaf_value=-0.0020928861679582887 -0.01201163989085099 -0.035276841905612089 -0.014526676013361793 0.041651747983741723 -0.015604616532989042 0.026520956874224247 -0.009320389284321242 0.012391184549625529 0.045003812743507551 -0.021001922616920875 0.018942750923545238 0.035999467697979154 -0.0044291704949405621 0.033428629171887186
leaf_weight=325.35346342995763 8.2559718731790763 5.5069745350629082 11.133727781474589 6.5636603347957161 5.1789653077721614 11.3743795119226 10.373761121183632 8.1495553180575389 6.5070284381508818 8.3068581596016866 4.7903432883322239 9.4819179251790029 51.778859602287412 6.3604773916304103
leaf_count=2851 67 61 80 45 33 74 70 62 44 53 48 66 413 33
internal_value=-8.63768e-06 0.000226831 0.00507605 0.00851181 0.00100092 0.0183275 0.00976662 0.00792808 0.0200906 -0.00470246 0.00120925 -0.0007447 0.00567794 0.000207715
internal_weight=479.116 470.86 77.8853 66.7515 38.4397 28.3118 21.7481 32.9328 16.4763 16.4564 9.96931 392.975 67.6213 58.1393
internal_count=4000 3933 570 490 301 189 144 240 125 115 81 3363 512 446
is_linear=0
shrinkage=0.05


Tree=185
num_leaves=15
num_cat=0
split_feature=9 5 0 9 3 8 8 3 8 8 4 3 4 1
split_gain=0.567554 1.56238 1.65158 1.60467 3.43055 0.850241 1.28604 1.85046 1.31024 1.58933 1.89537 1.83284 3.40183 2.83225
threshold=0.061603066026959745 0.6710894034572773 0.85474613348156481 0.030977180988726132 0.25972064368768172 0.40004389145004449 0.48726397559657531 0.19967664257016834 0.51919475505003632 0.57852658047271222 0.25107223021673342 0.056057188568363531 0.1743591988319286 0.073195946529233016
decision_type=2 2 2 2 2 2 2 2 2 2 2 2 2 2
left_child=1 2 3 -1 -5 -2 7 -7 -8 10 -10 12 -11 -13
right_child=5 -3 -4 4 -6 6 8 -9 9 11 -12 13 -14 -15
leaf_value=0.02895134218527581 -0.016576693825076736 -0.033291701845155279 -0.025587640825272095 -0.03573266143030402 0.018578124633104709 -0.0052128250669325358 -0.020607157035077997 0.027573239657331286 0.028675293140577575 0.042976775348369425 -0.0076323998177681195 -0.0084498344381802645 0.0038548091886198531 0.0013880396803281501
leaf_weight=4.4853240046650233 6.2694275043904772 3.7232764326035968 4.1244990695267907 3.9852701518684608 6.0105515457689762 6.9330438487231758 6.4873437508940688 9.2797357235103828 9.2918801754713041 5.2036856152117243 4.9849463459104291 102.38132401555777 56.113261723890901 249.52628581877798
leaf_count=40 56 60 69 56 47 64 60 53 66 41 52 847 537 1952
internal_value=5.07367e-07 -0.00760671 -0.00103085 0.00716442 -0.00435566 0.000388439 0.000660908 0.0140647 0.000128994 0.000491022 0.0163282 -9.42472e-05 0.00781128 -0.00148995
internal_weight=478.8 22.3289 18.6056 14.4811 9.99582 456.471 450.202 16.2128 433.989 427.501 14.2768 413.225 61.3169 351.908
internal_count=4000 272 212 143 103 3728 3672 117 3555 3495 118 3377 578 2799
is_linear=0
shrinkage=0.05


Tree=186
num_leaves=15
num_cat=0
split_feature=4 4 8 4 4 13 0 0 1 2 8 3 2 10
split_gain=0.556765 1.49358 2.90096 1.20146 1.80719 2.60205 1.02638 3.31083 3.34449 1.72773 4.75085 3.16951 1.9313 4.72939
threshold=0.92068019695446679 0.69876428824431691 1.8438303331812527 0.62513257455451332 0.55069286919402216 3.0000000000000004 1.5286747711718232 1.3060415273983801 0.096096402556256413 1.0910754921085533 1.5895251085517026 0.034853426557207488 1.3852169291846697 46.468357068725275
decision_type=2 2 2 2 2 2 2 2 2 2 2 2 2 2
left_child=1 3 -3 4 6 -6 7 9 -9 10 11 -1 13 -11
right_child=-2 2 -4 -5 5 -7 -8 8 -10 12 -12 -13 -14 -15
leaf_value=0.031467606256729216 0.011702027118429137 -0.044197123288262807 0.0099432676737567401 0.019456294437353902 -0.034142777935294376 0.01152272495927522 -0.016461969051332313 0.043347235802353307 -0.0055566124698372228 0.042834746892244036 -0.049173552468306736 -0.018014638541708476 -0.00059777390164648058 0.0018230613953853923
leaf_weight=4.8002225682139414 8.9518793039023858 4.3794453889131528 4.0220146682113409 6.9228839902207246 7.8284477572888118 4.2000119686126709 7.8910947237163773 7.8600672632455808 5.4362321253865957 8.0142325274646264 5.5614489689469329 6.353544570505619 364.02968550473452 32.374407039955258
leaf_count=43 60 81 39 75 105 30 73 60 52 68 64 65 2873 312
internal_value=-1.32095e-06 -0.000248773 -0.0199778 0.000153005 -0.0001832 -0.0185371 0.000356603 0.000699204 0.0243627 -0.000103857 -0.015388 0.00411787 0.000564259 0.0107992
internal_weight=478.626 469.674 8.40146 461.272 454.349 12.0285 442.321 434.43 13.2963 421.134 16.7152 11.1538 404.418 40.3886
internal_count=4000 3940 120 3820 3745 135 3610 3537 112 3425 172 108 3253 380
is_linear=0
shrinkage=0.05


Tree=187
num_leaves=15
num_cat=0
split_feature=10 6 1 6 2 0 3 9 8 9 8 12 8 8
split_gain=0.56957 1.88516 5.005 3.66866 3.08668 2.01104 1.52458 1.20409 2.06378 1.5151 1.38131 1.13577 1.58871 2.24453
threshold=41.311665397692572 5.8264346697511433 0.10224914083683496 8.4846579538102755 4.641310447328574 0.49588735407994106 0.061621474500060648 0.56966829355115245 1.5000260407446686 0.49403275900633642 1.2938881914517069 1.0000000180025095e-35 0.40004389145004449 0.48726397559657531
decision_type=2 2 2 2 2 2 2 2 2 2 2 2 2 2
left_child=1 2 4 5 6 -3 -1 9 -9 11 -11 12 -2 -14
right_child=7 3 -4 -5 -6 -7 -8 8 -10 10 -12 -13 13 -15
leaf_value=0.0096777559190518274 -0.026159427628805174 -0.0030198836003811 -0.042893422888983075 -0.019073495305203622 0.032418469420866458 0.035495722261190792 -0.027250985514533217 -0.0028502881823959016 0.034534187413227245 0.0010835516550657836 -0.032311218444695547 0.0083528430062851135 0.02012490243941184 -0.00065732848352729296
leaf_weight=4.0357786566019076 4.8472089655697337 5.2110777944326419 8.6360997408628446 8.5018302593380195 4.8365326710045329 7.9724453538656235 5.8531024903059006 7.6359517443925125 5.9028644487261772 5.5738422814756614 5.7947092186659575 41.234625786542892 12.491633493453262 349.94152482878417
leaf_count=38 49 45 96 74 28 70 65 56 33 54 53 283 96 2960
internal_value=-3.41605e-06 -0.00529111 -0.0148649 0.00522335 0.00325541 0.021132 -0.0126752 0.000557064 0.0147034 6.70762e-05 -0.0171744 0.000587655 -0.000304457 0.000112356
internal_weight=478.469 45.0469 23.3615 21.6854 14.7254 13.1835 9.88888 433.422 13.5388 419.884 11.3686 408.515 367.28 362.433
internal_count=4000 416 227 189 131 115 103 3584 89 3495 107 3388 3105 3056
is_linear=0
shrinkage=0.05


Tree=188
num_leaves=15
num_cat=0
split_feature=1 3 9 10 9 10 3 10 5 10 1 1 10 3
split_gain=0.558739 0.873345 4.99891 3.50485 2.48374 1.94871 1.71093 1.2117 1.56972 3.2998 1.16723 2.22223 1.47565 1.84685
threshold=0.27226951496038126 0.68747191236534866 0.42104528967429417 66.531255379753318 0.23111448301639501 52.423255801233992 0.6493117154055934 29.323136815097008 0.89173233703157118 58.246574369198136 0.22371346408978421 0.21084212790185131 86.566568896570345 0.53739319005095709
decision_type=2 2 2 2 2 2 2 2 2 2 2 2 2 2
left_child=1 6 3 4 -3 -6 7 -1 10 -10 11 12 13 -9
right_child=-2 2 -4 -5 5 -7 -8 8 9 -11 -12 -13 -14 -15
leaf_value=-0.020949547965259004 0.013364058790116063 -0.033550055883947931 0.029426514698324753 0.012985961179203346 0.01249047826761486 -0.022155456197398973 0.027370365155356499 -0.0005186302462977429 0.032760146010145388 -0.0086233267964072532 -0.016316333740296143 0.027528337335338916 -0.024167095316534673 0.019010053832278224
leaf_weight=5.7104127686470738 6.6885688230395308 17.129496365785602 7.145813822746276 8.9887728728353959 7.111840255558489 7.2098549604415894 4.8438260853290549 362.36582178063691 9.7823357079178113 8.098042141646145 9.9296625498682243 6.3262443188577882 5.3538351599127045 11.524014275521038
leaf_count=57 45 125 34 50 39 46 30 3197 58 59 79 49 49 83
internal_value=-6.43652e-06 -0.00022398 -0.00657397 -0.0134919 -0.0212263 -0.00525871 0.000502587 0.000127636 0.000468649 0.0145535 -0.00020322 0.000252879 -0.000273309 0.000132385
internal_weight=478.209 471.52 47.5858 40.44 31.4512 14.3217 423.934 419.09 413.38 17.8804 395.5 385.57 379.244 373.89
internal_count=4000 3955 294 260 210 85 3661 3631 3574 117 3457 3378 3329 3280
is_linear=0
shrinkage=0.05


Tree=189
num_leaves=15
num_cat=0
split_feature=8 8 10 9 5 8 5 5 5 5 4 5 9 10
split_gain=0.534516 2.95086 1.54345 1.04546 1.01793 3.29947 2.89027 1.74106 1.5086 1.12558 3.21394 4.13016 4.06067 3.99243
threshold=3.5596529960341701 3.3909490581701234 53.548132920266042 0.24889173714285487 0.14478601744369324 0.86376401480928855 0.16325625146210107 0.093726828126129452 0.1850085801896342 0.35823234763414796 0.29424009044892313 0.32953162980081308 0.20312378911605469 49.634157787652534
decision_type=2 2 2 2 2 2 2 2 2 2 2 2 2 2
left_child=1 4 -2 -4 5 -1 -6 -7 -8 10 11 12 -10 -14
right_child=2 -3 3 -5 6 7 8 -9 9 -11 -12 -13 13 -15
leaf_value=0.018924540642244775 -0.011741327450033657 -0.033724662645396392 0.022875718617616107 -0.00013861986093195686 0.029342662037064277 -0.038325193646704135 -0.023272576948116581 -0.0059345276253025183 0.022003767732193907 -0.00091991111369388887 -0.0098182612177872587 0.035792918886541999 0.020265472508256312 -0.018420812629414439
leaf_weight=6.2517226263880756 7.3770029023289707 5.5537579655647269 11.563492100685837 8.1066266596317273 7.5905957799404851 7.1811157576739815 5.8249581176787606 9.3145342729985696 19.081520058214664 323.83366230130196 23.799441318958998 12.687200639396904 8.6070914901793021 21.143097389489412
leaf_count=61 47 45 62 47 61 65 58 86 153 2745 254 90 61 165
internal_value=-2.63013e-06 -0.000418349 0.00669514 0.013843 7.1663e-05 -0.0100019 0.00063627 -0.0214199 4.19074e-05 0.00042976 0.00550387 0.0114937 0.0045888 -0.00693334
internal_weight=477.916 450.869 27.0471 19.6701 445.315 22.7474 422.568 16.4957 414.977 409.152 85.3184 61.5189 48.8317 29.7502
internal_count=4000 3844 156 109 3799 212 3587 151 3526 3468 723 469 379 226
is_linear=0
shrinkage=0.05


Tree=190
num_leaves=15
num_cat=0
split_feature=10 5 5 0 0 1 8 2 10 5 6 3 3 4
split_gain=0.528335 1.83836 2.2592 1.7829 3.01484 1.60954 1.48871 1.19938 1.1719 2.97903 1.65948 1.55865 2.22511 1.34714
threshold=41.311665397692572 0.65486608693327286 0.31415008485926055 0.41703132746017263 0.67854911847720645 0.085514763221892762 1.6973375311002388 3.6588126424365832 44.44337326090524 0.48720049240380375 4.2859626162315934 1.4965475861500288 0.68747191236534866 0.92068019695446679
decision_type=2 2 2 2 2 2 2 2 2 2 2 2 2 2
left_child=1 2 6 -4 -5 -6 -1 -3 9 -2 -11 12 13 -10
right_child=8 7 3 4 5 -7 -8 -9 11 10 -12 -13 -14 -15
leaf_value=-0.037672363767433763 -0.0096360695674425709 -0.033234119342821646 -0.0081293487521951879 0.04150420880084188 0.017558265935094432 -0.020460122620318696 0.0027064922439489483 -0.00051876184446382468 -0.00010824706848265539 0.042346705930910507 0.0074846382933633389 0.015764877296420281 -0.013883712849108854 0.019555576891532221
leaf_weight=4.3121765442192537 9.5792899765074271 6.930448627099393 9.6221020407974738 6.6096589192748061 4.7357651200145465 4.4117369037121534 3.7825042270123959 4.3814580626785755 359.22179704159498 6.3588650263845903 7.3514057621359825 13.925813004374502 28.590820051729679 7.9261641427874556
leaf_count=50 77 73 74 60 41 52 36 30 3089 39 60 75 192 52
internal_value=-3.84248e-06 -0.00511215 0.000936619 0.00831969 0.01825 -0.000986914 -0.0205811 -0.0216338 0.000535136 0.011206 0.0254333 -9.73142e-05 -0.000693825 0.000368231
internal_weight=477.74 44.7859 33.4739 25.3793 15.7572 9.1475 8.09468 11.3119 432.954 23.2896 13.7103 409.665 395.739 367.148
internal_count=4000 416 313 227 153 93 86 103 3584 176 99 3408 3333 3141
is_linear=0
shrinkage=0.05


Tree=191
num_leaves=15
num_cat=0
split_feature=1 3 2 7 8 1 2 1 6 10 13 0 2 3
split_gain=0.51787 0.783036 2.81054 2.65991 3.32016 1.49647 1.48084 2.92403 2.97932 2.79667 1.47534 3.02021 3.85925 2.66404
threshold=0.27226951496038126 0.7490523764613507 11.213519394031318 0.69590688951795854 1.8997699547747791 0.17235689459606177 6.314440056051513 0.083788213414799848 6.2878161462319033 55.526079525770243 3.0000000000000004 0.30121894726016368 3.0489199938516189 0.17693955283871546
decision_type=2 2 2 2 2 2 2 2 2 2 2 2 2 2
left_child=1 6 5 -4 -5 -3 10 8 9 -8 -1 -12 13 -13
right_child=-2 2 3 4 -6 -7 7 -9 -10 -11 11 12 -14 -15
leaf_value=-0.00222870459350882 0.01284460154738672 -0.0074442866598651196 0.025650773846169692 -0.026466630508715124 0.015447361449755434 -0.038884631030791726 0.032838401642280822 0.029831572124960307 -0.026646465181340007 -0.011044355701861075 0.024338721110479886 0.00041815966947086251 -0.023351128377282204 0.022664253749879511
leaf_weight=293.81170549616218 6.7176957949995986 8.5019821748137456 8.0209680944681185 9.3478822112083453 7.8008548095822325 6.8111020103096953 6.6914443299174362 11.349251836538313 6.4717337749898425 6.155182246118784 15.44694824516773 61.383875705301762 12.816158689558504 16.25087609142065
leaf_count=2818 45 57 43 59 41 50 39 65 41 42 82 429 88 101
internal_value=-2.76119e-06 -0.000212886 -0.0067738 0.00357173 -0.00759962 -0.022955 0.000418529 0.0108266 -0.00125723 0.0125338 -0.000405053 0.00462815 0.0010327 0.00530382
internal_weight=477.578 470.86 40.4828 25.1697 17.1487 15.3131 430.377 30.6676 19.3184 12.8466 399.71 105.898 90.4509 77.6348
internal_count=4000 3955 250 143 100 107 3705 187 122 81 3518 700 618 530
is_linear=0
shrinkage=0.05


Tree=192
num_leaves=15
num_cat=0
split_feature=10 8 8 4 10 5 10 9 9 8 8 8 6 0
split_gain=0.518006 2.86381 3.78944 2.84626 2.69715 4.37666 2.76129 2.31476 2.30882 2.17467 3.51481 2.54697 2.53893 2.20094
threshold=68.224282213779205 1.9422442334728094 1.7844783477933188 0.12945994725801321 66.627728531877963 0.72922438387606026 66.103973388276557 0.46837395283492256 0.39342439815338065 1.444164243819954 1.0871034161698543 1.24599714711855 9.3787007388505295 0.65962725661131183
decision_type=2 2 2 2 2 2 2 2 2 2 2 2 2 2
left_child=4 2 7 -3 6 -6 -1 8 9 10 12 -12 -2 -11
right_child=1 3 -4 -5 5 -7 -8 -9 -10 13 11 -13 -14 -15
leaf_value=-0.00070027054065904348 -0.0059663447825510172 0.0096096001866580686 0.044835487150229753 -0.017965287752462238 -0.035145205224328117 0.020332808304177833 0.026934871975482728 -0.022295840205264983 0.036246058009040051 -0.031326872663306068 0.050860708506171762 0.0081247407680789998 0.031488702007004689 0.0095224565538288772
leaf_weight=340.54992215707898 26.716592139564458 13.973674487322567 5.6233549490571013 24.540838288143277 11.837657192721965 4.1632494479417792 8.2848855517804605 6.0118940006941548 5.5354004595428696 6.4618563763797265 6.315065845847128 7.5372309871017933 4.4071842394769183 5.2520065624266863
leaf_count=2943 231 76 37 185 120 30 60 48 37 49 41 63 31 49
internal_value=-1.35935e-06 0.00295161 0.00867741 -0.00797068 -0.000916501 -0.0203635 3.11857e-05 0.00509314 0.00805011 0.00471639 0.00970746 0.0297201 0.000152487 -0.0137033
internal_weight=477.211 112.375 73.8606 38.5145 364.836 16.0009 348.835 68.2372 62.2253 56.6899 44.9761 13.8523 31.1238 11.7139
internal_count=4000 847 586 261 3153 150 3003 549 501 464 366 104 262 98
is_linear=0
shrinkage=0.05


Tree=193
num_leaves=15
num_cat=0
split_feature=9 9 7 7 9 4 2 4 9 1 9 6 7 13
split_gain=0.507054 1.8905 1.72637 1.25231 0.790175 2.70535 3.10161 2.55994 1.10849 1.73761 1.19844 1.06295 2.74955 2.56216
threshold=0.061603066026959745 0.017815883354650567 2.0682504120994296 0.71589650673349781 0.081455513554253886 0.24468176462007465 3.839958409127739 0.36250428781165772 0.09605785596589983 0.066441766110707109 0.10003144540081771 9.7977139020563389 0.63681154301865994 3.0000000000000004
decision_type=2 2 2 2 2 2 2 2 2 2 2 2 2 2
left_child=1 -1 3 -3 5 6 -2 -7 9 -6 -10 -12 -13 -14
right_child=4 2 -4 -5 8 7 -8 -9 10 -11 11 12 13 -15
leaf_value=0.02370319032480752 -0.029876370221890481 0.0049741135469766468 0.011677877727594519 -0.028898070770181274 0.0093121443309066437 0.049663615682320139 0.018320079977770489 0.0020644367217780243 0.021673327211810877 -0.023972400988790998 -0.00087566954788366913 0.026686342483916794 -0.0088296971871383526 0.018684712410533377
leaf_weight=3.2030069176107672 5.9799674954265374 3.1766294650733498 4.5239963121712199 11.164122775197027 5.3303505554795256 4.8873067498207075 5.4744462370872498 5.6043571904301643 5.5174804497510186 10.317504808306692 362.78839593566954 11.994055431336163 25.520179834216833 11.425298973917959
leaf_count=32 56 56 37 147 46 41 33 46 48 82 3024 73 217 62
internal_value=9.59246e-06 -0.0072227 -0.0134024 -0.0215599 0.000375562 0.00941754 -0.00722023 0.0266297 -0.000103481 -0.0127559 0.000400384 6.34882e-05 0.00690358 -5.27604e-05
internal_weight=476.907 22.0678 18.8647 14.3408 454.839 21.9461 11.4544 10.4917 432.893 15.6479 417.245 411.728 48.9395 36.9455
internal_count=4000 272 240 203 3728 176 89 87 3552 128 3424 3376 352 279
is_linear=0
shrinkage=0.05


Tree=194
num_leaves=15
num_cat=0
split_feature=10 6 0 6 0 3 9 9 8 9 6 12 7 5
split_gain=0.506178 1.99946 3.4455 3.21976 1.89132 1.42022 1.95477 1.10372 1.90491 1.37231 1.32787 1.17656 1.86202 2.08337
threshold=41.006913121162007 5.8264346697511433 0.18867494252022474 8.4846579538102755 0.49588735407994106 0.068770627956326907 0.20312378911605469 0.56966829355115245 1.5000260407446686 0.49403275900633642 4.9634215823764043 1.0000000180025095e-35 2.0151127466727092 0.614624645128793
decision_type=2 2 2 2 2 2 2 2 2 2 2 2 2 2
left_child=1 2 -1 4 -3 -4 -7 9 -9 11 -11 -2 13 -13
right_child=7 3 5 -5 -6 6 -8 8 -10 10 -12 12 -14 -15
leaf_value=0.020132120461614347 -0.00035391503663208691 -0.0031041352874014191 0.0004615954764864508 -0.017746473050136349 0.034161002621920282 -0.01011871259135527 -0.049707462886239714 -0.0028547801834322671 0.033040018738890786 0.002032202598998343 -0.030887218742275391 0.011643072395900782 0.028823666975626983 -0.013763001914228495
leaf_weight=4.548561409115794 367.12615075241774 5.2153955884277847 4.0600153207778957 8.1722498014569265 8.0350563060492259 6.2089462168514711 6.8873431347310543 7.5997603889554721 5.9383722469210625 5.2900858726352435 5.9165816977620125 22.457469003275037 7.8719035014510146 11.331449791789053
leaf_count=27 3118 45 42 71 69 65 81 56 33 45 62 163 42 81
internal_value=1.73553e-05 -0.00508496 -0.0154577 0.00564509 0.0203048 -0.0254826 -0.0329878 0.000535466 0.0140798 6.64699e-05 -0.0164542 0.000558423 0.00841803 0.00297219
internal_weight=476.659 43.1276 21.7049 21.4227 13.2505 17.1563 13.0963 433.532 13.5381 419.994 11.2067 408.787 41.6608 33.7889
internal_count=4000 400 215 185 114 188 146 3600 89 3511 107 3404 286 244
is_linear=0
shrinkage=0.05


Tree=195
num_leaves=15
num_cat=0
split_feature=9 9 2 2 3 3 6 10 10 9 1 9 3 0
split_gain=0.498359 2.021 1.4895 3.03178 2.55306 2.6695 1.25457 1.11442 2.90637 1.02348 1.59914 1.10061 3.50085 2.29958
threshold=0.071648405967490045 0.081455513554253886 8.9124607557249576 5.1363862676518286 0.102831262625399 0.057834427209403801 5.1063403407137953 64.120630506783556 58.246574369198136 0.09605785596589983 0.066441766110707109 0.11080611527144642 0.26210545862776863 0.60476201107535499
decision_type=2 2 2 2 2 2 2 2 2 2 2 2 2 2
left_child=2 6 3 4 5 -1 -2 8 -6 10 -3 12 13 -11
right_child=1 9 -4 -5 7 -7 -8 -9 -10 11 -12 -13 -14 -15
leaf_value=-0.015595296479810042 0.0037569816475036032 0.008769047351477809 -0.031318390993806733 0.030730123078985112 -0.030452003163621358 0.028616042739991451 0.037193544586984255 -0.040569193401973222 0.026040301041837768 -0.030261768229526632 -0.023187912463693637 -0.00018582163799290468 0.036753229218205709 0.011583673096215134
leaf_weight=5.7379574580118113 5.8143118917942029 5.3632804881781331 3.9019115716218939 4.9386365972459307 5.019181137904523 6.0332612823694944 4.9162056520581245 4.8542504673823714 2.7327164830639958 4.4355499595403689 10.172356229275463 397.79891016148031 7.2911963909864417 7.3850647434592247
leaf_count=70 47 46 28 32 78 79 33 51 30 43 82 3264 46 71
internal_value=1.50963e-05 0.000462981 -0.00579926 -0.00148168 -0.00896128 0.00753128 0.0209408 -0.0237832 -0.0098373 -9.22846e-05 -0.0122925 0.000390665 0.0118025 -0.005254
internal_weight=476.395 443.177 33.2179 29.316 24.3774 11.7712 10.7305 12.6061 7.7519 432.446 15.5356 416.911 19.1118 11.8206
internal_count=4000 3632 368 340 308 149 80 159 108 3552 128 3424 160 114
is_linear=0
shrinkage=0.05


Tree=196
num_leaves=15
num_cat=0
split_feature=6 6 10 7 7 11 2 6 5 2 5 9 7 10
split_gain=0.508863 3.5195 4.37565 1.91731 2.0924 2.1016 1.87135 3.47743 4.78082 3.18813 4.60848 3.52136 4.30674 2.72753
threshold=4.535789558713887 4.3300878521033379 56.76224594811751 2.8050116308930746 0.54803382961656177 1.0000000180025095e-35 1.5203962015996131 3.9353759096663476 0.77031740535667204 1.3746291586529436 0.47005893663973469 0.30003284421512499 1.3452960029521301 52.021791501564181
decision_type=2 2 2 2 2 2 2 2 2 2 2 2 2 2
left_child=1 3 -3 4 5 -1 7 8 9 10 11 12 -6 -8
right_child=-2 2 -4 -5 6 -7 13 -9 -10 -11 -12 -13 -14 -15
leaf_value=-0.026867964907584526 -0.0013671581241737349 -0.010242916490304942 0.038587780280867817 -0.022886410891134988 0.048305772506728288 0.0044244783279525938 0.010341796452987349 0.040548961472628861 0.040511557987523525 0.026820520671285042 -0.034256027601775992 -0.022547061821030643 -0.015610128606908949 -0.0064416865875294733
leaf_weight=11.598253965377808 277.54362599365413 6.4876667931675938 12.224911734461783 7.9000830501317969 5.8137305192649418 8.9155286811292171 35.755759961903095 7.3593963030725709 6.5835804864764205 5.9312663078308097 11.068906972184775 5.4809314608573905 3.6653269715607166 69.920814683660865
leaf_count=127 2355 52 68 48 60 81 282 59 45 55 113 48 36 571
internal_value=1.38667e-05 0.00194001 0.0219973 -0.000255221 0.000909899 -0.0136944 0.00296315 0.0112753 0.00480178 -0.00356013 -0.0112192 0.00690415 0.0244598 -0.000719268
internal_weight=476.25 198.706 18.7126 179.994 172.093 20.5138 151.58 45.9031 38.5437 31.9602 26.0289 14.96 9.47906 105.677
internal_count=4000 1645 120 1525 1477 208 1269 416 357 312 257 144 96 853
is_linear=0
shrinkage=0.05


Tree=197
num_leaves=15
num_cat=0
split_feature=8 8 10 5 5 8 5 5 3 5 3 9 7 3
split_gain=0.520908 2.73644 1.4817 0.946874 0.88739 3.11158 2.60225 1.65866 1.50167 1.39237 1.07032 3.35702 2.92931 2.81977
threshold=3.5596529960341701 3.3909490581701234 53.548132920266042 0.53328999583754688 0.14478601744369324 0.86376401480928855 0.16325625146210107 0.093726828126129452 0.28425115746894003 0.1850085801896342 0.030362069963982288 0.34395929027300837 1.4918729695552126 0.039999436683550098
decision_type=2 2 2 2 2 2 2 2 2 2 2 2 2 2
left_child=1 4 -2 -4 5 -1 -6 -7 -9 -8 11 12 -11 -12
right_child=2 -3 3 -5 6 7 9 8 -10 10 13 -13 -14 -15
leaf_value=0.018611920505436568 -0.011498411808466317 -0.032807630348325963 0.0022068210911464418 0.023908557723668455 0.027666809685990331 -0.037411066405734009 -0.022562472822726595 -0.022759253141905293 0.013966567259991678 -0.011677294272939225 0.021847505893428709 -0.041845594538470782 0.029741767994309543 0.00016361546488911886
leaf_weight=6.2529750224202898 7.3200903944671181 5.4182827696204177 9.8519387915730494 9.761188901960848 7.6977639365941277 6.9781014230102327 5.7086840216070405 4.8184064272791129 4.4130267314612865 13.065652014687663 14.626797340810297 5.1095607280731192 5.1298480406403533 369.88286783639342
leaf_count=61 47 45 55 54 61 65 58 57 29 136 130 53 47 3102
internal_value=1.77488e-05 -0.000393462 0.00664316 0.0136434 7.52681e-05 -0.00938939 0.000601034 -0.020645 -0.00555359 3.16744e-05 0.000402369 -0.00977551 0.000941041 0.00104301
internal_weight=476.035 449.102 26.9332 19.6131 443.684 22.4625 421.221 16.2095 9.23143 413.523 407.815 23.3051 18.1955 384.51
internal_count=4000 3844 156 109 3799 212 3587 151 86 3526 3468 236 183 3232
is_linear=0
shrinkage=0.05


Tree=198
num_leaves=15
num_cat=0
split_feature=0 9 3 3 1 1 4 0 0 1 6 9 8 8
split_gain=0.493219 0.739933 2.56057 4.24067 2.52663 2.17096 3.80233 5.90194 3.48744 3.11131 2.56626 2.13999 2.25665 2.10357
threshold=1.9312689894651529 0.27393766491923949 0.030362069963982288 0.039999436683550098 0.012375153491646106 0.073195946529233016 0.38531621073792227 1.1964245518873156 0.24105921330210786 0.077180656345288742 5.5911561673639047 0.091078749112630294 0.62745956849294637 0.52585424332697972
decision_type=2 2 2 2 2 2 2 2 2 2 2 2 2 2
left_child=1 4 -3 -4 -1 6 8 -8 10 -7 -6 -10 -13 -5
right_child=-2 2 3 13 5 9 7 -9 11 -11 -12 12 -14 -15
leaf_value=0.028053049259997249 -0.012181960893792587 -0.021526181643986522 0.038485992287773343 0.021769699743668859 -0.011234053004952749 0.030380526180124264 0.037520696001354902 -0.015122893754538951 0.00038402696643709559 -0.00038164440818556976 0.022279531814338931 0.0027575451897722926 -0.028677453470526772 0.00074328305976512727
leaf_weight=6.0685775410383931 7.1530120670795432 9.4785007908940297 7.4596267193555823 11.810469698160885 11.690167557448151 7.6582059748470774 9.5113359326496738 9.9659973010420781 10.875878248363732 161.81715754698962 9.434646047651766 6.4698931518942109 38.847602274268866 167.69509521871805
leaf_count=54 75 97 52 77 83 61 95 100 124 1380 57 63 398 1284
internal_value=1.06196e-05 0.000222197 0.00255406 0.00388288 -0.00146301 -0.00223816 -0.0081711 0.0111614 -0.0131215 0.00117848 0.00406408 -0.0195402 -0.0242269 0.00223964
internal_weight=475.936 468.783 196.444 186.965 272.339 266.271 96.7955 19.4773 77.3182 169.475 21.1248 56.1934 45.3175 179.506
internal_count=4000 3925 1510 1413 2415 2361 920 195 725 1441 140 585 461 1361
is_linear=0
shrinkage=0.05


Tree=199
num_leaves=15
num_cat=0
split_feature=8 8 9 5 5 9 5 4 2 2 9 9 5 0
split_gain=0.48948 4.08077 2.33303 5.40088 4.00002 3.58901 2.66748 2.12353 2.1157 1.85185 1.40517 3.71717 2.89623 4.26166
threshold=2.6050051431333521 2.5205764047746695 0.18062754085207136 0.46055884032539246 0.47668574251642387 0.25859818824559561 0.63147077311942523 0.1619827768460099 2.8098830870862361 2.0982010316237298 0.22906211340476709 0.25289280523434171 0.72344397443952024 0.4440033764996334
decision_type=2 2 2 2 2 2 2 2 2 2 2 2 2 2
left_child=1 10 4 9 8 -5 -7 -6 -2 -4 -1 12 13 -12
right_child=2 -3 3 5 7 6 -8 -9 -10 -11 11 -13 -14 -15
leaf_value=-0.0033564811452355156 0.010170217858476598 -0.038198966343979623 -0.003164764924733077 -0.042548800933578018 0.043856595521196286 0.013680090506827211 -0.022200169928867048 0.011035474451908424 -0.026961606410238755 0.026738217445582586 -0.018470479124679782 0.00031024078426394701 0.048757626822496673 0.02881127155306314
leaf_weight=173.73759928718209 7.3889086619019491 6.1307893954217425 8.0959798861295003 8.6991604268550891 8.9758357629179972 9.2214781716465968 9.5724062100052816 11.573975807055829 6.1978194117546082 12.471878111362455 7.2093016617000165 189.90401204302907 5.8529645800590506 10.591066999360917
leaf_count=1684 55 60 73 68 45 62 56 75 37 75 55 1519 37 99
internal_value=1.71443e-05 -0.000718026 0.00350227 -0.00359021 0.0133058 -0.0178137 -0.00479332 0.0267411 -0.00745525 0.0153667 -2.78636e-05 0.00268312 0.0209488 0.00969788
internal_weight=475.623 393.426 82.1974 48.0609 34.1365 27.493 18.7939 20.5498 13.5867 20.5679 387.295 213.557 23.6533 17.8004
internal_count=4000 3454 546 334 212 186 118 120 92 148 3394 1710 191 154
is_linear=0
shrinkage=0.05


Tree=200
num_leaves=15
num_cat=0
split_feature=13 1 1 1 3 2 7 2 0 5 4 7 7 4
split_gain=0.492399 1.48305 3.85299 2.82874 2.81713 3.02044 2.9036 3.59766 5.96829 4.26325 3.78207 4.60412 3.69278 5.07508
threshold=1.0000000180025095e-35 0.16541892642636 0.17357279394943831 0.10920261449071321 0.50807413571571325 6.2542482036315201 1.6484476924022611 3.9156985522551402 0.245616362139123 0.25818783120019401 0.13688528978454753 1.3812300964394273 0.66566245858322681 0.26208621879312399
decision_type=2 2 2 2 2 2 2 2 2 2 2 2 2 2
left_child=-1 3 -3 4 5 6 7 9 -9 -2 -11 12 -12 -14
right_child=1 2 -4 -5 -6 -7 -8 8 -10 10 11 -13 13 -15
leaf_value=-0.0021036921421731638 -0.020899129942880686 0.039885957109741056 0.0027937073583519504 -0.0090199642266803499 0.025154048717832951 -0.024986986817724963 -0.0075108030790402907 -0.0025367657692754336 0.05456956504993165 -0.019282663971139941 0.022320120319026849 0.039247832445022002 -0.024612922967924979 0.010654452014121206
leaf_weight=172.95238452684134 14.518631294369696 7.4474245756864539 41.975314002484083 67.434530213475227 12.177553296089171 9.3942030258476716 47.489642594009638 8.5732967182993907 8.6073256060481054 10.49687125533819 21.375406458973885 11.580284867435692 15.487933292984961 25.795717049390078
leaf_count=1802 127 45 284 519 62 57 326 53 43 85 176 82 135 204
internal_value=1.70939e-05 0.00123316 0.00906325 -0.000326505 0.00286529 0.00116395 0.00280502 0.00704058 0.0275008 0.00326001 0.0075949 0.011601 0.00595515 -0.0028456
internal_weight=475.307 302.354 49.4227 252.931 185.497 173.319 163.925 116.435 17.1806 99.2548 84.7362 74.2393 62.6591 41.2837
internal_count=4000 2198 329 1869 1350 1288 1231 905 96 809 682 597 515 339
is_linear=0
shrinkage=0.05


Tree=201
num_leaves=15
num_cat=0
split_feature=1 6 3 1 5 9 9 3 6 10 3 3 0 10
split_gain=0.492873 3.08025 4.2417 2.88758 2.12754 1.52827 1.94495 1.14756 3.19328 2.72997 1.2951 1.15012 4.06328 2.95166
threshold=0.025005484364163267 2.8141725053648412 0.028905733210645514 0.030548265437614328 0.59853285797932376 0.15479146066445312 0.27521673521457096 0.039999436683550098 5.7904713385141102 57.157585316732117 0.04404318760670254 0.056057188568363531 0.87507430139612163 53.062931069821381
decision_type=2 2 2 2 2 2 2 2 2 2 2 2 2 2
left_child=1 -1 5 -2 -4 -3 -7 8 9 -5 -9 12 -12 -14
right_child=3 2 4 7 -6 6 -8 10 -10 -11 11 -13 13 -15
leaf_value=0.037003131244900629 -0.025108014573713523 -0.044955484275151926 -0.0017306283469966988 -0.032010756010962073 0.035059309301792754 0.011566168007809605 -0.029457822414937909 -0.023851271480380128 0.035034907539720946 0.014426420709502206 0.04423095343235129 -0.0005905920365475441 0.022117992273988158 -0.022358151007321372
leaf_weight=5.4272756800055495 10.540141467005013 3.5924970339983728 7.6685191486030799 4.4267730135470647 6.8717397302389145 5.1568566802889091 4.591598829254508 4.7688485607504836 7.5556550305336705 6.6613694578409195 5.4880298655480173 388.86717866454273 5.4796383082866651 7.8295415947213769
leaf_count=49 112 41 70 44 43 50 51 50 66 60 45 3193 45 81
internal_value=2.24383e-05 0.00579571 -0.00134992 -0.000425115 0.0167935 -0.0209165 -0.0086994 0.000235113 0.0120424 -0.00522735 -0.000326463 6.42009e-06 0.0117631 -0.00378048
internal_weight=474.926 33.3085 27.8812 441.617 14.5403 13.341 9.74846 431.077 18.6438 11.0881 412.433 407.664 18.7972 13.3092
internal_count=4000 304 255 3696 113 142 101 3584 170 104 3414 3364 171 126
is_linear=0
shrinkage=0.05


Tree=202
num_leaves=15
num_cat=0
split_feature=8 8 0 3 8 8 8 6 3 2 2 7 9 9
split_gain=0.488027 2.50477 1.46586 1.93481 0.83437 3.81923 1.93248 1.82766 4.08148 1.65302 1.51832 1.97368 1.28423 3.30785
threshold=3.5596529960341701 3.3909490581701234 0.56034313373215017 0.12444660698502698 2.6050051431333521 2.5205764047746695 2.9185779747352361 5.6312194928136359 0.20991828518833858 2.6192551125114596 2.5160777280415974 2.4369606217583635 0.22906211340476709 0.25289280523434171
decision_type=2 2 2 2 2 2 2 2 2 2 2 2 2 2
left_child=1 4 -2 -4 5 12 7 8 -6 -9 11 -8 -1 -14
right_child=2 -3 3 -5 6 -7 10 9 -10 -11 -12 -13 13 -15
leaf_value=-0.0032387856411736841 -0.0059442679404525653 -0.031758913221254972 -0.001376601487471424 0.03388105528170756 0.045784775492948571 -0.03738199952984466 -0.033070391000001705 -0.01807323315810069 -0.0044814247373969355 0.017703315519418724 0.007295391746040842 0.0077377452790143176 0.019670538143670271 0.00028833023228345592
leaf_weight=173.23612938262522 12.394708253443243 5.2696693725883952 7.4411961473524553 6.9873006418347359 8.9648524969816226 5.9745532479137173 6.4331774562597293 5.6183457244187576 6.5137838497757903 5.3051450476050377 12.624566208571194 4.3994575403630733 23.907928984612226 189.67290477640927
leaf_count=1684 67 45 54 35 60 60 61 49 40 31 70 34 191 1519
internal_value=2.11932e-05 -0.000377113 0.006447 0.016787 6.72244e-05 -0.000711308 0.00609389 0.0151292 0.0256433 -0.000670352 -0.00427857 -0.0172437 -4.99832e-05 0.00253951
internal_weight=474.744 447.921 26.8232 14.4285 442.651 392.792 49.8593 26.4021 15.4786 10.9235 23.4572 10.8326 386.817 213.581
internal_count=4000 3844 156 89 3799 3454 345 180 100 80 165 95 3394 1710
is_linear=0
shrinkage=0.05


Tree=203
num_leaves=15
num_cat=0
split_feature=2 0 0 4 4 2 10 3 10 10 2 0 3 2
split_gain=0.486145 4.79086 3.65862 3.55333 4.39576 2.02892 2.67106 3.43053 3.90398 2.13827 1.97112 5.93399 3.64489 2.67265
threshold=1.9291343504001228 0.71829038255012234 0.74045370739920491 0.17935451029851621 0.25967850889900773 2.2538809789860843 70.703827706972476 0.13671873511890759 55.888364588115778 56.867119051350763 1.4729798994164855 0.81682685073219419 0.12973285809639759 1.7133545369903687
decision_type=2 2 2 2 2 2 2 2 2 2 2 2 2 2
left_child=1 3 -3 -1 -5 6 7 9 -9 -2 12 -12 -4 -13
right_child=5 2 10 4 -6 -7 -8 8 -10 -11 11 13 -14 -15
leaf_value=0.021492185525178672 0.0033033831157336813 0.036579776941741714 -0.00048465103440728806 -0.05171454022462818 -0.0067324320020106581 -0.00025743119637559609 0.04206727989764325 -0.0064593480688755842 0.039006008840478182 -0.038227465696042205 0.013303884433637378 -0.046083240915927748 0.028665641617185284 0.0008569793394472893
leaf_weight=3.3056565616279867 6.839196218177678 6.0078144371509543 114.30996189266443 10.138550100848081 11.275610312819479 258.48653114028275 5.3141177520155898 8.0071969814598578 9.702182646840809 4.4579851441085339 11.592070154845716 10.111573701724408 10.830224003642796 4.1210900731384745
leaf_count=37 68 53 1120 123 126 1888 36 76 76 48 96 112 99 42
internal_value=1.8172e-05 -0.00200718 0.00126246 -0.0220115 -0.0293863 0.0012775 0.0125178 0.0058827 0.0192026 -0.0148611 -0.00037449 -0.0126803 0.00224541 -0.0333276
internal_weight=474.5 181.693 156.973 24.7198 21.4142 292.807 34.3207 29.0066 17.7094 11.2972 150.965 25.8247 125.14 14.2327
internal_count=4000 1808 1522 286 249 2192 304 268 152 116 1469 250 1219 154
is_linear=0
shrinkage=0.05


Tree=204
num_leaves=15
num_cat=0
split_feature=10 13 5 5 1 0 10 9 9 8 0 8 7 3
split_gain=0.471631 1.86205 2.00385 2.70533 2.26962 1.4995 1.11729 1.17935 1.76697 1.74844 1.5192 1.23309 5.41907 7.78278
threshold=41.311665397692572 3.0000000000000004 0.55202222165683812 0.31415008485926055 0.066887373104337774 0.76549860932241842 41.871975660876984 0.56966829355115245 0.49403275900633642 1.444164243819954 0.37382901664790397 0.97572121105864851 0.82489495591642736 0.19325095240383736
decision_type=2 2 2 2 2 2 2 2 2 2 2 2 2 2
left_child=1 2 3 -1 -4 -5 -2 8 11 -9 -10 -8 13 -13
right_child=6 -3 4 5 -6 -7 7 9 10 -11 -12 12 -14 -15
leaf_value=-0.014600314811761474 0.023392226975172722 -0.022216265313736015 0.012049838568834651 0.035570061889249202 -0.025395123089293588 -0.00055768708675361359 -0.0041752463793122835 -0.0021362305444176419 0.0044217716814158826 0.032547665956283126 -0.032264728943958924 -0.0031532186410222875 0.00033852629187885606 0.064707620630479509
leaf_weight=5.7849048133939531 4.2775264736264935 10.500244684517382 5.702114747837185 8.3507275171577913 9.8266537729650718 4.1014155633747569 109.9076897893101 7.4657039586454612 4.0868575908243638 5.873148538172245 6.7818671464920044 8.6059110052883607 275.86291127745062 7.1361514478921881
leaf_count=67 32 91 53 72 89 44 1011 55 28 33 78 83 2219 45
internal_value=1.75655e-05 -0.00483758 0.0010503 0.0119924 -0.0117483 0.0245136 0.000527442 0.000243422 -0.000246133 0.0143401 -0.0192596 0.00031512 0.00201605 0.0296368
internal_weight=474.264 44.2661 33.7658 18.237 15.5288 12.4521 429.998 425.72 412.381 13.3389 10.8687 401.513 291.605 15.7421
internal_count=4000 416 325 183 142 116 3584 3552 3464 88 106 3358 2347 128
is_linear=0
shrinkage=0.05


Tree=205
num_leaves=15
num_cat=0
split_feature=4 4 7 4 4 13 0 0 2 7 6 5 0 9
split_gain=0.47163 1.29438 3.15799 1.05552 1.72397 2.4291 0.939563 3.05244 1.10314 6.90869 3.41705 2.66136 2.46634 5.08137
threshold=0.92068019695446679 0.69876428824431691 1.8452010187084888 0.62513257455451332 0.55069286919402216 3.0000000000000004 1.5286747711718232 1.3998135954678383 1.0978668750647698 1.240611746720923 6.4961969933198036 0.52804355638945555 1.0902791683273285 0.24889173714285487
decision_type=2 2 2 2 2 2 2 2 2 2 2 2 2 2
left_child=1 3 -3 4 6 -6 7 8 9 10 11 -1 -10 -14
right_child=-2 2 -4 -5 5 -7 -8 -9 12 -11 -12 -13 13 -15
leaf_value=0.051221891775999728 0.010776593763755886 -0.038419458374839323 0.02088528525748758 0.01821747678941061 -0.033566695237090327 0.010809795973290636 -0.015843215803366433 0.031612944858021907 7.988064507898761e-05 -0.042628042577152553 -0.021175557426227291 8.4697101600727918e-05 -0.012521647486341573 0.053295684233725084
leaf_weight=4.626623013988139 8.9803445897996408 5.4656817354261857 2.6571022644639015 6.9553269539028397 7.6324520809575898 4.1874204948544502 7.756426475942134 6.8409560937434426 390.76950414851308 8.7910831924527866 4.4762946665287009 4.6505900956690311 4.8391757383942586 5.3982864953577518
leaf_count=45 60 98 22 75 105 30 73 55 3167 97 49 37 46 41
internal_value=2.1969e-05 -0.000208387 -0.018857 0.000163586 -0.000155257 -0.0182286 0.000372703 0.00070099 0.000128433 -0.0103911 0.0117071 0.0280898 0.000744215 0.0238386
internal_weight=474.027 465.047 8.12278 456.924 449.969 11.8199 438.149 430.393 423.552 22.5446 13.7535 9.27721 401.007 10.2375
internal_count=4000 3940 120 3820 3745 135 3610 3537 3482 228 131 82 3254 87
is_linear=0
shrinkage=0.05


Tree=206
num_leaves=15
num_cat=0
split_feature=10 8 8 0 10 5 10 9 5 5 10 5 9 9
split_gain=0.465988 2.48856 3.23132 2.58122 2.42208 4.04353 2.45868 2.08469 2.06196 4.18589 3.29015 3.02394 3.00106 4.42941
threshold=68.224282213779205 1.9422442334728094 1.7844783477933188 0.33230613883841226 66.627728531877963 0.72922438387606026 66.103973388276557 0.46837395283492256 0.54322250175606579 0.48932009090120426 49.795058075211465 0.6710894034572773 0.12954856802044382 0.2467416891701196
decision_type=2 2 2 2 2 2 2 2 2 2 2 2 2 2
left_child=4 2 7 -3 6 -6 8 -2 9 -1 -11 12 -10 -14
right_child=1 3 -4 -5 5 -7 -8 -9 11 10 -12 -13 13 -15
leaf_value=-0.0011331905520800397 0.0075955107060858623 0.011398737449534138 0.041322758402983668 -0.016032997478417615 -0.034105064611932946 0.019317489681232796 0.025260927165631691 -0.021472396878935977 0.031868385506972276 0.0014096986121452906 -0.035305950144068246 -0.0022700125892587877 -0.012082857329456702 0.017199034672845621
leaf_weight=151.36130901332945 62.074043106287718 11.699824623763559 5.7021399997174731 26.103393683210015 11.453438231721519 4.1982275694608679 8.4066868312656862 5.8698635026812545 13.377717393450437 9.2414770517498273 16.543694728985429 95.293426452204585 20.208308648318052 32.288840414956212
leaf_count=1388 501 63 37 198 120 30 60 48 115 84 168 750 186 252
internal_value=2.17279e-05 0.00283445 0.00815205 -0.00746811 -0.000848754 -0.019476 4.57094e-05 0.00480923 -0.000653457 -0.00436502 -0.0225856 0.00342784 0.0115809 0.00591207
internal_weight=473.822 111.449 73.646 37.8032 362.373 15.6517 346.721 67.9439 338.315 177.146 25.7852 161.168 65.8749 52.4971
internal_count=4000 847 586 261 3153 150 3003 549 2943 1640 252 1303 553 438
is_linear=0
shrinkage=0.05


Tree=207
num_leaves=15
num_cat=0
split_feature=8 8 9 5 5 9 5 2 4 9 8 1 9 9
split_gain=0.481511 3.49669 2.0901 4.93858 3.53077 3.3333 2.38358 1.96443 1.80724 1.54972 1.56175 1.16696 1.30766 3.39898
threshold=2.6050051431333521 2.5205764047746695 0.18062754085207136 0.46055884032539246 0.47668574251642387 0.25859818824559561 0.63147077311942523 2.8098830870862361 0.1619827768460099 0.34552141507536055 2.9757756870492309 0.0098301905561361414 0.22906211340476709 0.25449538210279637
decision_type=2 2 2 2 2 2 2 2 2 2 2 2 2 2
left_child=1 11 4 9 7 -5 -7 -2 -6 10 -4 -1 -13 -14
right_child=2 -3 3 5 8 6 -8 -9 -10 -11 -12 12 13 -15
leaf_value=-0.02066865466447983 0.010042713997492635 -0.036325973523852188 0.02351977769865865 -0.041345132399182978 0.041022203860568103 0.012874902333562045 -0.021152714853386892 -0.025893967388018718 0.010698663640820102 0.032419032358948184 -0.0089065269316827584 -0.0029778007442787316 0.019694722417790283 0.00051287222108416686
leaf_weight=5.7645687088370314 7.3666829466819745 5.7719632070511571 5.181117199361327 8.3997380584478396 9.0654570087790507 9.2173827141523379 9.4384785890579206 6.0875733345746994 11.524218965321777 6.9355908390134564 8.4009561911225301 169.5384637080133 25.388555057346821 185.48221066966653
leaf_count=61 55 60 41 68 45 62 56 37 75 46 61 1652 198 1483
internal_value=2.13629e-05 -0.000708203 0.00349108 -0.00327289 0.0127668 -0.0170336 -0.00454085 -0.00688387 0.0253315 0.014821 0.0042277 -8.33922e-05 0.000281921 0.0029044
internal_weight=473.563 391.946 81.6172 47.5733 34.0439 27.0556 18.6559 13.4543 20.5897 20.5177 13.5821 386.174 380.409 210.871
internal_count=4000 3454 546 334 212 186 118 92 120 148 102 3394 3333 1681
is_linear=0
shrinkage=0.05


Tree=208
num_leaves=15
num_cat=0
split_feature=13 6 0 2 6 9 7 10 3 6 6 7 8 4
split_gain=0.487023 1.67597 3.29541 2.29357 2.1679 4.20402 4.90666 3.36072 3.63997 2.57647 2.42525 2.57491 6.66101 4.34843
threshold=1.0000000180025095e-35 2.3523175425360496 1.0414886823499634 6.314440056051513 3.5792675692841311 0.12406539824881012 0.68509669215636892 66.103973388276557 0.10756700465535017 2.9588437582089187 3.9899631619145137 0.56865826982157974 1.0946418589185207 0.27611138466138918
decision_type=2 2 2 2 2 2 2 2 2 2 2 2 2 2
left_child=1 2 3 -1 5 -3 -7 8 -8 -10 -6 13 -13 -12
right_child=-2 4 -4 -5 10 6 7 -9 9 -11 11 12 -14 -15
leaf_value=-0.040314324697282258 0.0012307749290220897 -0.025813116694851559 0.022032179762634416 0.0052890496542938245 -0.027311800860306865 -0.022945767919043823 0.044867103803311055 0.05649590497783126 0.019249766827548122 -0.026958399895582692 0.026539667189248412 -0.031400321931305784 0.0016203783067323654 -0.023281559145360731
leaf_weight=9.2182512655854243 300.89788526203483 5.4973188862204543 3.4425317458808413 3.4848315753042689 8.8347923178225738 4.859231689944866 5.1039927601814297 6.6342329233884803 5.1640088949352485 4.9308780394494534 15.908375822007658 18.073993334546685 76.196062427014112 5.04955188371241
leaf_count=137 2198 64 40 27 101 60 45 52 42 40 125 236 763 70
internal_value=1.78289e-05 -0.0020941 -0.0169339 -0.028331 -0.000462755 0.0109004 0.0191206 0.029078 0.0143613 -0.00371624 -0.00347465 -0.00142774 -0.00497368 0.0140223
internal_weight=473.296 172.398 16.1456 12.7031 156.252 32.1897 26.6923 21.8331 15.1989 10.0949 124.063 115.228 94.2701 20.9579
internal_count=4000 1802 204 164 1598 303 239 179 127 82 1295 1194 999 195
is_linear=0
shrinkage=0.05


Tree=209
num_leaves=15
num_cat=0
split_feature=1 6 3 1 5 9 9 3 9 9 6 2 2 7
split_gain=0.495783 2.74663 3.80091 2.63956 1.83623 1.49193 2.12454 1.10875 3.02736 4.59762 1.49423 1.08278 3.65271 3.02947
threshold=0.025005484364163267 2.8141725053648412 0.028905733210645514 0.030548265437614328 0.59853285797932376 0.15479146066445312 0.235549946637063 0.039999436683550098 0.23806969552624122 0.35087239184971047 5.499800570741237 1.227671507715874 1.3852169291846697 2.3784688501285864
decision_type=2 2 2 2 2 2 2 2 2 2 2 2 2 2
left_child=1 -1 5 -2 -4 -3 -7 8 10 -10 -5 -9 13 -13
right_child=3 2 4 7 -6 6 -8 11 9 -11 -12 12 -14 -15
leaf_value=0.035047692991004929 -0.02428447496874174 -0.044156598937976278 -0.0013621595672299587 -0.029132718224877931 0.032826202456523818 0.020747352731867071 -0.023789774047662238 -0.0069372889781276238 0.05420115134704892 -0.0085267295939967774 0.0099489559140442645 0.0092812557060385891 -0.00078498876560974349 0.051506606555342886
leaf_weight=5.5053928084671488 10.306681573390959 3.4196131862700012 7.6162436548620445 4.0176170505583304 6.9445372596383095 3.3110673297196609 6.2709417603909969 53.388190301135182 5.9319263920187932 4.6366903856396675 4.0314746908843517 20.789797663688663 332.28733625262976 4.5663465298712245
leaf_count=49 112 41 70 44 43 34 67 549 45 41 40 203 2636 26
internal_value=1.12492e-05 0.00582267 -0.0010375 -0.00043776 0.0160051 -0.0199038 -0.00789366 0.000189351 0.0118024 0.0283228 -0.0106219 -0.000364033 0.000633815 0.0185513
internal_weight=473.024 33.0678 27.5624 439.956 14.5608 13.0016 9.58201 429.649 18.6177 10.5686 8.04909 411.032 357.643 25.3561
internal_count=4000 304 255 3696 113 142 101 3584 170 86 84 3414 2865 229
is_linear=0
shrinkage=0.05


Tree=210
num_leaves=15
num_cat=0
split_feature=5 5 6 6 11 10 8 10 8 5 10 0 5 7
split_gain=0.458706 2.51971 2.81587 3.45022 2.36566 2.32267 2.79138 2.68249 2.31538 2.1861 1.98041 1.66503 3.10185 2.48152
threshold=0.35823234763414796 0.30537020655236807 2.3906952743563799 3.1619566908258712 1.0000000180025095e-35 54.801564005114408 1.3642124308438623 49.297289366868149 0.83991936831089842 0.38464467379865336 51.540878279590139 0.13981551756109675 0.52559961175899594 1.2705172122682578
decision_type=2 2 2 2 2 2 2 2 2 2 2 2 2 2
left_child=1 2 -1 -4 8 7 -7 -3 -5 10 -2 12 -11 -14
right_child=9 5 3 4 -6 6 -8 -9 -10 11 -12 -13 13 -15
leaf_value=-0.024772239354603227 0.0067398012156319742 0.013852242605322754 0.027917764971208538 0.011701631649037668 0.0071222199226603491 0.0012865743466661285 0.037368803459145693 -0.030764799386209921 -0.017001735990593472 0.032522278671043202 -0.027840923992149404 -0.0010760102784809062 -0.017570908401768021 0.017750546587920867
leaf_weight=10.612738925963638 5.5010820478200939 7.9284103978425247 9.7796962354332191 8.2806827900931221 34.083962600678205 8.8187106335535663 12.963745374232529 4.4227314312011003 30.365715138614178 9.9122686237096804 12.442826353013514 299.64474164973944 9.6933014690876025 8.2986248061060888
leaf_count=107 51 71 81 78 273 76 84 41 293 54 109 2577 59 46
internal_value=1.6633e-05 0.00257114 -0.00171611 0.00151058 -0.00237076 0.0139835 0.0234584 -0.00323199 -0.0107115 -0.00092898 -0.0174433 2.60529e-05 0.0114882 -0.00120237
internal_weight=472.749 127.256 93.1228 82.5101 72.7304 34.1336 21.7825 12.3511 38.6464 345.493 17.9439 327.549 27.9042 17.9919
internal_count=4000 1104 832 725 644 272 160 112 371 2896 160 2736 159 105
is_linear=0
shrinkage=0.05


Tree=211
num_leaves=15
num_cat=0
split_feature=1 3 9 10 9 9 3 5 10 1 1 8 8 1
split_gain=0.464642 0.817257 4.37081 3.1043 2.18839 1.72983 1.44304 1.08241 2.42318 1.08104 1.64557 1.42616 3.97347 3.74342
threshold=0.27226951496038126 0.68747191236534866 0.42104528967429417 66.531255379753318 0.23111448301639501 0.30564523113220177 0.6493117154055934 0.89173233703157118 58.246574369198136 0.22371346408978421 0.21084212790185131 1.1156732160823901 1.1465854862595501 0.092135578153052913
decision_type=2 2 2 2 2 2 2 2 2 2 2 2 2 2
left_child=1 6 3 4 -3 -6 7 9 -9 10 11 13 -13 -1
right_child=-2 2 -4 -5 5 -7 -8 8 -10 -11 -12 12 -14 -15
leaf_value=0.0021115620028632149 0.012183005872017982 -0.0322194991849701 0.027370528621336949 0.012064938274827694 0.011140866259456615 -0.021706148440066388 0.025044544690357051 0.026712634056897638 -0.0084643663284219087 -0.016019328507269823 0.023100659971918822 0.038122569751173785 0.00067252204929300723 -0.015418974047325749
leaf_weight=77.63769319653511 6.7212825268506995 16.512829393148426 7.0842913538217536 8.8825157620012742 7.210287716239689 6.9261348024010658 4.9139781370759001 10.312996508553626 7.9649231098592272 9.7669615708291513 6.5867486428469411 6.2935574427247039 246.747179874219 48.889815527014434
leaf_count=742 45 125 34 50 42 43 30 62 59 79 50 51 2085 503
internal_value=1.77716e-05 -0.00018352 -0.00639128 -0.0129676 -0.0203743 -0.00532333 0.000520509 0.000169943 0.0117397 -0.000392413 4.31922e-05 -0.000416579 0.00175037 -0.00472997
internal_weight=472.451 465.73 46.6161 39.5318 30.6493 14.1364 419.114 414.2 18.2779 395.922 386.155 379.568 253.041 126.528
internal_count=4000 3955 294 260 210 85 3661 3631 121 3510 3431 3381 2136 1245
is_linear=0
shrinkage=0.05


Tree=212
num_leaves=15
num_cat=0
split_feature=0 2 2 10 8 1 10 0 0 8 9 2 0 8
split_gain=0.453231 0.770807 3.05207 2.31937 2.8782 2.62303 2.53827 1.58154 2.23127 1.49714 1.34887 1.27794 3.8366 2.95165
threshold=1.9312689894651529 0.94315529986451396 1.0788986063274091 57.823875591107537 2.0480591983816381 0.045316148992622388 44.284938845171105 1.5681182680486141 1.4263666599326827 0.76396339999689855 0.17590551599834589 1.4335117716696981 0.85843827418206464 1.1596579767817559
decision_type=2 2 2 2 2 2 2 2 2 2 2 2 2 2
left_child=1 3 9 6 5 -5 -1 8 -8 -3 -11 -4 -13 -14
right_child=-2 2 11 4 -6 -7 7 -9 -10 10 -12 12 13 -15
leaf_value=-0.010626119699328215 -0.011747990539219563 0.0038709169285185948 0.0072015206593505424 0.0073837935284317953 0.020281284185568765 -0.036263782244258601 0.013731711328469535 0.0019821485235944711 0.058227198636915403 -0.0049162427484089714 -0.043348871764758073 0.00038685014700050123 0.0037506693248145783 -0.040844344244737485
leaf_weight=5.5685125999152687 7.037712385877966 3.7803289946168652 58.13749722763896 5.2764189988374728 6.0446239467710248 7.554691999219358 6.8169095236808079 4.9094601329416028 5.0697201080620289 3.6356060234829766 6.7527594659477472 336.76211651973426 5.5850330032408229 9.2029761932790262
leaf_count=48 75 40 559 51 44 86 59 47 39 47 89 2666 50 100
internal_value=2.40779e-05 0.000227032 -0.000413908 0.00666828 -0.00608821 -0.0190789 0.0172345 0.0265494 0.0357551 -0.0224382 -0.0315114 0.000400566 -0.000741376 -0.0248312
internal_weight=472.134 465.097 423.856 41.2403 18.8757 12.8311 22.3646 16.7961 11.8866 14.1687 10.3884 409.688 351.55 14.788
internal_count=4000 3925 3551 374 181 137 193 145 98 176 136 3375 2816 150
is_linear=0
shrinkage=0.05


Tree=213
num_leaves=15
num_cat=0
split_feature=13 6 0 2 6 7 10 4 7 8 3 4 6 5
split_gain=0.449457 1.51849 3.09949 2.19747 1.90351 3.76449 3.66734 2.34509 3.10698 5.49751 3.58628 3.94236 3.07147 3.03247
threshold=1.0000000180025095e-35 2.3523175425360496 1.0414886823499634 6.314440056051513 3.5792675692841311 0.67984806812152643 66.103973388276557 0.31515053633442869 0.56865826982157974 1.1249023930604982 0.47395601861891645 0.18270652306657223 6.5340909237216147 0.56193691709068072
decision_type=2 2 2 2 2 2 2 2 2 2 2 2 2 2
left_child=1 2 3 -1 5 -3 -7 8 -6 -10 11 -11 -12 -9
right_child=-2 4 -4 -5 7 6 -8 13 9 10 12 -13 -14 -15
leaf_value=-0.039649014144398448 0.0011829443577605625 -0.02458433441593149 0.021263971224326442 0.0052142018162680487 0.01855094512770384 0.0044929103821016265 0.042961512995072143 -0.031216653963888664 -0.030070340296378725 0.022079518666708639 -0.040237897180532049 -0.0073061934624101474 0.0029591206921916711 0.00021408445938088201
leaf_weight=8.9002916440367681 300.33541109319776 5.5091165574267498 3.4684934243559828 3.4745992831885806 18.257342427968979 18.31216451711953 8.5806615874171239 14.161768328398468 14.923673840239642 26.458806984126568 6.714367300271987 18.864002665504813 8.5487643554806692 15.511918725445865
leaf_count=137 2198 76 40 27 149 157 70 255 179 210 58 221 56 167
internal_value=1.74638e-05 -0.00201639 -0.0162786 -0.0276044 -0.000471905 0.0101295 0.0178672 -0.00331371 0.000605745 -0.00391895 0.00290639 0.00995507 -0.0173493 -0.0153149
internal_weight=472.021 171.686 15.8434 12.3749 155.843 32.4019 26.8928 123.441 93.767 75.5096 60.5859 45.3228 15.2631 29.6737
internal_count=4000 1802 204 164 1598 303 227 1295 873 724 545 431 114 422
is_linear=0
shrinkage=0.05


Tree=214
num_leaves=15
num_cat=0
split_feature=9 9 5 10 8 8 3 9 9 9 9 3 0 5
split_gain=0.451459 1.03677 2.60192 1.32563 0.806683 0.958229 2.18227 1.38261 4.59202 2.39126 3.54305 3.4135 3.34197 3.96936
threshold=0.022835299165022811 0.061603066026959745 0.32068308506846088 51.441233465510074 0.40004389145004449 0.46682494397910396 0.30155239066367001 0.18664407644107947 0.19598064516584426 0.15135656958634314 0.13760361459378448 0.4409645046715418 0.4693751977663711 0.65949358574208505
decision_type=2 2 2 2 2 2 2 2 2 2 2 2 2 2
left_child=-1 2 -2 -4 -3 6 -6 9 -9 10 -7 12 -11 -14
right_child=1 4 3 -5 5 7 -8 8 -10 11 -12 -13 13 -15
leaf_value=0.014317369256899304 0.01918226464703713 -0.016400260119672435 0.0042872670385747137 -0.031297087736288975 -0.0065738238095810718 0.0033687331726160934 0.033617752385650443 -0.034498254259270007 -0.00063213235600679608 0.038854930973414553 -0.023483856310155069 -0.015248984935586941 -0.0043025837675120015 0.034548765526371247
leaf_weight=4.4482653476297846 4.1905011059716371 6.1093757580965748 3.1812645718455306 9.6098236041143519 6.176679974421857 85.728948399424553 5.7919267937541008 9.3903507422655803 274.36129376292229 12.953637935221193 13.311516643501816 8.1614305973052961 19.513234822079543 8.7760400436818582
leaf_count=48 53 56 45 126 56 706 31 108 2264 86 136 56 174 55
internal_value=7.43414e-06 -0.000159081 -0.0119325 -0.0227778 0.000310397 0.000576572 0.0139684 0.000174329 -0.0018701 0.00406861 -0.000439051 0.0129345 0.0187406 0.00851814
internal_weight=471.704 467.256 16.9816 12.7911 450.274 444.165 11.9686 432.196 283.752 148.445 99.0405 49.4043 41.2429 28.2893
internal_count=4000 3952 224 171 3728 3672 87 3585 2372 1213 842 371 315 229
is_linear=0
shrinkage=0.05


Tree=215
num_leaves=15
num_cat=0
split_feature=4 0 0 7 7 0 13 5 5 0 0 7 6 0
split_gain=0.483946 3.43931 5.05117 5.04197 6.21175 2.05694 4.14362 4.80589 2.14877 4.72892 4.40026 3.99667 4.34087 1.99952
threshold=0.2129067266894876 0.52030791677160726 0.57271680952678172 0.64054281757401621 1.3335191292471411 0.88003625273875874 1.0000000180025095e-35 0.66352084176114645 0.64424750971831612 0.64049713773571959 0.77151714172423669 0.67281538204688962 4.5155818812412045 0.92690862829126497
decision_type=2 2 2 2 2 2 2 2 2 2 2 2 2 2
left_child=-1 3 -3 -2 -5 6 7 -4 9 -8 -10 -11 -13 -7
right_child=1 2 5 4 -6 13 8 -9 10 11 -12 12 -14 -15
leaf_value=-0.0014708252061082687 0.06002192401719092 -0.035107046389085884 -0.024067751644141756 -0.037976763362038035 0.029612267882683497 -0.020379419950420939 0.053302888852942869 0.020629184429546837 -0.020535630931828596 0.043495562679902428 0.032417403372237079 0.026102003749520292 -0.017897641936976929 -0.00014430464477570895
leaf_weight=254.32225077040493 5.0113078355789211 8.8392607364803535 16.123648686334494 4.533005125820635 7.835877425968647 12.84721728786826 8.4232911020517331 8.3543187584727985 9.1676147207617742 6.2813538871705559 5.387967023998498 8.6242718957364577 12.425224997103212 103.27209730539471
leaf_count=1920 36 87 223 54 59 112 60 83 69 48 35 66 108 1040
internal_value=6.7379e-06 0.00173623 -0.000167462 0.0224337 0.00385408 0.0016248 0.00803634 -0.00860178 0.0161414 0.0225805 -0.000110384 0.0115648 0.000495835 -0.00253797
internal_weight=471.449 217.126 199.746 17.3802 12.3689 190.907 74.7877 24.478 50.3097 35.7541 14.5556 27.3309 21.0495 116.119
internal_count=4000 2080 1931 149 113 1844 692 306 386 282 104 222 174 1152
is_linear=0
shrinkage=0.05


Tree=216
num_leaves=15
num_cat=0
split_feature=6 5 0 7 8 8 5 5 10 10 10 3 0 0
split_gain=0.472648 4.11767 3.44807 3.50009 3.11813 0.881179 0.820332 2.6782 2.34831 6.93824 6.29591 3.49125 4.71003 2.97897
threshold=11.380377702873687 0.65486608693327286 0.39806364328945959 1.7277557404582855 0.96722987439411845 0.40004389145004449 0.35823234763414796 0.38464467379865336 55.24913433290228 48.836488626211249 46.34248872431349 0.43087393417366909 0.64049713773571959 1.2656790189457834
decision_type=2 2 2 2 2 2 2 2 2 2 2 2 2 2
left_child=5 2 -2 4 -4 -1 8 -8 9 10 -7 12 -10 -14
right_child=1 -3 3 -5 -6 6 7 -9 11 -11 -12 -13 13 -15
leaf_value=-0.018447657608691281 -0.031837048251510479 0.031444009937022621 0.019549589902349732 0.041326632692432724 -0.032738228532735315 -0.0050340635843164061 -0.020767331694836615 -0.0003632389126789926 0.02715810486743004 -0.028456670348775123 0.046130057756512306 -0.013237977331765342 -0.010728817598466715 0.025095763097320919
leaf_weight=5.6684550046920767 7.4234034866094651 9.5756960697472078 4.4447001181542856 4.2414168752729884 5.1023495309054852 19.281246688216928 15.991052740253506 301.48139239940792 31.294545078650117 18.232713397592306 7.6304198913276187 13.513074591755865 20.331982938572768 6.9727537408471099
leaf_count=57 49 64 39 29 59 177 144 2539 231 191 57 89 209 66
internal_value=1.43257e-05 0.00590286 -0.00652375 0.00833566 -0.00884972 -0.000409774 -0.000132779 -0.00145297 0.0034237 -0.00544539 0.0106058 0.00897455 0.014233 -0.00101695
internal_weight=471.185 30.7876 21.2119 13.7885 9.54705 440.398 434.729 317.472 117.257 45.1444 26.9117 72.1124 58.5993 27.3047
internal_count=4000 240 176 127 98 3760 3703 2683 1020 425 234 595 506 275
is_linear=0
shrinkage=0.05


Tree=217
num_leaves=15
num_cat=0
split_feature=1 6 5 2 7 8 6 5 6 0 9 9 0 2
split_gain=0.46017 0.600145 3.69233 3.06519 2.3003 3.93999 1.24197 2.75075 1.92883 2.43027 3.92855 1.25944 1.00059 2.91697
threshold=0.27226951496038126 11.380377702873687 0.65486608693327286 3.4552479626499415 1.7560722608573491 0.96722987439411845 9.0443194765551738 0.22123896484451439 9.3787007388505295 0.55067375138022256 0.25859818824559561 0.24374062326191978 1.5038700928575306 0.94315529986451396
decision_type=2 2 2 2 2 2 2 2 2 2 2 2 2 2
left_child=1 6 3 4 5 -3 12 -8 -9 10 -10 -11 13 -1
right_child=-2 2 -4 -5 -6 -7 7 8 9 11 -12 -13 -14 -15
leaf_value=0.018820156123766269 0.012122759872537775 0.024068597509205116 0.030582877066504907 -0.032592430161254328 0.032636983160121709 -0.033341642245099369 0.021076753570992892 -0.036606111626436948 -0.016237247011360818 -0.007794493727934948 0.030879207096891476 -0.041482007295193794 -0.0097218014779916831 -0.00026348470746008105
leaf_weight=20.233368530869484 6.7178646549582473 4.7033706475049311 9.5788126941770297 6.0915254876017562 4.6745783984661093 5.3335913047194481 5.5657588522881261 6.7181460112333289 9.0840529538691062 6.3561297841370088 6.9126753844320765 4.8813999984413385 22.938758543692529 351.12492840923369
leaf_count=174 45 40 63 39 31 64 45 54 61 60 40 50 227 3007
internal_value=1.38055e-05 -0.000187118 0.00649105 -0.00549598 0.00708402 -0.0066957 -0.000668671 -0.00900476 -0.0143979 -0.00781709 0.00474208 -0.0246218 0.000187474 0.000824034
internal_weight=470.915 464.197 30.3819 20.8031 14.7115 10.037 433.815 39.5182 33.9524 27.2343 15.9967 11.2375 394.297 371.358
internal_count=4000 3955 237 174 135 104 3718 310 265 211 101 110 3408 3181
is_linear=0
shrinkage=0.05


Tree=218
num_leaves=15
num_cat=0
split_feature=4 4 7 4 4 13 6 0 0 5 2 1 0 7
split_gain=0.468604 1.1659 2.92027 0.929086 1.62478 2.22115 1.13707 0.857539 2.49205 2.64246 1.56301 1.87582 1.19018 2.1037
threshold=0.92068019695446679 0.69876428824431691 1.8452010187084888 0.62513257455451332 0.55069286919402216 3.0000000000000004 3.742659860633692 1.5286747711718232 1.3060415273983801 0.47005893663973469 0.99408738983483547 0.033269419517698719 1.0824377168266988 1.258500698492061
decision_type=2 2 2 2 2 2 2 2 2 2 2 2 2 2
left_child=1 3 -3 4 7 6 -6 8 10 -10 11 -1 -12 -14
right_child=-2 2 -4 -5 5 -7 -8 -9 9 -11 12 -13 13 -15
leaf_value=0.0048524643162532804 0.010768425395954483 -0.037669005906578942 0.019588511828220606 0.017037807032121131 -0.0051186878044799222 0.0097990228395958019 -0.046109081220621247 -0.015268747385133008 0.043568053692035959 0.00080432070155130465 -0.0001129776175140521 -0.039009180021395806 0.028891344745202493 -0.0092351561490375336
leaf_weight=4.0059062447398883 8.9101055413484556 5.2099945358932009 2.6962248496711254 6.9836589684709898 2.8286949666216952 4.1960839666426182 4.5598751548677683 7.6263288594782344 5.8552955426275712 7.71770322881639 392.03131934069097 4.5285409074276686 8.297883212566374 5.2906236741691819
leaf_count=39 60 98 22 75 34 30 71 73 48 64 3210 49 75 52
internal_value=1.03972e-05 -0.000219977 -0.0181357 0.000131252 -0.000170369 -0.0178823 -0.032897 0.000340841 0.000654123 0.020976 -6.08043e-05 -0.0200717 0.000408563 0.0144315
internal_weight=470.738 461.828 7.90622 453.922 446.938 11.5847 7.38857 435.354 427.727 13.573 414.154 8.53445 405.62 13.5885
internal_count=4000 3940 120 3820 3745 135 105 3610 3537 112 3425 88 3337 127
is_linear=0
shrinkage=0.05


Tree=219
num_leaves=15
num_cat=0
split_feature=6 6 7 6 0 2 9 4 0 0 10 9 10 5
split_gain=0.444022 2.74901 2.74142 2.28762 2.06433 3.36337 2.13655 2.63094 3.13337 3.84212 3.1624 4.5421 4.39661 2.52339
threshold=7.2802261505247978 6.9103114123342344 1.6870112983387393 7.3990863448084356 0.18075721267586992 5.7736180619859025 0.45178800255270185 0.11641120972548014 0.91276996423765577 1.0824377168266988 52.423255801233992 0.14133176125240191 65.109315171520578 0.63346278823751034
decision_type=2 2 2 2 2 2 2 2 2 2 2 2 2 2
left_child=1 -1 -3 -2 -5 6 7 -6 10 -10 -9 -12 13 -13
right_child=3 2 -4 4 5 -7 -8 8 9 -11 11 12 -14 -15
leaf_value=2.9884368868490148e-06 0.031467738125006375 -0.036110615106742745 0.0088221799019209939 -0.016214575655277921 -0.014561947404854517 0.031539487753982624 -0.021479106409444556 0.030130024358879567 -0.038468260676087274 0.0037723253447041285 -0.019389775501133591 -0.01754303012200081 0.038992826287892593 0.020086244653238605
leaf_weight=319.57198917120695 5.4499271661043158 9.4414131436496955 4.5353969186544409 14.484624072909353 16.92615782469511 8.6196070313453657 8.9052554685622436 17.492883471772075 6.3634170908480909 19.467128364369273 12.241112750023602 9.0506218411028438 11.0506285559386 7.0044938400387755
leaf_count=2800 45 88 32 85 111 46 72 144 72 193 103 81 84 44
internal_value=6.3309e-06 -0.000978194 -0.0219147 0.00239207 0.000959796 0.00320307 0.000684499 0.00286004 0.00655848 -0.00767965 0.0130498 0.00489772 0.0161657 -0.000911055
internal_weight=470.605 333.549 13.9768 137.056 131.606 117.121 108.502 99.5964 82.6703 25.8305 56.8397 39.3469 27.1057 16.0551
internal_count=4000 2920 120 1080 1035 950 904 832 721 265 456 312 209 125
is_linear=0
shrinkage=0.05


Tree=220
num_leaves=15
num_cat=0
split_feature=3 1 3 4 4 5 4 1 6 7 1 6 5 7
split_gain=0.446329 1.75239 1.1833 0.84563 4.88037 2.15836 1.64729 1.07066 1.4652 3.13116 3.45011 2.98965 4.34754 2.50875
threshold=1.4965475861500288 0.1830900228424007 1.0244632021558953 0.05804120500322834 0.051392773880666258 0.6575559742597662 0.070521770534622094 0.011014792637687962 3.9353759096663476 0.65575520818501498 0.083788213414799848 4.4886073998565683 0.68606892723992663 1.9532493606114805
decision_type=2 2 2 2 2 2 2 2 2 2 2 2 2 2
left_child=2 -2 3 4 5 -1 -5 -8 9 -9 -11 12 13 -10
right_child=1 -3 -4 6 -6 -7 7 8 11 10 -12 -13 -14 -15
leaf_value=-0.016430324868634674 -0.0072751461259387409 0.024091108417004844 -0.016089117873706132 -0.015522487067217575 0.038245475191114937 0.016420015344290367 0.018127293810307112 -0.021697731378498002 0.030903394051604562 -0.011006457209572947 0.0071747810397369619 -0.00020954255645564399 -0.017100936224358668 -0.0052162807648795089
leaf_weight=13.494627434760337 8.5861600637435931 7.5288175716996184 10.557011500000952 16.400901064276695 8.3258144967257959 6.6910930797457686 7.1524134520441285 21.148214248009026 22.98337920289487 46.248247133567929 57.29114386998117 230.83609441947192 7.5330058522522441 5.6847022585570803
leaf_count=90 49 41 75 112 50 37 71 241 184 433 463 2066 54 34
internal_value=3.58332e-06 0.00793036 -0.000294366 0.000116692 0.00829529 -0.00528014 -0.0004634 0.000193065 -0.000179716 -0.00463352 -0.000973888 0.00190942 0.0150634 0.0238067
internal_weight=470.462 16.115 454.347 443.79 28.5115 20.1857 415.278 398.877 391.725 124.688 103.539 267.037 36.2011 28.6681
internal_count=4000 90 3910 3835 177 127 3658 3546 3475 1137 896 2338 272 218
is_linear=0
shrinkage=0.05


Tree=221
num_leaves=15
num_cat=0
split_feature=8 8 10 5 5 8 5 5 5 10 10 7 7 8
split_gain=0.45145 2.21847 1.38236 1.29372 0.726903 2.92748 2.29932 1.44855 1.24099 1.056 3.45631 3.08572 5.83569 5.82416
threshold=3.5596529960341701 3.3909490581701234 51.315837109844082 0.53328999583754688 0.14478601744369324 0.86376401480928855 0.16325625146210107 0.093726828126129452 0.1850085801896342 57.042034514181445 57.686421916706543 0.87178402527727317 0.77319653522367793 1.477307609331975
decision_type=2 2 2 2 2 2 2 2 2 2 2 2 2 2
left_child=1 4 -2 -4 5 -1 -6 -7 -8 11 -11 12 -10 -13
right_child=2 -3 3 -5 6 7 8 -9 9 10 -12 13 -14 -15
leaf_value=0.018581645567461658 -0.013810269772764875 -0.030346657360644388 -0.00072100856923549813 0.023687374446458985 0.025834295539805138 -0.035925410522244898 -0.021637320979796065 -0.0056082777198333761 0.0044829832101872134 -0.03076095736262437 -0.00068174247043809478 -0.018902509582270789 0.042024270344476422 0.0051361369686098298
leaf_weight=6.1664429418742683 5.7760105878114727 5.0915702898055306 10.168911982327701 10.506948459893463 7.7756526675075284 6.6379376649856559 5.5407056640833607 9.0659650806337577 57.012698857113719 9.0205640383064729 204.73073631711304 34.373266685754061 11.735104793682693 86.655541403219104
leaf_count=61 40 45 58 58 61 65 58 86 498 83 1724 342 102 719
internal_value=4.04756e-06 -0.000380009 0.00622682 0.0122033 3.59967e-05 -0.0086437 0.000510986 -0.0198067 -3.21899e-05 0.000317217 -0.00208845 0.00302354 0.0114018 -0.00179001
internal_weight=470.258 443.806 26.4519 20.6759 438.715 21.8703 416.844 15.7039 409.069 403.528 213.751 189.777 68.7478 121.029
internal_count=4000 3844 156 116 3799 212 3587 151 3526 3468 1807 1661 600 1061
is_linear=0
shrinkage=0.05


Tree=222
num_leaves=15
num_cat=0
split_feature=4 4 7 4 4 13 6 5 5 9 5 5 5 5
split_gain=0.415534 1.08354 3.14848 0.826204 1.51782 2.098 1.28737 0.805126 1.36613 2.89714 2.06818 1.23849 1.63376 1.14998
threshold=0.92068019695446679 0.69876428824431691 1.9180532146883118 0.62513257455451332 0.55069286919402216 3.0000000000000004 3.4577004821989568 0.080568992952421994 0.14478601744369324 0.22906211340476709 0.10527662814937279 0.16325625146210107 0.1850085801896342 0.35823234763414796
decision_type=2 2 2 2 2 2 2 2 2 2 2 2 2 2
left_child=1 3 -3 4 7 6 -6 -1 9 -9 -11 -10 -13 -14
right_child=-2 2 -4 -5 5 -7 -8 8 11 10 -12 12 13 -15
leaf_value=0.016442516985467139 0.010101156299133891 -0.037615853927057116 0.022471855004287819 0.015985096749334165 -0.0025584899496375302 0.0093380412397512796 -0.045941767773946325 -0.041051313342418266 0.019129958363892335 0.023142309339614899 -0.0177223212227536 -0.024060328724823596 0.0058795789177729305 -0.00075254161198005758
leaf_weight=6.6099378112703553 8.9614791460335237 5.2248595161363474 2.5416937209665775 7.0568107571452847 2.6470184354111534 4.2198610939085484 4.5654845014214516 5.2115573454648247 7.8251917753368607 4.9220826216042024 5.4976198077201843 5.8260156139731398 81.23397570848465 317.77860724553466
leaf_count=57 60 100 20 75 32 30 73 63 59 37 51 61 669 2613
internal_value=-2.54995e-06 -0.000220321 -0.0176312 0.000116069 -0.000170001 -0.0173962 -0.0322702 0.000321694 3.51775e-05 -0.0140155 0.00191754 0.000599995 0.000195572 0.000608998
internal_weight=470.122 461.161 7.76655 453.394 446.337 11.4324 7.2125 434.905 428.295 15.6313 10.4197 412.664 404.839 399.013
internal_count=4000 3940 120 3820 3745 135 105 3610 3553 151 88 3402 3343 3282
is_linear=0
shrinkage=0.05


Tree=223
num_leaves=15
num_cat=0
split_feature=10 13 8 7 8 6 2 10 9 8 9 0 12 4
split_gain=0.425783 1.74698 1.21719 2.61041 3.12176 1.8522 1.43266 1.00198 1.08332 1.57374 1.56365 1.38508 1.11776 1.82866
threshold=41.311665397692572 3.0000000000000004 2.0372348814390997 0.82489495591642736 0.68448631857075226 5.8492851009200786 4.9159086077592145 41.871975660876984 0.56966829355115245 1.444164243819954 0.49403275900633642 0.37382901664790397 1.0000000180025095e-35 0.11138482515786145
decision_type=2 2 2 2 2 2 2 2 2 2 2 2 2 2
left_child=1 2 3 4 -1 -4 -5 -2 10 -10 12 -12 -9 -14
right_child=7 -3 5 6 -6 -7 -8 8 9 -11 11 -13 13 -15
leaf_value=-0.011150548434834611 0.022021335655450315 -0.021603053310399592 -0.0070864192688253605 -0.030978309328829851 0.03940368354154683 0.031891855074858089 0.0043583633899474169 -0.0006407829076237857 -0.0020332750814111857 0.030986079693352049 0.0041050762794043773 -0.031239011966620968 0.023156240095226335 0.00071459358693030863
leaf_weight=6.042568217962982 4.3297951351851216 10.346209773793815 5.1155315749347192 8.4023996479809266 4.5583132561296225 5.5851288959383965 3.8056132681667796 357.53251762129366 7.3588684312999231 5.8705625180155039 4.0743956007063371 6.4689472485333681 12.484857641160486 27.977634605020285
leaf_count=60 32 91 47 103 45 45 25 3077 55 33 28 78 69 212
internal_value=-9.08081e-06 -0.0046432 0.00106749 -0.00545327 0.0121102 0.0142449 -0.0204668 0.000477637 0.000204908 0.013767 -0.000266806 -0.0184082 0.000258711 0.00803053
internal_weight=469.953 43.8558 33.5096 22.8089 10.6009 10.7007 12.208 426.098 421.768 13.2294 408.538 10.5433 397.995 40.4625
internal_count=4000 416 325 233 105 92 128 3584 3552 88 3464 106 3358 281
is_linear=0
shrinkage=0.05


Tree=224
num_leaves=15
num_cat=0
split_feature=10 6 6 9 5 1 1 10 6 6 5 3 6 7
split_gain=0.42744 0.716948 2.35982 4.44006 4.84053 2.48552 3.39509 3.88698 3.29079 2.39117 2.35503 2.30982 2.24086 2.43068
threshold=85.54697153277364 7.2802261505247978 7.9054972290487759 0.33787427043628054 0.56193691709068072 0.14418211824179869 0.116360951576907 47.123090946505826 10.524283265501628 8.1784877318318969 0.74963697024410536 0.58549863680547631 6.9103114123342344 1.6870112983387393
decision_type=2 2 2 2 2 2 2 2 2 2 2 2 2 2
left_child=1 12 3 4 -3 6 7 8 -4 -9 -11 -7 -1 -14
right_child=-2 2 5 -5 -6 11 -8 9 -10 10 -12 -13 13 -15
leaf_value=-0.00017217654451892801 -0.01079372642309015 0.0030562796040903852 -0.042513718517599566 -0.014982411062072801 0.050859137337316833 0.022407788377391501 -0.028266759306296602 -0.020600380373536675 0.006952363664584741 0.014647750499481877 -0.013845965672216144 -0.0076923690336787535 -0.034405048711761525 0.0082644570110467427
leaf_weight=313.89596654661 8.0045502157881838 10.470613908022647 7.7597478013485652 7.7714947797358027 10.004785833880304 18.209812888875607 11.822564233094452 6.5607372466474763 5.0546018704771996 39.80783043242991 7.9873159602284423 8.9214901775121671 8.8482731990516168 4.5513282380998126
leaf_count=2756 67 94 72 58 68 136 101 52 39 332 57 51 85 32
internal_value=-4.49641e-06 0.000205496 0.00326692 0.0158421 0.0276945 -0.000196852 -0.00469064 -0.00018725 -0.0239111 0.00573653 0.00969983 0.0125885 -0.00105749 -0.0203444
internal_weight=469.671 461.667 134.371 28.2469 20.4754 106.124 78.9928 67.1702 12.8143 54.3559 47.7951 27.1313 327.296 13.3996
internal_count=4000 3933 1060 220 162 840 653 552 111 441 389 187 2873 117
is_linear=0
shrinkage=0.05


Tree=225
num_leaves=15
num_cat=0
split_feature=3 1 3 1 0 2 1 6 10 2 6 3 9 3
split_gain=0.428925 1.59586 1.09453 1.86751 1.83676 1.2344 2.75216 2.70918 2.60575 1.62452 1.99554 1.6742 3.0909 2.87492
threshold=1.4965475861500288 0.1830900228424007 0.7490523764613507 0.099268280741344486 0.16717015464385343 6.314440056051513 0.083788213414799848 6.2878161462319033 55.526079525770243 5.2269863036529438 5.7165370275070364 0.25972064368768172 0.44156274744287222 0.27761216685388862
decision_type=2 2 2 2 2 2 2 2 2 2 2 2 2 2
left_child=2 -2 5 -4 -5 9 7 8 -7 11 -11 -1 13 -13
right_child=1 -3 3 4 -6 6 -8 -9 -10 10 -12 12 -14 -15
leaf_value=-0.0014315706446965985 -0.0068164647215423618 0.023138098050740765 0.011167295522166916 -0.03414528316480827 -0.0036378678889851003 0.030688063822878971 0.028261329701187551 -0.026531391044814129 -0.011775413900067328 -0.026977688829987918 0.0014137338806561469 0.032095867259330717 -0.021522665308770214 0.005436111869456286
leaf_weight=289.08791767526418 8.5477009862661379 7.5469899699091902 6.9142972305417087 8.3067730925977248 11.077481880784033 6.7121942639350944 11.337556846439837 6.2833390682935706 6.0298264101147652 11.431261278688909 12.137363959103821 11.121594134718178 7.8924503773450843 65.087118946015835
leaf_count=2764 49 41 39 62 79 39 65 41 42 93 80 76 57 473
internal_value=-1.37733e-05 0.00776145 -0.000306237 -0.0100129 -0.017745 0.00031341 0.00986298 -0.0019647 0.0111987 -0.000440355 -0.0128942 0.000378524 0.00654422 0.00969204
internal_weight=469.514 16.0947 453.419 26.2986 19.3843 427.121 30.3629 19.0254 12.742 396.758 23.5686 373.189 84.1012 76.2087
internal_count=4000 90 3910 180 141 3730 187 122 81 3543 173 3370 606 549
is_linear=0
shrinkage=0.05


Tree=226
num_leaves=15
num_cat=0
split_feature=4 0 0 7 7 0 13 5 6 0 0 1 0 6
split_gain=0.42924 2.92971 4.68614 4.32751 5.61471 1.83479 3.81864 4.36467 1.98664 4.25373 6.85643 2.05388 1.83493 3.77724
threshold=0.2129067266894876 0.52030791677160726 0.57271680952678172 0.64054281757401621 1.3335191292471411 0.88003625273875874 1.0000000180025095e-35 0.66352084176114645 6.2308704895064846 0.64049713773571959 0.75300887529008176 0.077180656345288742 0.92690862829126497 7.4471785433132691
decision_type=2 2 2 2 2 2 2 2 2 2 2 2 2 2
left_child=-1 3 -3 -2 -5 6 7 -4 9 -8 -11 -10 13 -7
right_child=1 2 5 4 -6 12 8 -9 11 10 -12 -13 -14 -15
leaf_value=-0.0014094071906774544 0.054753717722039366 -0.034237402508535519 -0.02346466876132091 -0.037304783337583934 0.027225247204481152 -0.03749096437936552 0.05189008077323997 0.019082661397377618 0.019162793844490534 -0.019123817345979732 0.032485551655621753 -0.013217271122434582 -0.00010969701695175989 0.016679122905551663
leaf_weight=253.15031597204506 5.1916997395455864 8.604000845924018 15.817533884197475 4.3942025396972886 8.0038913115859014 8.4328791964799148 8.0924305580556375 8.4871630389243347 8.0476976260542887 10.197485204786064 14.383953545242546 9.6886962577700597 102.6427656179294 4.1725368611514559
leaf_count=1920 36 87 223 54 59 78 56 83 60 91 107 72 1040 34
internal_value=-1.46459e-05 0.00161778 -0.000158388 0.0205985 0.00327685 0.00155636 0.00760683 -0.00844023 0.0153574 0.0224929 0.011165 0.00171344 -0.00239783 -0.0196521
internal_weight=469.307 216.157 198.567 17.5898 12.3981 189.963 74.715 24.3047 50.4103 32.6739 24.5814 17.7364 115.248 12.6054
internal_count=4000 2080 1931 149 113 1844 692 306 386 254 198 132 1152 112
is_linear=0
shrinkage=0.05


Tree=227
num_leaves=15
num_cat=0
split_feature=9 9 3 8 10 8 8 8 9 9 1 5 1 3
split_gain=0.430436 1.97803 1.50698 0.862711 0.836318 3.90362 3.74766 4.59624 3.73136 2.36926 2.87238 2.1802 2.14703 1.70314
threshold=0.53492379293842507 0.50017864443174231 0.10392078779925515 0.40004389145004449 70.703827706972476 1.251206640825214 1.009397265866979 0.76396339999689855 0.22404009310652326 0.18664407644107947 0.061058121022803946 0.43645047096073497 0.087495174321198646 0.056057188568363531
decision_type=2 2 2 2 2 2 2 2 2 2 2 2 2 2
left_child=1 3 -2 -1 13 6 7 8 -6 11 -11 -7 -13 -5
right_child=2 -3 -4 4 5 9 -8 -9 -10 10 -12 12 -14 -15
leaf_value=-0.017701266125039413 -0.011220198513492543 -0.027919164142369141 0.016296397040476505 0.007410645496931937 -0.0057452711202374994 -0.012405643610424608 0.042747293282218699 -0.021258315238440486 0.043576698414183768 0.010775537730838376 -0.025572273275448944 -0.0025713692488271637 0.034637789512738278 -0.0021548435812871721
leaf_weight=5.7340097464621058 6.7561022266745594 5.4083102587610474 13.367132406681774 53.902786226943135 6.2773094065487411 8.26594425737858 9.536714203655718 8.5148799289017898 8.0794900581240636 7.1066517438739565 17.075852368026972 6.6985896900296193 7.8002333547919989 304.53668720088899
leaf_count=57 62 60 84 526 58 59 60 81 51 52 136 48 48 2618
internal_value=-1.13793e-05 -0.000338839 0.00696425 5.95196e-05 0.000331951 0.00494274 0.0180191 0.00634952 0.0230415 -0.00427162 -0.0148868 0.00715659 0.0183901 -0.000699753
internal_weight=469.061 448.937 20.1232 443.529 437.795 79.3557 32.4084 22.8717 14.3568 46.9473 24.1825 22.7648 14.4988 358.439
internal_count=4000 3854 146 3794 3737 593 250 190 109 343 188 155 96 3144
is_linear=0
shrinkage=0.05


Tree=228
num_leaves=15
num_cat=0
split_feature=1 6 1 1 6 8 6 7 3 3 7 3 8 5
split_gain=0.419942 1.75246 3.68341 3.7708 3.16518 2.71265 2.58493 4.67053 2.56257 4.24455 3.05718 2.50557 2.49735 2.19909
threshold=0.062649582790866437 5.528285349908912 0.049176424854554431 0.043131314684085521 4.4886073998565683 1.5759031698248289 2.6944849954105585 1.8838828593398562 0.057125276128330675 0.028137717366172776 1.3727251734425339 0.063511237212471594 1.0568469310380284 0.31729910998793137
decision_type=2 2 2 2 2 2 2 2 2 2 2 2 2 2
left_child=1 4 3 8 5 12 11 -8 9 -3 -10 -7 13 -1
right_child=-2 2 -4 -5 -6 6 7 -9 10 -11 -12 -13 -14 -15
leaf_value=0.023792302965552719 0.00097695334068431693 -0.010033707783468892 -0.014134515179991688 0.037984159037579533 -0.026104605980493967 0.013165560099720043 0.037853979526509769 -0.011181453880140191 -0.031179709724219504 0.034804414440198557 0.011105813433945028 -0.033637837446993619 -0.029304279735523658 -0.010370260239552067
leaf_weight=5.4458999056369093 326.77102047111839 8.8231628146022576 18.934386247768998 9.4850889984518272 16.364034275524318 4.8372095543891209 11.770065607503058 7.2379451766610137 7.9068365693092328 10.936773248016832 7.4672893676906824 4.8077876660972834 11.475702676922081 16.515847799368203
leaf_count=44 2688 93 173 72 180 44 85 51 79 98 54 45 118 176
internal_value=-9.46174e-06 -0.00227024 0.00386838 0.0116504 -0.00722904 -0.00191944 0.00919887 0.0195564 0.00368664 0.0152645 -0.0112175 -0.011133 -0.0114373 -0.00123166
internal_weight=468.779 142.008 63.5535 44.6192 78.4545 62.0905 28.653 19.008 35.1341 19.7599 15.3741 9.645 33.4375 21.9617
internal_count=4000 1312 569 396 743 563 225 136 324 191 133 89 338 220
is_linear=0
shrinkage=0.05


Tree=229
num_leaves=15
num_cat=0
split_feature=10 7 8 7 2 10 6 6 6 2 2 0 2 7
split_gain=0.431478 2.62217 3.81245 3.66614 2.69014 2.98839 2.0921 3.62666 2.51565 2.37348 3.23115 3.05872 3.00082 2.7605
threshold=60.118817472513271 0.89605414761918134 1.1527987886736428 0.77870650646232265 0.92339212570438955 64.580538590886036 5.9263030987361303 6.8783855509692531 8.73339128544864 4.3764568920209204 1.9291343504001228 0.15453771754225787 0.82463390433417205 2.2040320935475779
decision_type=2 2 2 2 2 2 2 2 2 2 2 2 2 2
left_child=-1 3 -3 4 -2 -6 9 -8 -9 10 12 -11 -4 -12
right_child=1 2 6 -5 5 -7 7 8 -10 11 13 -13 -14 -15
leaf_value=0.0013363868396530877 -0.038491854738167824 0.026080265029083668 0.030759286293218942 -0.034738850990502279 -0.021447686297508612 0.0067067207130993723 -0.031933231039028086 0.010835890485457616 -0.014082372713009175 0.015601062319514811 0.028889588319328637 -0.024555628767689196 -0.0089057933581961398 -0.0058111141562156342
leaf_weight=261.34702020324767 4.1660891547799102 13.781256349757312 4.763791115954521 11.265328636392949 11.656875068321822 35.916502549313009 11.581888808868824 20.376028744503856 18.255782218649983 6.468917295336726 22.556414280086759 12.516152709722517 26.70240829885006 7.1813429556787005
leaf_count=2288 55 112 39 120 116 298 108 148 145 38 163 85 241 44
internal_value=-1.24267e-05 -0.00171206 0.00201383 -0.0101369 -0.00422311 -0.000491463 -0.000708685 -0.00861721 -0.000997653 0.00428871 0.00906004 -0.0107768 -0.00213828 0.0205933
internal_weight=468.536 207.189 144.184 63.0048 51.7395 47.5734 130.403 50.2137 38.6318 80.189 61.204 18.9851 31.4662 29.7378
internal_count=4000 1712 1123 589 469 414 1011 401 293 610 487 123 280 207
is_linear=0
shrinkage=0.05


Tree=230
num_leaves=15
num_cat=0
split_feature=9 3 3 0 2 2 2 7 10 10 6 9 10 2
split_gain=0.418435 2.66987 3.38579 2.9337 3.5328 2.91093 3.85236 3.32925 2.8434 2.32253 3.1979 4.84299 2.70498 3.64388
threshold=0.27393766491923949 0.030362069963982288 0.039999436683550098 1.5038700928575306 0.89589923278286643 1.227671507715874 1.3852169291846697 0.99339153460314356 40.22056368695889 53.683497193991478 10.072961986623065 0.38862354743315797 55.24913433290228 4.4368400353623292
decision_type=2 2 2 2 2 2 2 2 2 2 2 2 2 2
left_child=-1 -2 -3 4 -4 7 -7 -6 -8 10 11 -10 -11 -14
right_child=1 2 3 -5 5 6 8 -9 9 12 -12 -13 13 -15
leaf_value=-0.001289590366846591 -0.022544274361472414 0.033643371093469557 0.044983684471492584 -0.028192754724707586 0.010114107243069811 0.03240155535765149 -0.023596953106623811 -0.040664461921991524 0.02262359997236793 -0.027555512156147596 0.044016835374720426 -0.013126649701443749 0.0085399112043662677 -0.013194768293211621
leaf_weight=271.85520055890083 9.7261562906205636 7.662853453308343 3.8655732814222565 6.8976141884922972 4.7993490789085609 9.8244952373206598 9.5171645246446115 7.1457484234124422 20.249632969498634 7.7228490300476542 5.9909673556685439 16.208733931183815 59.592269483953714 27.298538990318775
leaf_count=2459 107 54 29 65 48 86 84 79 151 63 32 120 452 171
internal_value=-2.08441e-05 0.00173207 0.00310957 0.00162373 0.00297381 0.00174927 0.00361378 -0.0210572 0.00147781 0.00337721 0.0129477 0.00680356 -0.00100721 0.00163908
internal_weight=468.357 196.502 186.776 179.113 172.215 168.35 156.405 11.9451 146.58 137.063 42.4493 36.4584 94.6137 86.8908
internal_count=4000 1541 1434 1380 1315 1286 1159 127 1073 989 303 271 686 623
is_linear=0
shrinkage=0.05


Tree=231
num_leaves=15
num_cat=0
split_feature=9 9 9 1 1 7 9 9 7 6 6 1 6 5
split_gain=0.421283 3.16491 3.22221 2.63527 3.35995 2.75099 2.42555 3.22468 1.9909 3.05844 2.34135 3.60295 3.5342 4.78648
threshold=0.17724236030753632 0.15135656958634314 0.13760361459378448 0.099695301283478546 0.066441766110707109 1.4835698197159914 0.19598064516584426 0.18898604093082702 0.89605414761918134 2.9092339316104998 7.2802261505247978 0.053995227456658988 8.3934682200524104 0.57475321818147529
decision_type=2 2 2 2 2 2 2 2 2 2 2 2 2 2
left_child=1 2 8 4 -3 -5 7 -2 9 -1 11 -10 -12 -14
right_child=6 3 -4 5 -6 -7 -8 -9 10 -11 12 -13 13 -15
leaf_value=0.0195906310861142 -0.0030338543779252752 0.0037769837719652082 -0.023995420270544781 -0.016532557342406058 0.042540412193701853 0.022562612453854179 0.00012677839204479726 -0.043492911368503875 -0.02387624708509524 -0.017723647148919188 0.040354594084829595 0.0061871006383068458 0.021396708907527012 -0.032649235921877205
leaf_weight=6.1470488468185094 14.503386238589885 10.377652879804375 13.57665677834302 10.139449123293163 11.681763920933006 6.5501335933804503 285.13389449845999 6.5894295694306484 11.952302269637583 23.984357994049788 9.250088933855297 42.237629733979702 10.677789209410546 5.3154768832027903
leaf_count=70 128 84 144 91 73 40 2352 80 108 283 62 353 88 44
internal_value=-1.96062e-05 0.00203602 -0.00190911 0.014306 0.0252591 -0.000780846 -0.00110943 -0.0170699 0.00101998 -0.00972647 0.00516667 -0.000756239 0.0174257 0.00256989
internal_weight=468.117 161.89 123.141 38.749 22.0594 16.6896 306.227 21.0928 109.565 30.1314 79.4333 54.1899 25.2434 15.9933
internal_count=4000 1440 1152 288 157 131 2560 208 1008 353 655 461 194 132
is_linear=0
shrinkage=0.05


Tree=232
num_leaves=15
num_cat=0
split_feature=0 6 10 10 4 1 1 6 8 10 4 4 4 3
split_gain=0.459187 2.41185 2.51612 3.53432 1.60595 2.52449 4.26486 3.04628 3.30455 2.05179 1.93381 3.30053 2.98998 4.28039
threshold=0.29467142722099288 2.8742296276385964 55.689501656761671 65.631314105011782 0.13688528978454753 0.13111638151348751 0.17235689459606177 5.4275512264184558 1.0946418589185207 64.959418938412014 0.15906478664193061 0.15288923834467474 0.1743591988319286 0.12842614284816636
decision_type=2 2 2 2 2 2 2 2 2 2 2 2 2 2
left_child=1 2 -1 -4 5 7 -7 8 -2 -10 11 -6 13 -12
right_child=4 -3 3 -5 10 6 -8 -9 9 -11 12 -13 -14 -15
leaf_value=0.034470053554668027 -0.031914755147436691 -0.00070977684213521059 -0.024330084966172894 0.026162305289930545 0.0017863961658715921 0.029940429096437373 -0.021993853342870122 -0.033266900595612339 -0.0050245849414381327 0.032621159058615568 0.01696922983153671 0.040548249557658456 0.00053031400276690155 -0.036280853177321097
leaf_weight=10.007893789559605 5.782052809372547 101.85287201032043 5.8844475075602514 5.9811579994857311 18.683598246425394 8.1783988662064058 6.0116492472589007 14.394588025286792 8.417896864935754 5.0693829059600821 4.6787192951887873 6.8372403550893059 254.31773184612393 11.656134679913519
leaf_count=63 58 656 44 37 158 59 51 128 68 32 45 56 2442 103
internal_value=-2.17526e-05 0.00257832 0.0172508 0.00117709 -0.000961607 -0.00936089 0.00793888 -0.0166718 -0.00324521 0.0104001 0.000422433 0.0133084 -0.000837148 -0.0209296
internal_weight=467.754 123.726 21.8735 11.8656 344.027 47.854 14.19 33.6639 19.2693 13.4873 296.173 25.5208 270.653 16.3349
internal_count=4000 800 144 81 3200 396 110 286 158 100 2804 214 2590 148
is_linear=0
shrinkage=0.05


Tree=233
num_leaves=15
num_cat=0
split_feature=0 0 7 8 8 8 5 6 2 10 9 6 2 2
split_gain=0.418316 2.3457 2.01561 1.72811 6.85893 3.189 2.85876 2.52978 2.14279 2.21759 1.80299 2.46099 4.19382 1.62773
threshold=0.29467142722099288 0.27450824476624158 1.357999808187049 1.5205062833678531 1.3267044699702824 2.2515463788916983 0.52363007044677856 2.73252092855784 6.314440056051513 54.151478316853805 0.39579800632539758 5.255914940897795 6.2542482036315201 6.314440056051513
decision_type=2 2 2 2 2 2 2 2 2 2 2 2 2 2
left_child=1 3 -3 4 7 8 -7 -1 -5 -10 11 13 -13 -9
right_child=-2 2 -4 5 -6 6 -8 10 9 -11 -12 12 -14 -15
leaf_value=0.022829751233392356 -0.00091788141869243278 0.0022617145469039108 0.042139264713802728 -0.034312076679984913 0.047621008761887844 -0.0094252889866545606 0.022193976709368152 -0.045414515073933188 0.013232511489216954 -0.020805693582439003 0.014500804285918566 0.031491795816601657 -0.01486982591034192 -0.0097355831687196033
leaf_weight=8.2042907178401929 343.73642265517265 6.3774273097515088 5.5433618314564228 10.625442847609522 7.5177165977656832 13.809872306883337 12.954507052898405 5.6258382573723775 7.5844871252775219 9.9724754653871042 7.6748699061572543 6.1897326484322575 14.170114621520041 7.560810960829258
leaf_count=58 3200 47 33 73 46 81 69 48 45 69 46 39 96 50
internal_value=-1.99461e-05 0.00246037 0.0226316 0.000129891 0.00618075 -0.00613923 0.00612723 -0.000941759 -0.0175993 -0.00618073 -0.00610166 -0.0110985 3.93556e-05 -0.0270856
internal_weight=467.547 123.811 11.9208 111.89 56.9434 54.9468 26.7644 49.4257 28.1824 17.557 41.2214 33.5465 20.3598 13.1866
internal_count=4000 800 80 720 383 337 150 337 187 114 279 233 135 98
is_linear=0
shrinkage=0.05


Tree=234
num_leaves=15
num_cat=0
split_feature=4 4 7 9 6 8 5 7 7 1 6 5 0 0
split_gain=0.402572 0.957514 2.99139 0.835464 3.88514 2.73758 3.90363 3.67544 3.93009 2.53399 2.48651 1.18075 2.4216 3.81334
threshold=0.92068019695446679 0.69876428824431691 1.9180532146883118 0.41108864876560652 3.4577004821989568 0.77616754639443275 0.3028536606897772 1.0503040833550623 1.9282429973692687 0.10169570923678638 2.2935517445652001 0.74963697024410536 0.77151714172423669 0.88003625273875874
decision_type=2 2 2 2 2 2 2 2 2 2 2 2 2 2
left_child=1 3 -3 11 10 -6 -7 -8 9 -9 -5 -1 -13 -14
right_child=-2 2 -4 4 5 6 7 8 -10 -11 -12 12 13 -15
leaf_value=0.00046024337574144072 0.0099385049966293285 -0.036882018575494134 0.021980350098009166 -0.0011946444167414035 0.0175272910678318 -0.040035606427672822 -0.02865184813074655 0.039981655449102399 -0.016759338192587816 -0.0006742031251592256 0.038987155042018592 -0.01295016389652371 0.039777684468042446 -0.0062517350967923714
leaf_weight=317.3078803755343 8.9447750374674779 5.0127977263182393 2.5479500517249107 5.6817799173295525 12.666158206760882 6.8332771938294163 7.5823748093098429 8.8007760904729384 8.4051874279975873 6.2402446735650292 10.575825128704308 46.750859897583723 5.3927864506840733 14.489935612305997
leaf_count=2804 60 100 20 52 85 66 73 65 53 44 67 352 40 119
internal_value=-1.42722e-05 -0.000229745 -0.0167951 8.46972e-05 0.00520304 -0.00175895 -0.00849588 -0.000516906 0.00938162 0.0241238 0.0256887 -0.000816828 -0.00681511 0.00753979
internal_weight=467.233 458.288 7.56075 450.727 66.7856 50.528 37.8619 31.0286 23.4462 15.041 16.2576 383.941 66.6336 19.8827
internal_count=4000 3940 120 3820 505 386 301 235 162 109 119 3315 511 159
is_linear=0
shrinkage=0.05


Tree=235
num_leaves=15
num_cat=0
split_feature=8 8 0 3 5 8 5 5 3 10 7 7 3 8
split_gain=0.410246 2.05172 1.3534 1.56125 0.599336 2.6951 1.94898 1.4421 1.24312 1.06073 2.53397 5.36214 3.766 3.07411
threshold=3.5596529960341701 3.3909490581701234 0.56034313373215017 0.12444660698502698 0.14478601744369324 0.86376401480928855 0.16325625146210107 0.093726828126129452 0.28425115746894003 60.118817472513271 0.89605414761918134 0.80310331809983515 0.25972064368768172 1.1527987886736428
decision_type=2 2 2 2 2 2 2 2 2 2 2 2 2 2
left_child=1 4 -2 -4 5 -1 -6 -7 -9 -8 11 12 -11 -12
right_child=2 -3 3 -5 6 7 9 8 -10 10 13 -13 -14 -15
leaf_value=0.018147206328269876 -0.0060962392181173296 -0.029477966999395644 -0.00068047637686475203 0.031342337492852208 0.023565713116430295 -0.035143659596554119 0.0021764384174397812 -0.020977332870055376 0.012982125166880833 -0.015491042996166044 0.023779937422225107 -0.047380195810198561 0.012187389326216923 -0.0015976781339216975
leaf_weight=6.1309941262006786 12.109478779137136 4.9762655179947606 7.2675607204437238 6.896791759878397 7.9216123297810546 6.4456167332828036 229.81212025228888 4.498563848435877 4.3510431870818138 31.214423565194011 12.431583141908048 7.8366471193730822 18.953589927405119 106.16128131188452
leaf_count=61 67 45 54 35 61 65 2029 57 29 340 100 86 123 848
internal_value=-1.30211e-05 -0.000380441 0.00593828 0.0159504 1.85794e-05 -0.0079432 0.000448439 -0.0188732 -0.00465778 -5.8893e-05 -0.00296368 -0.0114319 -0.00500025 0.00123915
internal_weight=467.008 440.734 26.2738 14.1644 435.757 21.4262 414.331 15.2952 8.84961 406.41 176.598 58.0047 50.168 118.593
internal_count=4000 3844 156 89 3799 212 3587 151 86 3526 1497 549 463 948
is_linear=0
shrinkage=0.05


Tree=236
num_leaves=15
num_cat=0
split_feature=5 5 8 6 4 3 3 4 4 9 4 0 5 7
split_gain=0.415886 2.23022 2.058 2.01653 0.825668 1.41021 1.13689 1.17776 4.04461 2.78489 1.65284 1.3236 1.88775 3.01772
threshold=0.10527662814937279 0.12714149291159862 0.95496840708102571 4.9824574318525174 0.016955959096977731 1.4965475861500288 1.0244632021558953 0.05804120500322834 0.051392773880666258 0.17724236030753632 0.070521770534622094 0.29467142722099288 0.76439707534467993 0.66566245858322681
decision_type=2 2 2 2 2 2 2 2 2 2 2 2 2 2
left_child=2 -2 -1 -4 -3 6 7 8 9 -6 -9 12 13 -12
right_child=1 4 3 -5 5 -7 -8 10 -10 -11 11 -13 -14 -15
leaf_value=0.033006858750534086 -0.032172364342355923 -0.017987275275242891 -0.026438360001123887 0.015593240357875383 0.021199618059012305 0.017102922821961363 -0.016892677105122385 -0.015945195083968095 0.037113349201352869 -0.017249649465301005 -0.015333139030945846 -0.0009264359610491737 -0.013275226272543718 0.017856792077249075
leaf_weight=4.3743052799254647 4.4187016375362864 5.2240563184022895 4.5765225719660503 4.9049424240365624 6.4695964083075586 11.217550128698347 8.8758266270160657 15.445720773190258 8.3021301403641683 11.794406723231075 7.6131053343415251 329.76766108814627 8.1776829883456212 35.595724526792765
leaf_count=40 48 31 43 45 41 63 67 106 49 74 54 3060 51 228
internal_value=-1.7799e-05 -0.000287193 0.00821445 -0.00528141 9.78341e-05 0.000350986 -0.000122453 0.000268296 0.0102621 -0.00323642 -0.000425264 0.000243738 0.00762754 0.0117944
internal_weight=466.758 452.902 13.8558 9.48146 448.483 443.259 432.042 423.166 26.5661 18.264 396.6 381.154 51.3865 43.2088
internal_count=4000 3872 128 88 3824 3793 3730 3663 164 115 3499 3393 333 282
is_linear=0
shrinkage=0.05


Tree=237
num_leaves=15
num_cat=0
split_feature=1 1 6 3 4 8 3 6 5 10 3 2 8 7
split_gain=0.412687 2.46729 2.43504 3.14594 1.63585 1.24243 0.945891 2.5909 0.900777 1.48564 1.08229 4.69359 3.1348 2.66032
threshold=0.025005484364163267 0.030548265437614328 2.8141725053648412 0.028905733210645514 0.11641120972548014 1.035950373637154 0.034853426557207488 5.7904713385141102 0.89173233703157118 58.246574369198136 0.10143681920717874 1.655260551998496 0.56019364602062838 0.47835723129937086
decision_type=2 2 2 2 2 2 2 2 2 2 2 2 2 2
left_child=2 -2 -1 5 -5 -4 7 -3 10 -10 11 12 -8 -14
right_child=1 6 3 4 -6 -7 8 -9 9 -11 -12 -13 13 -15
leaf_value=0.032617746331613615 -0.023761085176087344 -0.0069716728501232512 -0.00084586137219997402 -0.0025944127455011833 0.029492736522460275 -0.031736763103342211 -0.037405063216221487 0.036815670627219015 0.022292223217428436 -0.0055762740402113438 0.00069011913073024683 -0.029052871985205037 0.035429599901986873 -0.00019165458723201766
leaf_weight=5.5732487998902789 10.046458344906567 6.8026613090187293 5.6503744926303643 7.4237641245126706 7.1908617783337831 6.8623603619635105 4.2478825207799664 5.2351210750639439 10.04908010363579 7.8529494330286971 302.51027979422361 16.201254736632109 4.6909188237041226 66.2404575208202
leaf_count=49 112 69 63 56 57 79 49 41 57 54 2423 188 46 657
internal_value=-1.97968e-05 -0.000432826 0.00531057 -0.0012598 0.0140712 -0.0188823 0.000174775 0.0134342 -0.000244439 0.0104191 -0.000754246 -0.00549145 -9.92047e-05 0.00262389
internal_weight=466.578 433.877 32.7006 27.1274 14.6146 12.5127 423.831 12.0378 411.793 17.902 393.891 91.3805 75.1793 70.9314
internal_count=4000 3696 304 255 113 142 3584 110 3474 111 3363 940 752 703
is_linear=0
shrinkage=0.05


Tree=238
num_leaves=15
num_cat=0
split_feature=1 5 5 10 7 5 10 10 3 3 5 10 5 8
split_gain=0.413781 1.90044 0.818868 2.54422 3.46061 3.31939 3.1846 2.97067 2.64177 4.67022 2.44123 2.99844 2.35875 2.12008
threshold=0.011014792637687962 0.43207476286870022 0.54322250175606579 68.224282213779205 1.9993755296334037 0.48932009090120426 63.024458070434896 49.795058075211465 0.16400875552691405 0.27452542517664313 0.26699113272891756 75.471445172461458 0.31415008485926055 2.738683700458846
decision_type=2 2 2 2 2 2 2 2 2 2 2 2 2 2
left_child=1 -1 3 5 10 6 13 -7 -8 -10 11 -5 -12 -2
right_child=2 -3 -4 4 -6 7 8 -9 9 -11 12 -13 -14 -15
leaf_value=0.032290843124165851 -0.0018147966542140783 -0.011899533524577455 0.0019856247078028364 0.013243044905689989 -0.01821862739947187 0.0017223214670109368 -0.036036919364456695 -0.033155571398236806 0.026273726480522883 -0.026552095440829617 0.046471783458945128 -0.031807242774408252 0.012673174081896568 0.015664376717328111
leaf_weight=3.8313681986182919 111.56605567410588 4.1169582065194845 218.25913579389453 8.2543988805264217 10.29229264706373 9.1243859343230742 10.588905908167364 16.887501133605838 6.3708246480673543 8.7055168710648996 5.7817233838140956 5.1803774284198871 27.847183864563704 19.512316457927227
leaf_count=36 1077 44 1744 68 70 84 128 180 50 66 41 45 229 138
internal_value=-1.88315e-05 0.0106299 -0.000226222 -0.00223667 0.00687144 -0.00511699 -0.00231162 -0.0213104 -0.0180636 -0.00398367 0.0126232 -0.00512819 0.0196583 0.000886051
internal_weight=466.319 7.94833 458.371 240.111 57.356 182.756 156.744 26.0119 25.6652 15.0763 47.0637 13.4348 33.6289 131.078
internal_count=4000 80 3920 2176 453 1723 1459 264 244 116 383 113 270 1215
is_linear=0
shrinkage=0.05


Tree=239
num_leaves=15
num_cat=0
split_feature=10 7 1 5 6 8 8 5 1 1 8 8 8 9
split_gain=0.418994 0.631038 3.47628 3.17085 1.81337 1.36683 1.9215 1.23083 1.15328 3.82325 2.55432 2.58925 3.27643 4.51463
threshold=85.54697153277364 2.5361853257452496 0.13671629623139694 0.40664018490495296 5.1063403407137953 2.9185779747352361 2.738683700458846 0.37401178409149777 0.116360951576907 0.12261280205196425 2.4901529626427519 2.2871179010341067 1.9301053283473826 0.14704149439381961
decision_type=2 2 2 2 2 2 2 2 2 2 2 2 2 2
left_child=1 5 3 -3 -5 6 8 -7 -1 -10 11 12 -11 -14
right_child=-2 2 -4 4 -6 7 -8 -9 9 10 -12 -13 13 -15
leaf_value=0.0016364091969592492 -0.010743525836474919 -0.028042647645853343 0.028187873726674886 -0.012965804835398007 0.018723407596554338 0.0062911104792711496 0.019676011301490239 -0.019666853045856872 -0.03311468526307091 0.0015736436182927837 -0.031687890675040735 0.029317708302374425 0.012273413644903036 -0.043679858619987022
leaf_weight=255.88996901083738 7.937243351712822 8.0979685448110121 11.354877755045889 6.0831308532506254 11.906782120466231 5.8069671951234367 11.392806030809878 15.154644260182975 9.461722723208366 97.246713469736278 5.6790323080494991 6.1292486395686856 5.1395400166511527 8.7781646866351348
leaf_count=2291 67 63 58 42 66 47 75 119 109 841 51 46 45 80
internal_value=-2.13212e-05 0.000187443 0.00631971 -0.00388774 0.00788948 -0.000372055 0.000294472 -0.0125167 -0.00032323 -0.00409353 -0.0016115 0.000100283 -0.00175769 -0.0235797
internal_weight=466.059 458.122 37.4428 26.0879 17.9899 420.679 399.717 20.9616 388.324 132.434 122.973 117.294 111.164 13.9177
internal_count=4000 3933 229 171 108 3704 3538 166 3463 1172 1063 1012 966 125
is_linear=0
shrinkage=0.05


Tree=240
num_leaves=15
num_cat=0
split_feature=5 10 5 5 5 5 0 9 9 6 8 5 5 6
split_gain=0.399821 4.61179 2.08251 1.23486 1.75931 1.11049 1.01947 1.143 2.53855 6.34231 2.17602 2.41211 3.27828 4.22638
threshold=0.10527662814937279 57.157585316732117 0.14478601744369324 0.16325625146210107 0.1850085801896342 0.19990540758270112 2.0464055499858875 0.27393766491923949 0.25045297773873482 5.7165370275070364 0.52585424332697972 0.66352084176114645 0.58147815256776947 5.1715242470791614
decision_type=2 2 2 2 2 2 2 2 2 2 2 2 2 2
left_child=1 -1 -2 -4 -5 -6 7 8 -7 -10 -9 12 -12 -14
right_child=2 -3 3 4 5 6 -8 10 9 -11 11 -13 13 -15
leaf_value=-0.024711432525560042 -0.022810906461991361 0.030236773940483432 0.018087326888290959 -0.025061854343622143 0.019090348139475782 -0.00021545484205412742 -0.020592214808624266 0.022578193607831157 -0.036178743840876479 0.012219158490218925 0.0010872361935402514 -0.0074771839320817799 -0.0014686194526323992 0.039553838373950607
leaf_weight=5.540065484121441 9.0405042134225351 8.293512359261511 8.4606748279184085 5.9859261941164723 6.6678648255765429 217.61148924008012 4.9889082713052622 12.486412169411777 15.361819831654431 10.872205648571251 86.907937413081527 49.15420987457037 11.098731024190785 13.252413894981144
leaf_count=60 96 68 64 64 48 1978 54 82 138 86 716 359 89 98
internal_value=-2.89172e-05 0.00804873 -0.000293422 0.000216617 -0.000172198 0.000233132 -0.000109466 0.000184442 -0.00201753 -0.0164089 0.00328369 0.00165125 0.00571487 0.0215363
internal_weight=465.723 13.8336 451.889 442.849 434.388 428.402 421.734 416.745 243.846 26.234 172.9 160.413 111.259 24.3511
internal_count=4000 128 3872 3776 3712 3648 3600 3546 2202 224 1344 1262 903 187
is_linear=0
shrinkage=0.05


Tree=241
num_leaves=15
num_cat=0
split_feature=4 4 7 9 0 7 7 1 1 5 5 5 9 0
split_gain=0.408063 0.871189 2.79934 0.726467 2.50318 3.66888 4.75653 3.74411 4.88581 3.18908 1.04879 2.34478 2.3494 2.19725
threshold=0.92068019695446679 0.69876428824431691 1.9180532146883118 0.41108864876560652 1.2928268413610471 1.9282429973692687 1.4300128654581246 0.086859869860479402 0.056078946136468473 0.59853285797932376 0.74963697024410536 0.72344397443952024 0.20110048461875654 0.77151714172423669
decision_type=2 2 2 2 2 2 2 2 2 2 2 2 2 2
left_child=1 3 -3 10 5 6 7 8 -5 -9 11 -1 -13 -12
right_child=-2 2 -4 4 -6 -7 -8 9 -10 -11 13 12 -14 -15
leaf_value=-0.00058795751058608996 0.010010998245159199 -0.036202535638008973 0.020897811544664958 -0.010777668830954504 0.033333058988517759 -0.023939874626355717 0.033099300566011715 -0.032834446027461044 0.038298088577143674 0.0069152407253019205 -0.012354232854649655 0.036549544408112554 -0.0012311192185236431 0.0071899727836369654
leaf_weight=301.00976542476565 8.9057555943727476 4.8284229217097154 2.5813586637377739 9.5051025580614823 5.9177510738372794 10.538323562592266 12.225845212116836 11.237930025905372 9.0968578308820707 8.083747845143078 46.311357483267784 7.7374451924115402 7.6586324796080589 19.884138083085418
leaf_count=2691 60 100 20 89 47 70 81 96 64 58 352 57 56 159
internal_value=-2.91998e-05 -0.00024647 -0.0161908 5.19145e-05 0.00483082 0.00155623 0.00727723 -0.0016838 0.0139511 -0.0166822 -0.000790451 0.000413102 0.0188271 -0.00646381
internal_weight=465.522 456.617 7.40978 449.207 66.6056 60.6878 50.1495 37.9236 18.602 19.3217 382.601 316.406 15.3961 66.1955
internal_count=4000 3940 120 3820 505 458 388 307 153 154 3315 2804 113 511
is_linear=0
shrinkage=0.05


Tree=242
num_leaves=15
num_cat=0
split_feature=1 3 9 10 9 10 2 1 6 3 10 10 1 7
split_gain=0.409989 0.550067 3.81733 2.82803 2.0131 1.4995 1.33382 3.94676 2.13886 1.1897 1.43608 1.29781 2.34909 3.24976
threshold=0.27226951496038126 0.68747191236534866 0.42104528967429417 66.531255379753318 0.23111448301639501 52.423255801233992 6.314440056051513 0.083788213414799848 6.2878161462319033 0.50807413571571325 82.303359583099933 70.703827706972476 0.16217449476499177 0.940483024761953
decision_type=2 2 2 2 2 2 2 2 2 2 2 2 2 2
left_child=1 6 3 4 -3 -6 9 8 -8 10 11 12 -1 -14
right_child=-2 2 -4 -5 5 -7 7 -9 -10 -11 -12 -13 13 -15
leaf_value=-0.0023288081766232958 0.011431942444460445 -0.030614892118656669 0.026352143505354836 0.012334814811225281 0.011039403850774641 -0.019842480274401345 0.00979455534906188 0.037676165110254234 -0.02467988346813673 -0.014120826324518505 -0.017734519899120223 0.007457040600151313 0.027177825918351713 -0.0012841811384577018
leaf_weight=264.76069668587297 6.6836382746696463 15.74231816455722 6.9570020735263816 8.7078448683023435 7.0227586179971677 6.7817663587629795 11.7097550444305 8.2127858027815801 5.9769783429801455 14.14506848156452 9.8709145961329323 58.585260262712836 16.096565704792738 24.054579663090408
leaf_count=2498 45 125 34 50 39 46 75 45 40 116 89 463 133 202
internal_value=-2.25098e-05 -0.000213947 -0.00538779 -0.0116843 -0.0189351 -0.0044475 0.000363511 0.0111302 -0.00255286 -0.000382881 0.00017391 0.000707542 -0.000609433 0.0105094
internal_weight=465.308 458.624 45.2117 38.2547 29.5468 13.8045 413.413 25.8995 17.6867 387.513 373.368 363.497 304.912 40.1511
internal_count=4000 3955 294 260 210 85 3661 160 115 3501 3385 3296 2833 335
is_linear=0
shrinkage=0.05


Tree=243
num_leaves=15
num_cat=0
split_feature=9 9 9 6 9 9 9 7 10 10 8 10 3 4
split_gain=0.395742 2.8529 3.01023 2.40569 4.06964 3.29406 2.16293 3.65971 4.12442 3.05674 2.14158 2.00667 1.6329 4.04483
threshold=0.17724236030753632 0.15135656958634314 0.14629640003464708 5.1063403407137953 0.16418383898203201 0.163240176883546 0.22404009310652326 0.97534220818738759 57.042034514181445 65.631314105011782 0.71084269982251291 56.021420243038605 0.21544094682181497 0.11641120972548014
decision_type=2 2 2 2 2 2 2 2 2 2 2 2 2 2
left_child=1 2 12 4 -3 -5 7 8 10 -9 -2 -7 13 -1
right_child=6 3 -4 5 -6 11 -8 9 -10 -11 -12 -13 -14 -15
leaf_value=-0.040587927882740488 0.0015609122029317916 0.046360790876119648 -0.035079743091775417 -0.023694582334756215 0.001188368412508394 0.035176065552974083 0.00077158795471002762 -0.032304860697317694 -0.01548210356756222 0.0023818451836998488 0.047547606779667066 -0.0033790916549374279 0.0067810935778358618 -0.00083215486787825688
leaf_weight=6.1623857431113711 4.488125931471588 9.94423930719495 5.4363461695611468 7.2967625148594406 9.2573891133069974 5.8958545066416246 255.56277045235038 19.755642510950569 10.338554318994282 8.9642188102006894 5.0235435999929905 6.2972049862146378 50.168329825624824 60.375641302205622
leaf_count=59 42 73 64 61 71 38 2048 220 111 86 53 45 378 651
internal_value=-1.94862e-05 0.00197923 -0.00179132 0.0136275 0.0257194 0.00104065 -0.00107949 -0.0106384 0.00572785 -0.0217624 0.0280613 0.0165171 4.41505e-05 -0.00506056
internal_weight=464.967 160.834 122.143 38.6915 19.2016 19.4898 304.133 48.5701 19.8502 28.7199 9.51167 12.1931 116.706 66.538
internal_count=4000 1440 1152 288 144 144 2560 512 206 306 95 83 1088 710
is_linear=0
shrinkage=0.05


Tree=244
num_leaves=15
num_cat=0
split_feature=8 7 7 7 9 3 2 9 5 5 5 4 4 10
split_gain=0.403188 3.59641 2.88692 2.26312 2.4708 2.05343 3.5271 2.92174 2.57747 2.186 2.93691 2.69909 2.94227 5.63316
threshold=1.0871034161698543 0.98914883206733639 0.82489495591642736 0.90124515453082876 0.26118034449004113 0.034853426557207488 0.8357314142459572 0.080116011317078087 0.58147815256776947 0.74700280258052076 0.79253384287244266 0.44905903591933433 0.15206668502282408 47.85827872978782
decision_type=2 2 2 2 2 2 2 2 2 2 2 2 2 2
left_child=1 5 -2 4 -4 8 -7 -8 -1 11 -11 12 -9 -14
right_child=2 -3 3 -5 -6 6 7 9 -10 10 -12 -13 13 -15
leaf_value=0.037031111938862681 0.026861199981055617 -0.03471703668236098 -0.04340137595410485 0.00091583822590591158 0.0054854951551638271 -0.040455989332631205 -0.026552149131049092 -0.0086718355641981736 -0.0063457961879529682 0.044221855675410357 0.0043307606712087252 -0.028948273941602033 0.037543247292547495 -0.00098534931187713431
leaf_weight=6.7892136797308904 9.4363444335758668 7.0208947733044615 5.0713465474545938 293.86889221053571 4.1502092182636261 4.7632156293839207 8.9125791788101179 41.768772002309561 5.6604717504233122 5.413954475894573 17.377792574465275 7.2822656938806167 11.953340549021958 35.26898948661983
leaf_count=78 74 73 53 2409 35 59 127 327 51 45 126 93 107 343
internal_value=-2.22252e-05 -0.0021244 0.00100512 0.000114436 -0.0230154 -0.000321642 -0.00219229 -0.00046552 0.0183036 0.00169207 0.0152669 -0.00164555 0.000885522 0.00934366
internal_weight=464.738 152.211 312.527 303.09 9.22156 145.191 132.741 127.978 12.4497 119.065 22.7917 96.2734 88.9911 47.2223
internal_count=4000 1429 2571 2497 88 1356 1227 1168 129 1041 171 870 777 450
is_linear=0
shrinkage=0.05


Tree=245
num_leaves=15
num_cat=0
split_feature=4 4 5 1 6 12 1 1 5 3 3 8 8 4
split_gain=0.418815 3.36126 2.91288 2.32175 2.25755 2.60269 1.83468 2.97067 2.83301 2.69764 2.41329 1.65191 3.9081 2.72398
threshold=0.11138482515786145 0.11942568647881301 0.82296395648456155 0.087495174321198646 2.8742296276385964 1.0000000180025095e-35 0.13574870935893904 0.10550133522831116 0.614624645128793 0.53739319005095709 0.85456966039092375 1.7303914446491813 1.251206640825214 0.078020528437538123
decision_type=2 2 2 2 2 2 2 2 2 2 2 2 2 2
left_child=2 3 4 -2 -1 6 7 9 10 11 -8 12 13 -6
right_child=1 -3 -4 -5 5 -7 8 -9 -10 -11 -12 -13 -14 -15
leaf_value=0.014188120730527238 -0.0018933981412518508 -8.0283405147564606e-06 0.023440724012077988 -0.046859345189913616 -0.036840486700539209 0.018570685513680317 0.036942281798512604 -0.031504824873520937 -0.019448780918756594 0.014439181592399661 -5.0278659452316656e-05 -0.023316716309168886 0.029681127272203203 0.0050434648174114477
leaf_weight=21.041764203459024 5.2339630089700204 323.04745667800307 13.575096748769282 5.6027310527861118 6.7338257431983966 10.774955935776232 6.7756984010338845 12.873019296675919 7.2762956395745269 12.208753123879431 10.17565022036433 16.129847194999456 5.7601563893258563 7.3712651431560516
leaf_count=147 47 3024 78 49 51 61 51 94 54 71 65 107 42 59
internal_value=-2.75595e-05 -0.000966915 0.00236129 -0.0271362 -0.000259711 -0.0035374 -0.00651273 -0.0110799 0.00498367 -0.00509588 0.0159704 -0.0119329 -0.00201525 -0.0160673
internal_weight=464.58 333.884 130.696 10.8367 117.121 96.0795 85.3045 61.0769 24.2276 48.2038 16.9513 35.9951 19.8652 14.1051
internal_count=4000 3120 880 96 802 655 594 424 170 330 116 259 152 110
is_linear=0
shrinkage=0.05


Tree=246
num_leaves=15
num_cat=0
split_feature=10 5 5 9 10 2 2 10 8 9 8 9 0 5
split_gain=0.404749 1.58433 1.92061 2.17686 1.92767 2.09137 1.21162 0.882448 0.848208 0.789547 1.42812 1.36995 1.33143 1.09713
threshold=41.311665397692572 0.65486608693327286 0.60656181182034208 0.12697384134929768 37.262825151714971 2.7266352508887715 3.6588126424365832 41.871975660876984 1.5993106378151696 0.56966829355115245 1.444164243819954 0.49403275900633642 0.37382901664790397 0.10527662814937279
decision_type=2 2 2 2 2 2 2 2 2 2 2 2 2 2
left_child=1 2 3 -1 5 -5 -3 -2 -6 11 -11 13 -13 -9
right_child=7 6 -4 4 8 -7 -8 9 -10 10 -12 12 -14 -15
leaf_value=0.020713205761260473 0.020586862421339017 -0.032387273755051342 0.027302327566574781 0.021299029275562348 -0.03971696916025786 -0.016512748252517358 0.00098984122043244919 0.014607796687617356 -0.0080897802214583044 -0.0031625536669358926 0.028178634616675292 0.0045856274038355198 -0.03034034713324937 -0.00021402262896685366
leaf_weight=5.8278153799474266 4.36986488290131 6.5082020834088308 4.7898142188787451 5.9362236168235558 5.0886458624154312 6.7411512732505798 4.1720135286450386 11.906941321678458 4.2236258517950773 7.3364463597536069 5.8709288258105516 4.0142066739499551 6.2118239644914865 381.38208435010165
leaf_count=60 32 73 34 62 64 52 30 107 41 55 33 28 78 3251
internal_value=-3.01637e-05 -0.00457743 0.0010512 -0.00425948 -0.011491 0.00145548 -0.0203807 0.000447024 -0.0275478 0.000187054 0.011772 -0.000220294 -0.017443 0.000270623
internal_weight=464.38 43.2875 32.6073 27.8175 21.9896 12.6774 10.6802 421.092 9.31227 416.722 13.2074 403.515 10.226 393.289
internal_count=4000 416 313 279 219 114 103 3584 105 3552 88 3464 106 3358
is_linear=0
shrinkage=0.05


Tree=247
num_leaves=15
num_cat=0
split_feature=0 2 8 8 8 2 5 3 8 5 9 8 5 5
split_gain=0.379563 2.05965 1.78399 4.05322 6.74321 4.46011 3.3274 2.61302 1.71022 2.08309 4.38652 4.04116 2.56292 1.58608
threshold=0.30886263692055654 4.5940636938931521 2.2515463788916983 1.5205062833678531 1.3267044699702824 6.314440056051513 0.52363007044677856 0.72946669507894113 0.52585424332697972 0.55202222165683812 0.29819173601065546 1.0219147159143833 0.67350238331922097 0.42125965972943913
decision_type=2 2 2 2 2 2 2 2 2 2 2 2 2 2
left_child=1 13 3 4 8 -5 -4 -7 -3 10 11 -10 -11 -1
right_child=-2 2 6 5 -6 7 -8 -9 9 12 -12 -13 -14 -15
leaf_value=0.030936729799106305 -0.00092616523259880063 0.015024717212926498 -0.0078774826626618662 -0.047824494771015878 0.045016730062515248 0.016175167227039416 0.027518811867556465 -0.020623044442941562 -0.0063558159818411179 -0.043183595663980813 -0.026639696085433553 0.043098374955805166 -0.0045474380402301421 0.004623646977749544
leaf_weight=8.7998189330101031 333.11756838019937 8.9542156271636468 12.08314184844494 8.4949756003916281 7.2971212565898886 7.5033873952925232 12.849734026938675 10.245302669703959 8.2819854430854338 6.504651419818404 7.7933759689331046 6.8250671066343775 10.660000678151844 14.819419477134941
leaf_count=57 3136 55 73 66 45 48 70 68 63 52 53 44 73 97
internal_value=-2.91417e-05 0.00223969 -0.000741313 -0.00429025 0.00331437 -0.0201317 0.0107225 -0.00503335 -0.00366941 -0.00811153 0.00184098 0.0172752 -0.0207602 0.0152855
internal_weight=464.23 131.112 107.493 82.5601 56.3164 26.2437 24.9329 17.7487 49.0193 40.0651 22.9004 15.1071 17.1647 23.6192
internal_count=4000 864 710 567 385 182 143 116 340 285 160 107 125 154
is_linear=0
shrinkage=0.05


Tree=248
num_leaves=15
num_cat=0
split_feature=1 5 5 5 6 8 6 8 4 1 8 6 0 2
split_gain=0.391657 1.66548 0.724727 1.44256 2.49361 1.79025 1.72417 1.68941 2.55496 1.27449 2.03468 2.83095 1.78033 5.0958
threshold=0.011014792637687962 0.43207476286870022 0.54322250175606579 0.48932009090120426 3.6673051334950606 2.2871179010341067 2.5682190198983568 1.3191757917836138 0.25728957440104533 0.060106784211649965 0.9908410846349851 3.558339385128273 1.1964245518873156 1.227671507715874
decision_type=2 2 2 2 2 2 2 2 2 2 2 2 2 2
left_child=1 -1 3 9 6 7 -5 8 -6 10 11 -2 13 -11
right_child=2 -3 -4 4 5 -7 -8 -9 -10 12 -12 -13 -14 -15
leaf_value=0.030259388574556963 -0.020665581299191441 -0.011139662972111984 0.0018533338188650821 -0.0048080124022329227 -0.016151240470500209 0.017862400457039115 -0.049392967666003873 -0.02982762976106948 0.027612162019226325 -0.042117430517467372 -0.014165178149244499 0.020575002958238567 0.015670772751634528 0.0019119679764812419
leaf_weight=3.9083069097250691 5.3757310323417213 4.0351486429572105 217.43172588385642 3.7381029985845071 7.787546178326016 6.5027087647467843 5.0794159006327391 6.3515561800450078 4.3752507641911507 5.9213224397972217 34.134338241070509 11.195162561722098 18.990883481688797 129.05352964811027
leaf_count=36 57 44 1744 43 70 50 52 75 44 79 351 112 192 1051
internal_value=-2.72689e-05 0.0103352 -0.00023003 -0.00212912 -0.0115354 -0.00302765 -0.0329066 -0.0109041 0.000493248 -0.000525618 -0.00732086 0.00678152 0.00174505 -0.000315133
internal_weight=463.881 7.94346 455.937 238.506 33.8346 25.0171 8.81752 18.5144 12.1628 204.671 50.7052 16.5709 153.966 134.975
internal_count=4000 80 3920 2176 334 239 95 189 114 1842 520 169 1322 1130
is_linear=0
shrinkage=0.05


Tree=249
num_leaves=15
num_cat=0
split_feature=10 13 5 5 8 7 10 13 10 6 7 4 4 4
split_gain=0.381311 1.59529 1.87326 2.3664 1.3271 2.38682 1.28992 0.883491 1.91821 2.14544 1.98214 4.51491 4.31831 3.4197
threshold=41.311665397692572 3.0000000000000004 0.55202222165683812 0.31415008485926055 2.0678471983292375 0.81035054302054033 36.107238195663093 3.0000000000000004 46.7264048940918 7.6723769359671525 0.41934949100848629 0.29891934761503597 0.21480742512458567 0.11138482515786145
decision_type=2 2 2 2 2 2 2 2 2 2 2 2 2 2
left_child=1 2 3 -1 5 -4 -5 8 9 -2 11 12 13 -10
right_child=7 -3 4 6 -6 -7 -8 -9 10 -11 -12 -13 -14 -15
leaf_value=-0.013783228697863366 0.016890585788063763 -0.020892679109668914 0.006973072733697518 0.0050320771453808543 0.0086045541070030977 -0.039271479744308585 0.037251085015776918 0.0042347590380255309 0.025820371524025939 -0.011593193714346457 -0.0036241883954050702 -0.029445822326436569 0.053111382644711415 -0.023666211037725891
leaf_weight=5.5695351548492935 26.056924095377326 10.065816104412077 4.2182549946010095 5.9676011968404037 4.9296302814036599 5.9651031345129013 6.411475732922554 110.94123904407024 6.7868392318487221 7.9630895722657433 252.85894708428532 4.4397831782698622 6.1979373134672633 5.3467673268169165
leaf_count=67 209 91 41 55 37 64 61 713 45 67 2391 58 51 50
internal_value=-3.58089e-05 -0.00445795 0.00101219 0.0116419 -0.011551 -0.021205 0.0232562 0.000427135 -0.000946297 0.0100827 -0.00233909 0.0114831 0.0224063 0.00387214
internal_weight=463.719 43.1274 33.0616 17.9486 15.113 10.1834 12.3791 420.592 309.65 34.02 275.63 22.7713 18.3315 12.1336
internal_count=4000 416 325 183 142 105 116 3584 2871 276 2595 204 146 95
is_linear=0
shrinkage=0.05


end of trees

feature_importances:
Column_9=442
Column_5=361
Column_10=346
Column_6=343
Column_1=317
Column_8=306
Column_7=280
Column_4=240
Column_3=236
Column_2=230
Column_0=220
Column_13=103
Column_11=41
Column_12=35

parameters:
[boosting: gbdt]
[objective: binary]
[metric: binary_logloss]
[tree_learner: serial]
[device_type: cpu]
[data_sample_strategy: bagging]
[data: ]
[valid: ]
[num_iterations: 250]
[learning_rate: 0.05]
[num_leaves: 15]
[num_threads: 5]
[seed: 0]
[deterministic: 0]
[force_col_wise: 0]
[force_row_wise: 0]
[histogram_pool_size: -1]
[max_depth: -1]
[min_data_in_leaf: 40]
[min_sum_hessian_in_leaf: 0.001]
[bagging_fraction: 0.85]
[pos_bagging_fraction: 1]
[neg_bagging_fraction: 1]
[bagging_freq: 0]
[bagging_seed: 3]
[bagging_by_query: 0]
[feature_fraction: 0.85]
[feature_fraction_bynode: 1]
[feature_fraction_seed: 2]
[extra_trees: 0]
[extra_seed: 6]
[early_stopping_round: 0]
[early_stopping_min_delta: 0]
[first_metric_only: 0]
[max_delta_step: 0]
[lambda_l1: 0]
[lambda_l2: 1]
[linear_lambda: 0]
[min_gain_to_split: 0]
[drop_rate: 0.1]
[max_drop: 50]
[skip_drop: 0.5]
[xgboost_dart_mode: 0]
[uniform_drop: 0]
[drop_seed: 4]
[top_rate: 0.2]
[other_rate: 0.1]
[min_data_per_group: 100]
[max_cat_threshold: 32]
[cat_l2: 10]
[cat_smooth: 10]
[max_cat_to_onehot: 4]
[top_k: 20]
[monotone_constraints: ]
[monotone_constraints_method: basic]
[monotone_penalty: 0]
[feature_contri: ]
[forcedsplits_filename: ]
[refit_decay_rate: 0.9]
[cegb_tradeoff: 1]
[cegb_penalty_split: 0]
[cegb_penalty_feature_lazy: ]
[cegb_penalty_feature_coupled: ]
[path_smooth: 0]
[interaction_constraints: ]
[verbosity: -1]
[saved_feature_importance_type: 0]
[use_quantized_grad: 0]
[num_grad_quant_bins: 4]
[quant_train_renew_leaf: 0]
[stochastic_rounding: 1]
[linear_tree: 0]
[max_bin: 255]
[max_bin_by_feature: ]
[min_data_in_bin: 3]
[bin_construct_sample_cnt: 200000]
[data_random_seed: 1]
[is_enable_sparse: 1]
[enable_bundle: 1]
[use_missing: 1]
[zero_as_missing: 0]
[feature_pre_filter: 1]
[pre_partition: 0]
[two_round: 0]
[header: 0]
[label_column: ]
[weight_column: ]
[group_column: ]
[ignore_column: ]
[categorical_feature: ]
[forcedbins_filename: ]
[precise_float_parser: 0]
[parser_config_file: ]
[objective_seed: 5]
[num_class: 1]
[is_unbalance: 0]
[scale_pos_weight: 1]
[sigmoid: 1]
[boost_from_average: 1]
[reg_sqrt: 0]
[alpha: 0.9]
[fair_c: 1]
[poisson_max_delta_step: 0.7]
[tweedie_variance_power: 1.5]
[lambdarank_truncation_level: 30]
[lambdarank_norm: 1]
[label_gain: ]
[lambdarank_position_bias_regularization: 0]
[eval_at: ]
[multi_error_top_k: 1]
[auc_mu_weights: ]
[num_machines: 1]
[local_listen_port: 12400]
[time_out: 120]
[machine_list_filename: ]
[machines: ]
[gpu_platform_id: -1]
[gpu_device_id: -1]
[gpu_device_id_list: ]
[gpu_use_dp: 0]
[num_gpu: 1]

end of parameters

pandas_categorical:null
